timestamp,latitude,longitude,event_type,severity
2026-09-06T07:53:23,-69.96040773017754,86.95817991353982,LOGOUT,LOW
2026-02-24T04:35:15,42.56481854952224,63.61181547224808,UPLOAD,LOW
2026-08-18T07:47:20,-14.054072456651326,-169.27300100229468,LOGOUT,LOW
2026-07-16T06:15:09,18.363371228996456,22.04822265790068,UPLOAD,HIGH
2026-03-27T14:39:19,-9.14237166890635,-79.85134503696142,LOGIN,LOW
2026-09-29T03:07:50,-13.929408332369547,-79.96631699820894,LOGOUT,HIGH
2026-02-09T16:40:07,-73.30574819157337,-145.18210433995296,PURCHASE,CRITICAL
2026-04-13T17:30:47,55.28308918938845,82.70344320977443,UPLOAD,LOW
2026-12-25T04:24:57,-21.863812102496368,18.734627258361712,UPLOAD,HIGH
2026-08-13T05:18:43,-55.388053753801216,-154.96014642345327,LOGOUT,HIGH
2026-01-31T23:42:54,63.95718978272643,131.93412003189707,ERROR,HIGH
2026-06-26T02:05:25,24.423199967592026,-48.660415570769686,PURCHASE,HIGH
2026-03-23T08:44:49,30.631531387984808,72.65531284507847,LOGIN,CRITICAL
2026-09-04T14:25:35,-59.19504332434254,82.48564726212572,LOGOUT,HIGH
2026-05-28T08:46:51,-41.409391178829964,153.1408246636384,UPLOAD,LOW
2026-09-23T21:04:02,-31.629107805242064,96.59288793325396,LOGIN,LOW
2026-11-16T03:45:19,-84.2219560972732,-66.4369026987305,PURCHASE,LOW
2026-03-23T22:30:09,74.36450235339811,24.184818532260806,PURCHASE,LOW
2026-09-12T13:07:52,-0.13837329139008148,138.4859353992129,ERROR,LOW
2026-04-13T20:51:43,-64.86654248540887,88.19603355297835,UPLOAD,HIGH
2026-10-18T02:40:24,15.225478240237294,143.2162380968917,ERROR,HIGH
2026-03-27T04:13:03,89.51864003804897,-130.20057183929188,ERROR,LOW
2026-10-21T12:24:01,-81.51905242354778,-140.5263130737627,LOGOUT,CRITICAL
2026-06-13T22:48:57,17.353625531755284,-41.48376779717998,UPLOAD,HIGH
2026-07-25T11:42:11,-44.74545840327363,19.161322637503503,LOGIN,CRITICAL
2026-10-07T21:36:51,-69.38068626293641,138.52384204647922,PURCHASE,CRITICAL
2026-05-13T02:39:54,-69.92060875274224,-23.484509759122204,ERROR,LOW
2026-10-08T10:23:08,67.65352926807492,-85.17994172960732,UPLOAD,LOW
2026-07-17T03:56:10,74.27301108206768,133.38668514123606,PURCHASE,CRITICAL
2026-07-17T03:45:39,19.614638058871023,-124.97786332213147,LOGOUT,CRITICAL
2026-10-30T09:19:29,76.03813451128946,150.6576579824528,UPLOAD,HIGH
2026-07-09T18:08:07,-86.49418637055018,154.47550185526217,PURCHASE,LOW
2026-01-23T11:54:06,-46.64311335949804,24.2484997280076,LOGIN,LOW
2026-10-12T05:52:23,-2.521716603009523,-155.0834933513819,UPLOAD,LOW
2026-02-19T20:41:42,28.755148094526135,160.86552469379671,LOGOUT,HIGH
2026-07-24T22:16:34,67.03794739534635,-27.670341527680705,LOGOUT,CRITICAL
2026-10-21T07:34:54,41.38759243619572,-107.58561717970947,PURCHASE,HIGH
2026-09-18T20:34:34,26.97805037510163,-22.283969790778542,UPLOAD,HIGH
2026-02-16T23:50:27,-45.37698954011857,-156.95067732251584,LOGIN,CRITICAL
2026-08-04T02:55:22,-48.57934813261614,-100.7217415974386,LOGIN,CRITICAL
2026-09-03T02:18:21,-79.4027219622618,-155.7358818802893,LOGIN,HIGH
2026-01-28T12:26:18,2.548101565546034,-79.74818497276308,ERROR,LOW
2026-07-29T10:01:28,-66.1838672294955,156.78512660904158,UPLOAD,CRITICAL
2026-07-03T13:36:47,-46.26049636876959,-9.729740539946278,ERROR,LOW
2026-02-06T15:10:48,-72.5524534388118,-24.821574333704092,ERROR,HIGH
2026-07-01T08:59:07,65.49061470652859,-160.49837259641862,LOGIN,LOW
2026-06-06T08:42:08,41.07844591941287,108.21330391021155,LOGIN,LOW
2026-03-16T09:44:56,-55.762396480653926,-18.499122780072526,ERROR,LOW
2026-04-19T04:13:44,-6.72694768782587,134.81494346540876,LOGIN,HIGH
2026-11-10T19:18:47,65.04283885712951,18.1171124819453,LOGIN,CRITICAL
2026-07-29T22:38:41,60.48496531439133,168.83865262251044,LOGOUT,LOW
2026-06-07T20:03:12,-2.584597418870672,-103.0509722882946,ERROR,LOW
2026-03-05T22:31:45,-21.784838584155096,174.71118376070132,PURCHASE,HIGH
2026-04-21T18:42:55,-13.85865252177068,164.63435070948236,UPLOAD,CRITICAL
2026-10-07T00:03:01,-2.3991459022206953,-111.63676778365063,LOGOUT,LOW
2026-08-13T22:21:05,42.43269218202781,-158.0552742684543,PURCHASE,LOW
2026-01-20T11:21:37,15.151967002614825,1.0261378510248846,UPLOAD,LOW
2026-01-23T02:09:21,82.94020258940105,-151.15987251338873,LOGOUT,LOW
2026-08-20T02:07:45,-77.7670445923637,130.25491270924658,ERROR,LOW
2026-12-12T18:04:45,12.541573824873282,28.410860702595812,LOGIN,CRITICAL
2026-02-01T20:08:26,-14.53951523954295,30.122024144840907,UPLOAD,HIGH
2026-12-30T00:05:37,-43.06217479134609,61.10135091713852,PURCHASE,LOW
2026-04-14T03:42:24,-18.75854757757419,61.80848026558965,PURCHASE,HIGH
2026-05-03T18:59:06,77.22329970699255,156.86434348013643,LOGIN,HIGH
2026-08-30T05:37:25,89.72179935379961,178.594721227834,LOGIN,CRITICAL
2026-03-24T18:44:31,1.0592449287777583,-132.31563466807177,PURCHASE,LOW
2026-12-08T11:23:33,-46.028805028536354,-77.40453916200357,ERROR,CRITICAL
2026-10-01T05:28:02,-35.54691426379982,174.1871916905336,UPLOAD,LOW
2026-09-17T08:56:10,57.0787443207831,-72.22364920800796,LOGIN,LOW
2026-04-13T17:00:03,-69.2228393245616,-141.46704802460965,UPLOAD,LOW
2026-04-16T18:28:09,-39.28387113757903,-104.1733242695005,PURCHASE,LOW
2026-09-24T23:56:15,24.162832599314356,-84.96579541305262,ERROR,HIGH
2026-12-18T14:20:51,73.46862831934294,-161.71239828148896,ERROR,HIGH
2026-01-18T02:55:06,-89.36177596419918,97.60292028706573,PURCHASE,LOW
2026-10-15T20:46:22,-10.469607865046896,74.04028083359665,UPLOAD,LOW
2026-02-13T10:44:24,-76.45610518672193,137.91830158805146,LOGOUT,CRITICAL
2026-01-14T23:48:23,60.227103579483014,29.70344393632584,LOGOUT,HIGH
2026-02-19T11:52:42,-82.47080552960558,-48.725454482187814,LOGIN,HIGH
2026-03-23T14:03:18,32.772003895903765,60.096027828795485,PURCHASE,CRITICAL
2026-12-10T08:43:57,67.4482902373964,170.58132814942405,LOGOUT,LOW
2026-12-02T18:42:33,-60.74968192192105,107.95933076648276,LOGOUT,HIGH
2026-01-10T15:01:32,-57.71508058472274,152.81542628695644,ERROR,CRITICAL
2026-12-02T13:39:37,42.31035698901769,-90.65979319773574,LOGOUT,CRITICAL
2026-02-11T23:31:27,-21.142489932551825,-166.05914124031688,ERROR,LOW
2026-03-19T12:09:12,56.9855890074472,-14.290835515580852,PURCHASE,LOW
2026-03-28T13:47:53,-85.74040175373872,-110.47327620202488,PURCHASE,HIGH
2026-12-02T16:21:12,-77.50426416069241,98.39758947852994,PURCHASE,CRITICAL
2026-07-17T20:00:18,-18.05789081518904,173.21388739137365,UPLOAD,HIGH
2026-12-31T18:19:28,-85.03190367846554,135.7338281672017,PURCHASE,LOW
2026-08-14T11:29:18,83.25617683707998,-84.4321094917313,LOGIN,CRITICAL
2026-06-18T18:25:40,-27.77631989763595,103.11414415332547,ERROR,CRITICAL
2026-07-18T14:48:30,-69.18375887472052,143.82170384803186,LOGOUT,HIGH
2026-01-18T05:42:44,37.581351090150704,-179.39113984129338,UPLOAD,CRITICAL
2026-10-07T09:34:24,79.24736167155959,85.33356965650813,LOGOUT,HIGH
2026-06-17T11:58:59,-77.40471399726417,59.12556656805805,PURCHASE,CRITICAL
2026-05-02T21:54:21,29.40974572779797,-135.1348863608276,PURCHASE,CRITICAL
2026-05-01T02:44:31,30.040722739031338,-62.57415425133604,PURCHASE,CRITICAL
2026-02-19T10:24:29,-55.46878326177345,59.374596316597746,ERROR,CRITICAL
2026-10-18T13:07:10,72.50499823186487,41.585369742496994,PURCHASE,HIGH
2026-08-01T19:08:41,60.07053047473036,-70.60501826339264,LOGOUT,HIGH
2026-11-02T03:48:11,14.397260615222763,55.69402453310579,ERROR,HIGH
2026-06-21T17:13:40,31.612901974217976,4.022638874851339,LOGOUT,CRITICAL
2026-02-02T22:21:06,-38.91844710125506,58.98738106979954,UPLOAD,HIGH
2026-02-06T06:25:54,57.31622361659956,90.40972951466358,PURCHASE,LOW
2026-11-10T05:42:39,-54.156612109216205,-171.20686041834253,LOGOUT,HIGH
2026-08-26T09:29:10,62.95278503245174,-153.78183749355512,ERROR,CRITICAL
2026-08-12T13:38:30,-55.00165738685232,70.68753017658176,ERROR,HIGH
2026-04-05T18:05:59,-63.43715788356632,67.54406870898703,LOGIN,HIGH
2026-03-26T23:44:50,-58.340397292824306,164.86777522063431,UPLOAD,HIGH
2026-01-20T12:04:09,10.33304292601116,150.2892052039585,LOGIN,HIGH
2026-02-21T18:48:37,54.254988310007604,60.32798373108713,UPLOAD,CRITICAL
2026-05-04T05:25:52,81.00712951976806,140.91333329175734,UPLOAD,CRITICAL
2026-12-13T10:13:54,0.8600696683923559,119.0049010997094,UPLOAD,HIGH
2026-12-15T10:35:08,-61.35157664226013,130.13816752197442,ERROR,HIGH
2026-10-19T23:04:03,-45.49684724826128,49.55811723941625,UPLOAD,HIGH
2026-09-01T09:43:07,-46.93574451336608,-21.645866424635045,PURCHASE,LOW
2026-04-16T12:34:06,-29.54744340816349,141.48965980451408,LOGIN,LOW
2026-02-28T13:50:37,-48.37293364892638,69.82193242765882,LOGOUT,LOW
2026-06-11T02:50:56,-16.632113460014395,15.34001058140953,ERROR,LOW
2026-03-22T07:50:10,59.920410481287774,-39.788347439901145,UPLOAD,CRITICAL
2026-01-08T14:03:03,64.21176581470817,95.61404740250504,ERROR,HIGH
2026-01-03T06:57:19,79.69349833813743,-72.49944514594196,ERROR,HIGH
2026-07-29T00:34:45,44.552820416049144,16.60763150418208,UPLOAD,LOW
2026-07-09T14:37:42,-50.50410576814149,-23.09904862321082,LOGIN,HIGH
2026-05-11T12:57:15,30.397251712125083,107.331236791268,LOGOUT,HIGH
2026-12-24T02:44:56,-67.02699648939108,44.0125059506633,LOGIN,HIGH
2026-08-18T20:50:25,11.590556944459337,-170.24326331748753,ERROR,LOW
2026-12-03T15:38:24,-6.894280070727888,-161.89753194409408,ERROR,HIGH
2026-03-24T04:49:00,-8.154121497033216,-58.499802693406565,ERROR,HIGH
2026-10-20T01:14:22,81.2167415749011,-28.236662366854063,LOGIN,HIGH
2026-01-08T12:39:55,44.824366994913134,-161.24918103242803,PURCHASE,LOW
2026-09-10T11:46:55,-77.6486933185015,164.6228169994926,LOGIN,LOW
2026-04-07T00:50:50,-54.11507717474408,-172.66319376468036,LOGOUT,LOW
2026-02-19T00:27:53,-4.759009029696955,-138.81979940064963,LOGOUT,HIGH
2026-09-29T15:29:09,-43.87613461880641,-47.1977372437411,UPLOAD,CRITICAL
2026-10-18T11:10:20,39.30430114728148,100.00507902315576,LOGOUT,HIGH
2026-02-11T23:33:12,14.163251851663844,154.39938062656375,UPLOAD,CRITICAL
2026-12-19T15:25:01,82.47111087706128,-37.20440105401417,LOGOUT,LOW
2026-08-18T22:45:07,34.31059486793646,45.807262416376005,LOGIN,CRITICAL
2026-10-28T00:02:37,-35.715116612219944,66.33325409999622,LOGIN,CRITICAL
2026-10-31T22:41:24,-82.6075565628955,11.788288311780093,PURCHASE,LOW
2026-07-16T11:53:46,26.55778573022492,-175.4452259402929,ERROR,HIGH
2026-02-10T23:41:36,-11.965787761347286,-49.6123061417741,ERROR,CRITICAL
2026-03-01T09:58:51,-11.612313898618126,84.16630944482108,PURCHASE,CRITICAL
2026-11-10T20:57:45,75.53117824249804,98.87092213376684,ERROR,HIGH
2026-11-17T16:24:15,41.58471857492202,-83.37760630227888,LOGOUT,LOW
2026-04-19T07:47:58,68.69361312049895,-92.20916189125585,ERROR,CRITICAL
2026-08-26T00:42:13,30.27392468018884,-58.897216839104914,ERROR,HIGH
2026-03-12T14:52:13,-2.2410121695580187,-52.2630121766057,PURCHASE,HIGH
2026-04-19T14:36:21,68.45759635648056,72.42615011959256,PURCHASE,CRITICAL
2026-01-04T22:36:54,2.992905308688151,-111.21968753024441,LOGOUT,CRITICAL
2026-06-07T20:11:04,-2.0559875672182812,92.93927525368792,ERROR,CRITICAL
2026-10-04T10:51:07,-1.6521596858544854,105.4558325276343,LOGIN,HIGH
2026-03-28T01:25:41,-17.207796837972936,-92.41014100436742,UPLOAD,HIGH
2026-07-03T19:06:26,9.625131901844938,-56.247338107367085,UPLOAD,HIGH
2026-05-17T15:06:42,36.51388959343841,-82.47008628856932,PURCHASE,LOW
2026-02-16T20:35:39,39.83117963869253,-66.40274015784486,UPLOAD,CRITICAL
2026-03-13T21:43:17,-55.52262485810195,85.89767526322225,PURCHASE,CRITICAL
2026-08-17T23:20:53,85.78926411895023,8.869272879098816,PURCHASE,LOW
2026-11-20T08:39:31,-55.05883594360678,-98.10606114628031,LOGOUT,HIGH
2026-01-06T11:52:20,37.443327427985636,-134.4301344547266,LOGIN,LOW
2026-08-03T21:40:45,-37.415403980500045,159.87226132646663,ERROR,LOW
2026-12-05T22:20:15,-87.79222739240856,-77.63784223062622,ERROR,HIGH
2026-05-13T07:36:34,-56.81453932978529,-161.50438181391198,ERROR,LOW
2026-11-16T06:40:23,-78.23818167949216,-2.971238295215528,UPLOAD,CRITICAL
2026-09-24T14:11:14,-80.35036662734403,-126.28886958948414,UPLOAD,HIGH
2026-02-03T01:56:36,88.90526208783965,-137.35743760387385,ERROR,CRITICAL
2026-08-20T12:18:17,52.3333493718155,-98.75263065658754,UPLOAD,HIGH
2026-06-24T23:05:56,73.53078797228468,-72.95287229374054,UPLOAD,HIGH
2026-04-29T14:21:00,12.353304712361975,-158.31709042588528,LOGIN,LOW
2026-08-31T22:13:21,-52.015464845029264,57.7541293891332,LOGOUT,LOW
2026-03-09T12:03:34,9.358604203996634,-123.64825844047027,ERROR,HIGH
2026-09-25T17:24:16,16.886015121521382,-75.14665594883006,LOGOUT,HIGH
2026-10-02T13:18:21,-39.1106928397882,129.45842328258806,LOGIN,CRITICAL
2026-04-01T15:40:03,76.30398800685876,103.61808959282331,UPLOAD,CRITICAL
2026-11-09T04:56:38,78.06032252019239,-26.94997220248382,UPLOAD,LOW
2026-09-09T12:23:35,-63.18190780644074,-84.37231020936953,LOGOUT,LOW
2026-01-24T03:52:00,-60.13389794026956,-69.25974745887629,UPLOAD,HIGH
2026-06-20T13:12:24,-67.61634152855251,67.92407683635375,ERROR,HIGH
2026-07-14T08:44:19,7.196681267642518,-22.40680911422473,UPLOAD,LOW
2026-12-12T10:01:19,-12.234840451060933,-63.96422999101202,PURCHASE,LOW
2026-02-05T11:13:41,-48.793605170071146,62.747412181981616,UPLOAD,CRITICAL
2026-01-09T01:21:41,89.92303503794125,62.02137034916612,PURCHASE,CRITICAL
2026-01-16T14:59:10,47.35962075090697,-116.93133794232986,UPLOAD,CRITICAL
2026-06-21T17:52:36,74.89310182681814,-114.66390699967467,UPLOAD,HIGH
2026-09-04T12:37:20,56.564090017308615,168.85988498365333,ERROR,HIGH
2026-06-08T14:04:48,-30.00448914028344,61.24806342762676,LOGOUT,HIGH
2026-06-09T20:48:37,34.86126131701785,-76.24159366987593,ERROR,CRITICAL
2026-01-15T06:02:31,-8.131336451688696,-66.77382341873954,PURCHASE,LOW
2026-10-28T00:40:06,-17.24848973986579,5.254650838477829,LOGIN,CRITICAL
2026-12-04T15:05:32,7.6668469842951055,-31.23087451224427,LOGOUT,CRITICAL
2026-05-21T12:01:40,22.074097068308035,-0.5424831424121237,ERROR,LOW
2026-03-21T01:18:01,-41.929877110872155,-132.83523757783925,PURCHASE,HIGH
2026-12-09T02:05:07,35.68500524199101,-136.28660998945685,UPLOAD,LOW
2026-10-03T15:39:19,-61.49193051505817,18.30204252096118,UPLOAD,HIGH
2026-02-06T04:46:21,-49.55388129795876,122.90604538213279,LOGIN,HIGH
2026-02-15T14:51:49,26.587743981076557,-124.5703952058019,PURCHASE,CRITICAL
2026-10-01T22:54:46,-40.783518591610644,120.50062040760997,ERROR,LOW
2026-06-27T09:33:30,9.227713838484533,-41.909035231026024,UPLOAD,CRITICAL
2026-10-17T19:57:02,68.2787259263657,131.04969639429174,PURCHASE,HIGH
2026-05-12T23:52:00,78.16471086285361,2.785563291476336,LOGIN,HIGH
2026-10-09T23:17:08,-36.25994704108191,31.29758006909799,ERROR,LOW
2026-06-23T10:07:24,6.944503986697271,-55.755380990517295,UPLOAD,CRITICAL
2026-05-27T11:51:09,-8.037968964029801,-64.16015391754652,LOGOUT,CRITICAL
2026-04-03T17:49:44,12.923575557282206,-95.91751941915848,ERROR,LOW
2026-05-04T13:37:05,44.046927281735265,73.88203716900091,ERROR,HIGH
2026-09-15T18:01:41,52.63085892598747,54.7268405042181,LOGOUT,HIGH
2026-01-15T09:02:52,-67.27567143431003,167.52729246366732,PURCHASE,LOW
2026-12-06T12:02:41,62.1070961598688,-144.10378881288779,ERROR,LOW
2026-10-08T13:39:52,-64.05202512594946,133.53586968571898,LOGOUT,LOW
2026-07-02T07:58:10,50.674552429144484,-84.59179936437279,UPLOAD,CRITICAL
2026-06-04T08:48:47,26.970597464269062,126.6355052462489,UPLOAD,HIGH
2026-05-03T23:29:45,22.823852221437804,139.47792584735635,ERROR,CRITICAL
2026-01-14T22:36:13,21.142703088490165,-95.48271248327224,PURCHASE,LOW
2026-10-18T00:22:01,-73.73172046158564,172.20158215939642,LOGIN,HIGH
2026-03-06T14:37:55,34.92020930278221,145.23266233817498,LOGIN,HIGH
2026-11-06T04:35:41,-79.89853894109876,-50.95319677186916,ERROR,LOW
2026-04-05T20:05:06,5.609937266776811,23.73410228973725,LOGOUT,LOW
2026-03-09T23:45:52,-75.78569688120096,133.5022555121477,UPLOAD,CRITICAL
2026-04-04T12:41:46,-0.4198945737688149,29.936567034739085,LOGOUT,HIGH
2026-09-05T17:42:07,-44.28407890556239,-88.08238506270455,LOGIN,HIGH
2026-12-16T23:52:50,-38.22630016528102,16.775329536730197,LOGIN,HIGH
2026-05-15T04:54:18,87.77730513932485,-72.304470315442,ERROR,CRITICAL
2026-04-08T03:05:03,-7.769553719798424,-71.2361986062071,ERROR,HIGH
2026-02-11T10:04:49,-47.30297365303657,25.892169246266008,UPLOAD,HIGH
2026-09-29T13:45:12,-36.858464301011516,172.06001444767054,ERROR,HIGH
2026-01-04T03:28:42,11.867223052025821,66.88781738424436,LOGIN,CRITICAL
2026-10-17T09:30:28,-0.5890884257033377,145.4959047217411,PURCHASE,LOW
2026-08-24T18:15:21,54.34775235815175,-101.15836598588204,LOGOUT,CRITICAL
2026-04-08T08:00:39,31.997602552204697,79.53421560145523,LOGOUT,CRITICAL
2026-02-07T17:38:00,72.61266673313423,52.68261920058822,PURCHASE,HIGH
2026-01-13T22:58:47,14.3232849663125,83.64951645812579,LOGIN,HIGH
2026-05-07T21:14:34,44.546555688906864,-116.76957464004961,LOGOUT,CRITICAL
2026-12-07T09:12:17,84.86812461804118,11.106854533002604,PURCHASE,LOW
2026-04-10T19:08:05,74.52881163689617,159.9076137949915,PURCHASE,CRITICAL
2026-12-05T00:41:15,-29.03125431566047,-138.53890531808662,LOGIN,LOW
2026-10-20T21:12:04,83.97003770329536,129.65061488357588,ERROR,CRITICAL
2026-05-23T01:16:14,-73.74548239765501,-37.95315828166369,PURCHASE,CRITICAL
2026-02-17T23:55:49,-8.138515007902555,62.218217474551295,PURCHASE,CRITICAL
2026-05-28T23:24:54,58.035114220819366,158.50508104063948,LOGIN,CRITICAL
2026-04-01T19:22:41,-5.13416376334105,43.03687213603064,UPLOAD,HIGH
2026-12-22T10:48:12,19.814795254514337,53.15485703019894,ERROR,CRITICAL
2026-04-28T08:36:59,26.86310033122639,-137.9966627782604,LOGIN,LOW
2026-04-29T04:53:00,89.26692745590529,-138.19662693896058,LOGOUT,CRITICAL
2026-02-22T16:28:50,-20.043750392974346,-46.43585442472221,UPLOAD,HIGH
2026-08-17T02:24:31,43.60842265775685,-124.37175513245938,ERROR,CRITICAL
2026-02-08T10:56:54,60.064754993337885,41.63479705841627,PURCHASE,LOW
2026-09-26T01:52:55,-23.304607427801628,-20.38208901814741,LOGOUT,HIGH
2026-02-08T14:03:07,86.56698929833209,-47.759414941015024,PURCHASE,LOW
2026-06-04T14:55:49,-40.34134064491437,168.55447533709923,ERROR,LOW
2026-09-15T09:27:08,-51.82095322380363,50.21745067069338,LOGIN,LOW
2026-11-02T13:27:25,-29.968351842147122,175.97552541891184,UPLOAD,LOW
2026-01-27T15:29:34,59.36721069908387,19.51480384600646,UPLOAD,LOW
2026-11-12T18:12:10,66.54517681851806,-61.718560764397054,LOGOUT,CRITICAL
2026-01-02T02:25:45,-40.09052772437707,174.25012746518604,LOGOUT,CRITICAL
2026-04-08T08:15:59,53.73248824037225,-140.42651475980318,LOGIN,LOW
2026-01-06T18:30:29,-25.516389741024085,103.83535240333805,UPLOAD,HIGH
2026-01-07T03:05:25,-58.635683746888105,-161.13635356997645,ERROR,CRITICAL
2026-02-14T03:17:17,44.21974950611923,-8.551452447629913,PURCHASE,CRITICAL
2026-08-19T13:22:06,-70.3702781993078,1.3819283228957033,UPLOAD,LOW
2026-10-10T10:23:45,50.98085927646832,132.11312679354177,UPLOAD,HIGH
2026-06-27T21:15:56,25.801323156987976,-168.7857697762762,ERROR,HIGH
2026-06-15T13:09:29,33.49754929120188,-3.5032125080788887,ERROR,LOW
2026-12-16T05:46:25,-75.45771406605745,38.98707250803838,LOGIN,LOW
2026-04-17T19:20:05,22.377148970617412,30.73128787732358,PURCHASE,HIGH
2026-08-21T00:05:44,5.500230737638418,-16.662449672830206,UPLOAD,HIGH
2026-02-08T12:24:36,52.75729675829629,-138.81093392517135,UPLOAD,CRITICAL
2026-12-03T02:58:23,-51.295848061050556,-17.44023025249865,LOGOUT,HIGH
2026-05-12T15:04:17,58.93546046040805,-36.457133667496805,LOGIN,HIGH
2026-06-15T17:43:43,-33.7457571944638,-88.23967326619949,LOGOUT,CRITICAL
2026-12-25T10:50:38,-4.631780593961508,-147.15907618822249,LOGIN,LOW
2026-06-17T17:22:51,-72.61840213815859,85.96655945593767,LOGOUT,CRITICAL
2026-01-24T07:03:47,15.563714893105853,22.171109037146067,PURCHASE,CRITICAL
2026-02-17T11:16:41,-16.054446074011523,134.49865400435465,ERROR,CRITICAL
2026-01-20T23:30:43,84.31175255606541,36.147632840883745,PURCHASE,LOW
2026-08-13T10:35:27,1.3342584542407394,-124.29713669102588,ERROR,LOW
2026-11-26T01:10:26,-70.52069125309201,124.33443069648422,PURCHASE,LOW
2026-10-24T03:59:58,-39.85772175090015,-98.58272604197492,ERROR,CRITICAL
2026-10-26T00:59:22,57.316834717320546,40.88638099276733,UPLOAD,LOW
2026-08-25T12:14:38,77.23517237908854,118.6058843854787,PURCHASE,LOW
2026-03-12T01:35:58,-40.81133003170954,94.46742647315921,PURCHASE,HIGH
2026-01-03T08:54:36,-57.346999521737644,-128.42946347686953,ERROR,LOW
2026-02-25T02:22:03,43.3744306413156,169.85171475288683,LOGIN,CRITICAL
2026-07-26T00:27:25,-51.27608159396803,-28.860302244778865,PURCHASE,LOW
2026-05-24T17:08:41,-33.905273453241044,-63.22215885176645,UPLOAD,CRITICAL
2026-02-02T23:51:25,69.00159321330179,-123.9912347743842,UPLOAD,LOW
2026-09-19T17:50:37,-75.31532504425563,-20.479329241082638,ERROR,HIGH
2026-08-24T18:21:30,-10.432046394399762,-81.65993602868299,UPLOAD,LOW
2026-05-15T01:14:39,-12.615545988379736,-78.03127077103824,UPLOAD,HIGH
2026-07-24T15:22:54,30.083860572542918,-163.64974946240608,ERROR,CRITICAL
2026-01-22T06:36:17,-88.61632453802109,-71.48902967336277,LOGOUT,LOW
2026-10-24T18:29:44,-44.00648927613733,-61.87595186237719,LOGIN,HIGH
2026-10-18T02:40:34,-12.482097956351467,-133.49314736668262,UPLOAD,CRITICAL
2026-03-31T08:47:14,0.04722238011837021,120.00751287115617,PURCHASE,LOW
2026-06-04T04:58:17,65.11758516406593,-164.7711858373951,LOGIN,HIGH
2026-12-24T17:51:22,-75.98472986236364,-67.298172956159,ERROR,CRITICAL
2026-06-07T01:29:40,37.70981308240816,-29.630174456346992,LOGIN,HIGH
2026-01-09T02:23:49,83.91594438596272,-118.12565499189516,UPLOAD,HIGH
2026-11-20T03:02:36,34.12980739443418,-49.73303115571471,ERROR,LOW
2026-04-05T11:52:26,-11.578225150727988,-35.838066126208645,LOGIN,HIGH
2026-12-05T01:52:32,-34.15057886954496,-57.775218786553,PURCHASE,LOW
2026-01-30T15:54:26,1.8869912175866972,-138.9504096581211,UPLOAD,LOW
2026-12-18T19:48:42,49.72108127838035,-53.60409541535023,LOGOUT,LOW
2026-02-09T22:12:27,-63.640040710015015,-108.98215098336603,UPLOAD,LOW
2026-10-23T05:43:12,46.6474284082027,-152.87282151153232,ERROR,HIGH
2026-10-20T23:56:41,11.472386991812925,28.60851229433632,UPLOAD,CRITICAL
2026-09-04T17:24:34,87.57575059245468,-63.64503300839014,PURCHASE,LOW
2026-06-20T18:53:11,-77.7084734707639,-20.80509701893746,PURCHASE,HIGH
2026-08-18T16:25:54,-79.88901836164595,2.6412787043201433,PURCHASE,HIGH
2026-06-25T12:08:33,-83.23069579720342,-47.25446418366741,PURCHASE,LOW
2026-09-08T08:43:37,65.56500610654305,127.9056137241925,UPLOAD,CRITICAL
2026-07-16T22:12:52,-20.793154215156306,28.91858666802861,LOGIN,HIGH
2026-12-20T00:57:34,55.7668651856348,54.66148367349956,PURCHASE,CRITICAL
2026-07-04T17:11:01,0.24611433710897757,164.7800491919706,ERROR,LOW
2026-11-11T22:45:30,71.84283011203922,-56.36240069822365,LOGIN,CRITICAL
2026-09-08T22:20:27,-58.939395941454315,-90.81225950461769,ERROR,HIGH
2026-07-23T12:40:22,4.094646347798204,-122.8513651266451,PURCHASE,HIGH
2026-05-31T10:59:02,-16.421508495482342,-58.18782713708896,UPLOAD,LOW
2026-11-03T12:07:41,23.559583399556303,-59.52623498642248,PURCHASE,LOW
2026-08-05T16:35:38,32.108282071214575,-77.70708940387907,UPLOAD,LOW
2026-05-10T11:09:33,-75.32964225938089,58.90035816218116,PURCHASE,HIGH
2026-09-12T18:52:23,35.726393306138576,-38.895125639270276,UPLOAD,CRITICAL
2026-12-31T06:48:51,-74.75057783927964,21.21194523278288,PURCHASE,LOW
2026-09-18T05:56:15,36.50955698797563,160.95910479097722,UPLOAD,LOW
2026-09-08T21:23:15,30.682087214389043,3.055855112210736,LOGIN,HIGH
2026-04-30T22:50:25,-57.552673882167966,-102.89064196479588,ERROR,LOW
2026-03-29T23:32:03,89.99579179854513,-124.21973774001427,PURCHASE,LOW
2026-07-17T04:00:39,48.757449665358195,120.64313758844014,UPLOAD,LOW
2026-09-15T01:37:39,-29.38241304642932,95.87073760100697,LOGOUT,CRITICAL
2026-05-27T07:17:01,-62.23450296219812,-114.89545181926923,UPLOAD,LOW
2026-10-08T01:54:45,-11.21878707509758,-32.09089986124795,LOGOUT,HIGH
2026-08-26T03:09:42,-38.71297213859552,89.4731465143571,ERROR,LOW
2026-07-27T09:20:40,-46.949670495806494,167.61478938985312,ERROR,LOW
2026-05-23T20:31:34,32.09522851171664,25.35098161100092,ERROR,HIGH
2026-10-26T19:41:13,-39.28108811332042,-42.52592369134422,UPLOAD,HIGH
2026-03-04T22:29:29,57.04042312462323,108.45332069455714,LOGOUT,HIGH
2026-01-21T06:21:03,25.412226516800487,134.68210021880532,UPLOAD,LOW
2026-10-04T06:44:15,62.26060981201891,126.41977731052037,PURCHASE,LOW
2026-10-24T08:45:51,-61.14377983583187,-18.245080665422734,UPLOAD,LOW
2026-11-19T17:55:00,-11.254939164903448,160.70877468423384,LOGOUT,HIGH
2026-12-10T13:20:49,-27.074685935043192,-170.39873131094214,LOGIN,HIGH
2026-07-14T23:02:43,-22.686932217776388,-40.98019750394579,LOGIN,HIGH
2026-03-29T04:51:10,-84.92624180493299,155.09732570998312,PURCHASE,LOW
2026-02-23T10:31:16,-83.10542559893213,150.2626217805905,ERROR,CRITICAL
2026-11-19T18:30:40,-65.01731547272648,73.99302310406895,ERROR,CRITICAL
2026-01-03T00:56:40,73.05434803858876,-173.15860143205066,LOGOUT,LOW
2026-08-02T03:13:34,79.24067088143721,39.19683568177925,ERROR,LOW
2026-10-29T10:27:11,-38.141715952938505,-71.58556994896081,LOGIN,LOW
2026-06-13T01:03:27,25.011311791105854,44.211804602748884,LOGIN,LOW
2026-11-21T22:29:41,72.92643941915972,34.8260554148209,LOGIN,CRITICAL
2026-07-20T03:38:59,13.508542355514038,78.67595800524697,PURCHASE,HIGH
2026-01-01T14:34:50,20.66572489967112,-93.39687402964432,ERROR,LOW
2026-09-16T00:23:21,30.278682525534265,8.45444076415609,PURCHASE,LOW
2026-07-24T07:13:45,7.934752787046023,103.1084409043143,UPLOAD,CRITICAL
2026-01-08T21:31:46,-19.718328139188458,-10.751371862945035,ERROR,HIGH
2026-04-09T12:11:30,44.51698648127615,-51.44620445469616,LOGIN,HIGH
2026-04-04T15:27:23,41.9293838611155,46.172506491236305,UPLOAD,CRITICAL
2026-10-21T20:45:31,-30.14665049304272,-164.03915221372506,UPLOAD,HIGH
2026-11-12T22:27:07,25.703210916489667,118.93811643489698,ERROR,CRITICAL
2026-07-05T20:14:01,23.71245259650081,112.13916546513832,LOGIN,CRITICAL
2026-10-29T10:37:07,79.84892712818328,-166.68583552808076,LOGOUT,LOW
2026-11-04T05:40:20,-54.095429931266096,-164.91386090506248,PURCHASE,CRITICAL
2026-06-04T15:43:01,88.04208641330223,15.49105115550691,PURCHASE,LOW
2026-10-20T13:10:48,26.44208978413505,-77.00007760144248,LOGIN,CRITICAL
2026-05-09T21:45:44,-40.82101089950278,107.7632681465663,ERROR,HIGH
2026-10-16T16:07:47,-10.847405932584806,164.33233841651764,PURCHASE,LOW
2026-07-12T16:56:57,34.572328400270706,-47.75510629451449,UPLOAD,HIGH
2026-11-08T03:14:29,-75.12992880586806,-27.180121925370997,ERROR,CRITICAL
2026-11-16T08:46:34,-57.51783253114379,-74.2440891591004,LOGIN,LOW
2026-05-08T08:26:06,28.9654598624646,-69.66149180732911,UPLOAD,CRITICAL
2026-06-15T11:41:22,-60.00394102813554,-20.192982803606156,ERROR,LOW
2026-10-10T06:24:04,66.60669151015057,-53.07864828894637,ERROR,HIGH
2026-09-06T08:17:09,86.40491025497025,161.24557629711109,LOGIN,CRITICAL
2026-09-05T14:02:51,-16.882158328622552,4.710967007238764,LOGOUT,LOW
2026-02-25T10:48:03,62.76047579469622,64.11199391836155,ERROR,LOW
2026-02-19T00:32:56,-77.89799464882041,100.26553446247152,PURCHASE,HIGH
2026-05-29T16:27:41,80.90408013838555,-168.34128336731987,LOGOUT,CRITICAL
2026-06-24T17:34:56,80.78823526780016,-46.07518375055386,LOGIN,CRITICAL
2026-02-23T11:24:41,5.302778676532142,-36.70774345711803,PURCHASE,LOW
2026-02-14T01:25:03,-85.33559864445422,-113.02270218986403,UPLOAD,HIGH
2026-12-21T18:49:59,11.101087936736477,-85.76039642850151,PURCHASE,CRITICAL
2026-06-23T07:34:00,-51.377323423730445,40.275785794911314,ERROR,LOW
2026-02-17T15:03:49,-65.56888480850509,-153.34126589644427,LOGOUT,CRITICAL
2026-06-22T20:44:13,89.50723272414751,111.7847586087475,PURCHASE,CRITICAL
2026-05-15T22:14:18,37.71728762752586,17.998973095280604,PURCHASE,HIGH
2026-11-27T15:16:10,-61.64905512239309,75.44296483573913,LOGOUT,HIGH
2026-07-17T13:56:50,-49.63650925572782,174.64771682286954,LOGOUT,LOW
2026-11-03T22:48:39,-1.0760512595539922,-50.07725120002243,UPLOAD,HIGH
2026-07-01T12:32:17,54.65911073194556,18.59289621351391,UPLOAD,LOW
2026-01-26T12:49:00,-34.32767084487681,179.85421581637928,ERROR,CRITICAL
2026-06-09T12:53:16,48.44961906744564,116.40218382302061,LOGIN,LOW
2026-05-04T02:54:43,25.62094608954864,-18.009181561321412,UPLOAD,HIGH
2026-02-19T20:09:54,68.0328272970741,100.89465438179104,UPLOAD,LOW
2026-10-26T04:14:36,83.92763050813923,-24.257416866489052,LOGIN,LOW
2026-07-21T05:03:42,-62.45721597416389,-120.72345123955532,PURCHASE,CRITICAL
2026-03-29T13:32:07,-27.71584517846285,158.72545977535248,PURCHASE,LOW
2026-04-08T07:48:38,-54.665654493046745,164.28658573555134,PURCHASE,LOW
2026-08-31T17:37:50,-35.49157090040231,12.052090716616988,UPLOAD,CRITICAL
2026-03-07T11:48:01,16.525520156988932,29.032740410491357,LOGOUT,CRITICAL
2026-08-31T12:34:04,39.71389831870914,37.850006830267944,UPLOAD,LOW
2026-11-17T11:45:34,65.48061449160596,-150.75977223838683,UPLOAD,HIGH
2026-09-10T20:58:16,-52.05449165364639,25.969392880583086,UPLOAD,CRITICAL
2026-01-12T18:17:06,-0.3531491754991123,45.779043707310365,PURCHASE,CRITICAL
2026-04-28T07:43:16,-3.0699327284245044,109.6877355176639,ERROR,HIGH
2026-06-26T03:20:15,-76.86485540903776,-158.43130814351917,ERROR,HIGH
2026-07-08T01:32:51,-6.400411600439696,-57.530675393360156,LOGOUT,HIGH
2026-12-01T13:37:22,39.305319320238766,84.31191172963685,PURCHASE,HIGH
2026-02-20T18:49:43,46.919699063131475,5.392848269599966,LOGIN,HIGH
2026-04-04T21:09:36,-6.0349379326854375,-83.71019719649433,LOGOUT,LOW
2026-02-07T14:21:00,-80.89104747594774,160.33856137315883,UPLOAD,HIGH
2026-04-07T10:02:48,83.28345340308061,144.83189774671104,PURCHASE,CRITICAL
2026-10-08T01:24:14,-33.711314244790856,94.72369504990627,ERROR,CRITICAL
2026-07-01T07:01:56,-0.2232524884222471,-68.92542646040545,LOGIN,LOW
2026-06-02T17:16:58,0.9800033442788845,168.00718699889114,LOGOUT,CRITICAL
2026-05-18T01:13:14,-81.24153607266193,-78.71171818552979,UPLOAD,CRITICAL
2026-09-19T04:20:46,-5.294366393724772,13.208669744013719,LOGIN,HIGH
2026-02-22T00:21:50,68.8420315653467,81.90290280938109,ERROR,HIGH
2026-01-18T13:41:22,-17.89530821734381,25.301391797170538,LOGOUT,HIGH
2026-08-03T20:24:41,-38.051694532962784,-40.91442300727974,ERROR,CRITICAL
2026-04-19T15:11:08,58.55603723255041,44.366968310948494,UPLOAD,LOW
2026-02-19T23:13:46,85.51490677448112,-38.194663417701435,PURCHASE,CRITICAL
2026-12-31T15:38:05,-24.190852821665032,-128.06375062718365,UPLOAD,CRITICAL
2026-06-05T21:11:55,0.014022642715900702,-163.6907931118531,LOGOUT,CRITICAL
2026-05-10T08:09:51,54.713853934958166,6.95977571990997,LOGOUT,CRITICAL
2026-12-13T20:35:26,2.7910317865057124,-61.93229485085055,UPLOAD,HIGH
2026-03-05T02:37:43,-19.268174184033043,41.9401754897458,PURCHASE,CRITICAL
2026-05-11T15:13:40,1.3166975162333756,3.4970762702996865,ERROR,CRITICAL
2026-08-07T14:50:03,-36.03769834726553,113.66957996777671,PURCHASE,HIGH
2026-09-19T16:19:50,-70.2711738915619,-30.04550300439621,PURCHASE,CRITICAL
2026-12-05T16:33:10,33.847857216498895,-170.40702421302007,ERROR,HIGH
2026-09-12T14:33:02,50.92271845765586,99.41832906194594,UPLOAD,LOW
2026-10-08T03:56:11,-80.75607027833023,-7.038437862810952,UPLOAD,CRITICAL
2026-10-08T01:54:40,21.552444990196093,122.82016498497512,LOGOUT,CRITICAL
2026-04-05T01:26:08,-84.31730759842212,161.35386148234846,LOGIN,LOW
2026-01-08T08:30:32,-10.613058086748069,-29.239092659091597,ERROR,CRITICAL
2026-03-21T04:24:29,-16.132066321913086,98.99002865055274,ERROR,CRITICAL
2026-10-10T11:52:44,-78.78936851740225,-130.29030511732432,LOGOUT,CRITICAL
2026-05-07T05:40:52,89.6621163129868,-7.7864459963755905,ERROR,HIGH
2026-03-09T06:10:37,-7.260564236474423,11.92574324635956,UPLOAD,HIGH
2026-09-20T11:33:06,48.958161146773335,79.53284207782536,PURCHASE,CRITICAL
2026-07-08T00:53:08,-55.392449555391586,-91.25311121015027,UPLOAD,HIGH
2026-03-29T07:54:45,79.46739833894304,173.6137067313585,PURCHASE,CRITICAL
2026-03-22T11:58:08,34.24318408144926,-3.958891375849646,ERROR,HIGH
2026-08-06T16:07:22,78.0660674587441,106.34592816084006,PURCHASE,HIGH
2026-02-17T07:56:56,13.225824697256115,15.548715715780133,ERROR,HIGH
2026-10-28T05:28:54,54.830850112182645,-75.4370452825432,PURCHASE,CRITICAL
2026-01-31T16:36:27,-27.654567462789032,-20.744599728659267,PURCHASE,CRITICAL
2026-07-06T01:20:32,-51.482374546138644,118.06261326289211,PURCHASE,CRITICAL
2026-09-28T08:47:12,-41.108135992965614,-140.6784306344112,UPLOAD,LOW
2026-04-05T03:52:21,-80.86222260765648,145.86630874257486,LOGOUT,CRITICAL
2026-04-01T10:11:38,-80.55160076889669,-31.21150822262689,ERROR,LOW
2026-09-22T13:10:10,48.73789045769024,-178.13467929343318,UPLOAD,LOW
2026-06-08T00:39:08,27.520703586233964,137.03308460283176,ERROR,HIGH
2026-09-10T15:27:36,-54.0979245598317,167.00905400073685,PURCHASE,HIGH
2026-09-08T20:12:17,-79.35073447653167,96.74099767361474,UPLOAD,LOW
2026-07-27T19:58:50,42.963574008354385,126.11991656721364,LOGIN,LOW
2026-06-12T06:58:13,68.80409516966998,-116.71606528600948,LOGIN,HIGH
2026-11-03T00:19:31,-0.8308984820835974,157.17914811999458,PURCHASE,LOW
2026-01-04T14:22:34,-36.28940208082546,37.001867582114386,PURCHASE,HIGH
2026-06-26T10:50:25,88.0379046159702,15.588174080510981,ERROR,LOW
2026-11-27T12:27:06,0.7582812327425046,-81.77865066072272,LOGIN,HIGH
2026-03-05T02:33:22,41.60146208557936,53.382721935327,LOGOUT,LOW
2026-10-14T01:46:35,-29.31980772064494,-73.79126724301848,LOGOUT,LOW
2026-08-26T06:30:31,64.1063707692224,142.93539424223104,ERROR,CRITICAL
2026-05-08T08:29:52,-74.38720142729593,60.932107227583515,LOGOUT,LOW
2026-07-05T10:11:41,-31.751699384685097,-90.7030498798278,PURCHASE,HIGH
2026-04-02T11:13:01,-9.587606074838376,-83.88204229285914,PURCHASE,HIGH
2026-08-15T04:55:39,40.118855112179546,-175.88313569009952,PURCHASE,CRITICAL
2026-04-02T18:29:58,-78.8176202759035,-137.43905479056986,PURCHASE,LOW
2026-06-07T10:45:24,33.493251580399885,152.3181650209621,PURCHASE,CRITICAL
2026-02-15T14:23:38,24.968038535889008,158.6288245485241,PURCHASE,CRITICAL
2026-03-27T18:27:50,-50.55685183163809,-131.9152384091505,LOGOUT,HIGH
2026-10-18T09:23:37,87.9908331411556,-45.495056884702905,UPLOAD,HIGH
2026-10-22T03:01:06,6.753183784776155,59.07399816227897,LOGOUT,LOW
2026-09-22T05:14:46,45.85311895047576,134.328621055584,LOGIN,CRITICAL
2026-06-23T11:59:34,5.0711623331748115,-49.75744733127226,UPLOAD,LOW
2026-01-24T23:37:36,59.179329712516534,145.03973768633114,LOGOUT,CRITICAL
2026-07-28T10:02:06,-63.02657135116543,-61.877650412805664,UPLOAD,HIGH
2026-02-15T03:26:07,32.45314282903274,78.09046782503401,ERROR,LOW
2026-12-16T02:15:21,1.867563725910216,111.12914994380537,ERROR,LOW
2026-07-19T07:48:59,-15.223576707961229,23.008026635536822,UPLOAD,HIGH
2026-09-19T06:38:58,55.24476345979065,80.38082873700085,ERROR,HIGH
2026-11-14T01:53:44,-89.45721511360404,-101.55552887773473,LOGIN,LOW
2026-06-14T13:08:45,-27.98480401881578,-157.04643163965005,LOGIN,LOW
2026-12-29T15:25:08,-5.027183847782936,-76.64734551912477,LOGOUT,LOW
2026-10-25T10:01:52,25.47450003102415,82.54421973613717,ERROR,HIGH
2026-12-13T03:49:52,-21.15366860675303,133.06330271185504,ERROR,HIGH
2026-02-01T03:59:02,32.89146373827745,58.24531372516853,UPLOAD,LOW
2026-09-11T19:22:45,64.85158460288181,-137.29205977730078,UPLOAD,HIGH
2026-07-25T09:10:11,-67.07752428193047,172.34077572948092,LOGIN,LOW
2026-04-26T20:56:40,-6.659297784939611,78.87383100390673,ERROR,CRITICAL
2026-05-28T07:06:46,58.20487872764119,-90.89566613864079,PURCHASE,LOW
2026-04-18T01:14:30,-56.07351877738637,135.07494286454187,LOGIN,LOW
2026-11-11T08:53:00,28.835583444411355,41.37235459520849,LOGIN,LOW
2026-03-22T00:49:11,-77.88763747989084,33.819893092568634,ERROR,CRITICAL
2026-09-18T23:42:51,36.59152803568716,-162.47652435225032,LOGIN,HIGH
2026-06-20T11:25:47,-47.818929872238904,-101.78308433608078,LOGIN,LOW
2026-07-15T16:38:58,88.82701942374871,-95.70185382900351,UPLOAD,HIGH
2026-08-13T06:27:19,17.625181369907224,62.111484517288915,PURCHASE,LOW
2026-04-28T04:38:54,67.7264979912853,174.85040186104527,UPLOAD,LOW
2026-06-10T14:39:37,-35.90982832366448,-158.05525064156564,UPLOAD,CRITICAL
2026-12-21T00:31:10,-58.47602611274448,64.35004438305054,UPLOAD,HIGH
2026-01-19T04:59:29,85.01224236186346,158.97110753948823,ERROR,CRITICAL
2026-05-04T18:49:13,35.33551331563616,-33.026696341348156,PURCHASE,HIGH
2026-03-13T09:52:34,45.79489750286257,-9.533224651600818,LOGOUT,HIGH
2026-11-30T00:51:49,37.363823547835,110.07941757655931,LOGIN,CRITICAL
2026-06-10T06:25:58,84.2015139383928,20.623232951738316,LOGOUT,HIGH
2026-04-05T07:36:19,-44.100783790643426,-61.105322295322225,LOGIN,HIGH
2026-11-25T23:51:19,-23.206051166031386,12.828793084997614,LOGOUT,LOW
2026-04-15T06:14:36,-22.10976450695884,37.78900069782088,LOGIN,LOW
2026-03-15T01:48:32,54.837111213098126,31.53012797795148,UPLOAD,LOW
2026-07-06T04:16:40,-52.39996406059495,146.5318179120656,PURCHASE,LOW
2026-03-24T06:11:29,78.6887573764046,166.34792020120523,LOGIN,CRITICAL
2026-10-20T22:52:19,-3.7942422583741546,-92.66645453553305,UPLOAD,CRITICAL
2026-03-21T10:12:02,-18.606229240277685,-93.84085477330875,PURCHASE,HIGH
2026-05-28T20:01:28,-6.074917047791033,53.53968239824053,PURCHASE,HIGH
2026-05-20T16:07:50,2.306977204279235,-0.9801744836460102,LOGIN,CRITICAL
2026-07-02T07:58:04,47.09321447574803,-64.71601747602985,LOGOUT,HIGH
2026-05-02T12:38:40,-15.492569295847574,22.508901887167553,LOGOUT,CRITICAL
2026-02-26T16:05:53,-87.08041781977312,19.192162875182703,UPLOAD,CRITICAL
2026-10-07T14:59:51,-14.835946760068751,-125.13189233370842,PURCHASE,LOW
2026-05-28T12:21:47,12.562112286726304,-91.53719410487614,UPLOAD,CRITICAL
2026-09-23T23:13:59,-29.23842887342859,94.80982523987512,ERROR,CRITICAL
2026-09-07T05:01:32,43.12693631877903,-14.1015605586461,PURCHASE,LOW
2026-02-24T08:30:28,39.65643553717686,-4.206124348512333,UPLOAD,CRITICAL
2026-01-23T19:25:20,4.309994772734299,122.06465769418372,LOGIN,CRITICAL
2026-01-19T20:11:12,47.58099184296344,-31.53879993038663,LOGOUT,LOW
2026-10-02T15:17:53,-62.81466363634569,-101.26091791641826,ERROR,HIGH
2026-01-24T11:26:09,21.210342457824538,60.03170263920228,UPLOAD,HIGH
2026-09-14T00:58:31,-2.1862108794471737,-177.6195514828228,UPLOAD,HIGH
2026-01-05T14:27:32,-86.98929343152662,79.98937978525953,UPLOAD,HIGH
2026-01-07T15:46:50,0.3988858041785619,71.22926743814244,ERROR,LOW
2026-02-11T13:27:55,75.24879200262203,8.778744441293895,LOGOUT,LOW
2026-08-29T16:46:34,4.762077372038917,113.47718065678174,PURCHASE,HIGH
2026-01-31T16:30:45,-22.850714976537205,-33.83013244540106,UPLOAD,LOW
2026-09-28T18:42:48,-49.345694527064005,66.25498516933877,LOGIN,CRITICAL
2026-11-30T07:10:56,26.98100132290611,-168.59357868388162,ERROR,HIGH
2026-05-27T11:28:30,9.486259115345149,-159.79862191357233,LOGIN,CRITICAL
2026-03-08T13:24:38,-75.11649794895568,124.31872603451814,PURCHASE,CRITICAL
2026-11-30T04:46:10,85.29115421448,142.12483637137188,LOGIN,LOW
2026-03-24T02:32:59,72.22913262442529,69.22357648253106,UPLOAD,HIGH
2026-04-16T06:47:20,-81.6188452664862,-153.23469842676562,PURCHASE,CRITICAL
2026-08-07T20:17:33,28.459663286226387,-115.43237884077513,PURCHASE,LOW
2026-03-22T10:51:12,15.66649873520791,90.8116091448714,ERROR,LOW
2026-04-27T05:27:46,-60.75895487135294,-93.43001005045676,ERROR,CRITICAL
2026-12-15T04:13:32,7.301237581009929,-41.81536293015381,LOGOUT,CRITICAL
2026-10-09T05:41:37,-75.88301561666495,88.36436205175812,PURCHASE,LOW
2026-02-07T22:29:51,-11.324114488170153,121.92287674074299,PURCHASE,CRITICAL
2026-10-26T15:39:07,20.495742051858528,34.419118335940624,PURCHASE,LOW
2026-09-04T06:27:15,-40.80113484681648,177.33091624228706,ERROR,LOW
2026-05-19T04:24:02,9.54679049108708,-44.84628144305006,LOGOUT,CRITICAL
2026-08-16T12:45:06,28.920943352677583,-149.15011765077514,UPLOAD,HIGH
2026-11-06T22:24:48,-45.639039364758624,-153.53759385992825,PURCHASE,LOW
2026-05-28T13:51:23,38.10188786015101,48.204317506698345,ERROR,HIGH
2026-05-21T01:58:11,-70.820834811973,-178.12971994678915,PURCHASE,HIGH
2026-05-20T18:40:27,47.042368416174924,-143.1966909192315,LOGIN,LOW
2026-06-17T09:01:12,-9.208138136138743,19.706400219192375,ERROR,LOW
2026-01-11T04:46:43,-73.86860844713024,19.519129943125904,UPLOAD,CRITICAL
2026-11-01T15:29:55,-31.602540496965723,-41.314349737445866,PURCHASE,HIGH
2026-05-31T14:33:13,50.25043901239269,80.94378385252486,UPLOAD,LOW
2026-08-11T03:03:27,3.798815537429789,66.71375704604034,LOGOUT,LOW
2026-04-15T10:30:23,-35.79637223248763,-2.475380804117492,LOGIN,LOW
2026-06-18T19:28:35,-40.326863111567356,-72.08918858823723,LOGIN,HIGH
2026-04-08T18:00:41,79.96001321365097,79.52380288401338,ERROR,CRITICAL
2026-08-28T11:46:11,-54.80131952155312,-141.48994767087527,PURCHASE,LOW
2026-06-03T16:06:59,-30.200901243907147,43.26918763488817,PURCHASE,HIGH
2026-05-10T23:58:03,-12.489080229509,116.47268645035507,UPLOAD,LOW
2026-04-27T16:15:35,-32.28027203248422,161.02041192580185,LOGOUT,HIGH
2026-05-03T00:24:01,-58.02529116255468,-36.63375028415712,PURCHASE,HIGH
2026-10-13T09:31:31,35.092398180979814,-3.2373673588431586,UPLOAD,LOW
2026-05-07T13:28:47,-22.310045581653526,113.9380255558487,ERROR,HIGH
2026-02-14T05:30:41,77.77208746592024,-108.07198246418142,UPLOAD,LOW
2026-09-22T18:01:20,48.17122339470569,-170.31020087687926,ERROR,CRITICAL
2026-03-23T10:03:52,-11.078108224396459,-75.12076512529369,LOGIN,HIGH
2026-09-19T08:36:22,-0.12542124798714838,48.000974275318896,LOGOUT,HIGH
2026-09-13T19:11:01,-62.25421779794583,-27.67393615791474,ERROR,LOW
2026-06-24T09:36:18,88.32611059865425,-7.475508081854571,ERROR,CRITICAL
2026-07-16T17:58:19,76.22923572116039,133.06814081233136,ERROR,CRITICAL
2026-01-15T06:40:34,52.329765068866664,-50.56938251414644,UPLOAD,CRITICAL
2026-09-05T20:16:19,74.59222477150522,-140.6270069120567,LOGOUT,CRITICAL
2026-09-16T03:23:45,-26.098412499271873,52.91994527402554,LOGIN,CRITICAL
2026-09-08T12:07:35,31.944941255553417,-36.13761135897039,PURCHASE,HIGH
2026-02-11T03:28:29,-88.10140089877561,-86.85418665468404,UPLOAD,CRITICAL
2026-07-21T11:32:44,10.4388149417437,67.55918716702419,LOGOUT,HIGH
2026-05-26T07:02:49,-19.595849638049486,98.04320368647552,UPLOAD,CRITICAL
2026-07-14T08:40:45,-62.86591215361559,179.17298114927524,ERROR,LOW
2026-04-25T17:37:40,-15.124422865371741,166.22203164478935,LOGIN,CRITICAL
2026-02-25T00:30:30,-27.300842582134457,-56.49599489629459,LOGOUT,CRITICAL
2026-07-07T13:11:47,-27.30594660558362,-144.8557087947448,ERROR,HIGH
2026-01-27T02:06:36,-35.952465027250746,111.66693729073131,LOGIN,LOW
2026-11-26T18:55:52,-28.24596943978529,-140.62943455748143,LOGOUT,CRITICAL
2026-04-05T17:26:00,2.878902341437197,18.687704337007204,PURCHASE,CRITICAL
2026-06-15T14:03:02,82.52327191211094,-96.53200293189228,ERROR,CRITICAL
2026-03-13T15:12:54,-56.450353448940845,56.63084801709951,ERROR,LOW
2026-10-14T08:57:27,20.53924872694556,-108.96320311839132,UPLOAD,HIGH
2026-06-01T00:12:43,-89.19899220129543,-102.67340217469328,PURCHASE,CRITICAL
2026-11-11T01:54:28,53.281449163418074,27.845245872666965,UPLOAD,LOW
2026-05-23T01:26:17,-31.322715912212672,-15.281848005773242,PURCHASE,CRITICAL
2026-12-02T00:21:19,-1.892883814955482,167.72990398167883,PURCHASE,CRITICAL
2026-05-31T22:22:49,20.03551580502034,31.321697243478468,PURCHASE,HIGH
2026-11-25T08:47:49,-7.585094488223774,-117.8900953162777,PURCHASE,CRITICAL
2026-08-18T04:46:04,-74.744645647855,-131.77880292574417,LOGIN,LOW
2026-04-29T14:20:52,-68.94919728526465,-45.609814452848184,LOGOUT,CRITICAL
2026-05-31T20:44:24,-14.71696088197345,-130.3677725275593,ERROR,HIGH
2026-03-14T03:20:59,-2.3993611753709985,13.456537199287482,LOGOUT,CRITICAL
2026-03-06T19:17:57,-1.8644352854024078,-129.49324736479306,PURCHASE,HIGH
2026-08-29T13:19:10,-80.34997272644938,-50.74589801830723,LOGIN,HIGH
2026-02-23T00:35:44,-54.87687150583515,-41.78009668753691,UPLOAD,CRITICAL
2026-09-11T15:03:04,-0.9054273840473428,66.49080140159515,ERROR,CRITICAL
2026-11-23T04:21:32,-10.106686294332803,-119.78874452589884,UPLOAD,LOW
2026-11-06T02:08:51,46.990191338176345,-74.84763255886561,PURCHASE,LOW
2026-07-28T18:52:31,-38.03934417458166,101.0664710747875,UPLOAD,CRITICAL
2026-10-28T00:39:57,47.865519889864316,17.901426433698475,LOGIN,CRITICAL
2026-02-14T08:28:59,-41.77999630927784,15.518225553496222,PURCHASE,CRITICAL
2026-11-16T11:17:22,46.22152363873937,93.601487121231,ERROR,CRITICAL
2026-03-26T20:57:30,88.15963101780298,-143.13008200410061,LOGOUT,HIGH
2026-12-06T17:49:07,89.8762804702034,-18.096356581051054,PURCHASE,LOW
2026-06-20T12:25:41,65.75228466773319,-137.741030460392,LOGOUT,LOW
2026-11-11T20:17:49,42.77033676077647,68.08809136023447,UPLOAD,CRITICAL
2026-06-16T06:48:22,-60.12330881575335,-129.8754122663606,LOGOUT,LOW
2026-11-09T19:14:58,-79.3155899449186,-53.70642757698086,PURCHASE,CRITICAL
2026-07-29T05:41:12,-59.69207437144481,172.4400563050758,PURCHASE,HIGH
2026-08-11T10:16:57,-41.87824806994558,128.88606418065274,LOGIN,LOW
2026-10-19T07:23:02,51.424388692433524,150.75673625873713,PURCHASE,CRITICAL
2026-02-19T06:41:00,36.25677493135767,-132.23129175689962,LOGOUT,CRITICAL
2026-05-06T02:09:32,59.12672448575387,94.13049149274849,ERROR,HIGH
2026-02-25T05:08:08,13.936595274749067,-83.26182524850506,ERROR,HIGH
2026-06-25T12:52:05,-76.40707080026719,106.05550704035926,LOGIN,HIGH
2026-07-20T05:51:57,44.96442891717419,70.09330166191606,PURCHASE,HIGH
2026-07-09T12:54:15,-31.087929571032547,-179.1096893488855,LOGIN,CRITICAL
2026-06-28T01:03:24,24.27129819650864,71.0240320038809,LOGIN,CRITICAL
2026-06-04T10:58:50,-50.790611697262946,-25.328483753315,LOGOUT,HIGH
2026-04-15T06:56:41,-31.884273073808473,-77.90649263864866,UPLOAD,CRITICAL
2026-02-20T17:13:35,11.905579965085252,-5.278354556938183,PURCHASE,CRITICAL
2026-10-24T00:43:20,-81.28633299268986,-144.1530929101659,ERROR,LOW
2026-02-18T05:58:27,77.29791756255392,-123.12593460930185,ERROR,LOW
2026-06-16T03:22:42,-53.58272284846805,67.89307748814372,LOGOUT,CRITICAL
2026-04-28T05:35:25,-61.38405667695251,155.7812025813327,PURCHASE,LOW
2026-09-12T05:12:07,-25.121630988493038,-150.32860894602723,LOGOUT,LOW
2026-06-03T22:10:16,22.60876934969174,81.3558108493603,LOGOUT,HIGH
2026-09-12T13:33:54,-73.58414630095923,-145.73387592739562,LOGOUT,HIGH
2026-01-31T06:26:29,-66.1140374328024,-98.57128987461383,ERROR,LOW
2026-01-04T03:08:54,35.20747931184876,114.15924968878744,ERROR,CRITICAL
2026-02-21T07:57:42,-4.013956541202262,-97.57912771474443,LOGIN,CRITICAL
2026-11-10T00:03:43,-71.5631093190888,-67.19346812127377,PURCHASE,LOW
2026-05-29T15:13:07,49.22288705711236,91.13680835678446,LOGOUT,CRITICAL
2026-09-20T23:22:30,-64.2864479697191,10.982979556805162,LOGIN,CRITICAL
2026-09-10T10:37:39,-60.45902103768367,-53.572421222362465,LOGOUT,CRITICAL
2026-10-18T14:22:15,-62.75265644802943,-31.7844380305159,ERROR,LOW
2026-02-03T15:59:27,71.3867302096167,-129.59526903271353,LOGIN,CRITICAL
2026-10-11T12:10:42,-20.874256318238267,166.76953579917506,PURCHASE,LOW
2026-04-07T05:32:11,-40.14582174992783,-149.6704622407248,UPLOAD,CRITICAL
2026-08-22T00:28:43,39.81233499472407,-77.42850839772021,LOGIN,CRITICAL
2026-12-07T03:18:03,-35.70311995610425,6.38968600700548,UPLOAD,LOW
2026-10-18T10:24:28,-19.48481713833236,52.62111887071197,LOGOUT,HIGH
2026-05-30T20:42:51,-69.70614073131446,-0.150285141843284,UPLOAD,LOW
2026-07-25T03:59:13,69.9704150556434,-175.65587553920068,PURCHASE,HIGH
2026-02-21T06:10:10,-20.369115211468056,122.03038904530507,ERROR,HIGH
2026-08-01T04:24:32,32.929568820436714,94.58133764241086,LOGIN,LOW
2026-08-17T02:37:28,-77.8441375309019,-85.61330022165585,LOGIN,LOW
2026-11-03T12:42:57,-18.364495700672947,-76.86439196552747,UPLOAD,HIGH
2026-06-14T12:00:26,36.325914952232935,-150.3259877071275,UPLOAD,CRITICAL
2026-08-28T05:58:29,-62.51752011519528,-149.90505343998612,LOGIN,CRITICAL
2026-12-24T15:38:30,-53.424451087590995,110.90162914943517,UPLOAD,HIGH
2026-06-01T17:52:53,15.558689342237741,94.76068720541542,LOGIN,HIGH
2026-09-29T08:07:52,-11.252512250896487,163.23407161778596,LOGOUT,LOW
2026-04-05T22:42:59,-74.48169628953193,-23.585908101833127,ERROR,CRITICAL
2026-08-25T10:43:45,-80.0948484564408,59.788648389351806,LOGOUT,LOW
2026-01-05T22:02:45,37.422109281257704,72.53986004059178,LOGOUT,HIGH
2026-05-15T15:31:33,4.140965291113488,101.87535655574851,PURCHASE,LOW
2026-05-25T10:04:27,-67.15249065339754,101.20463277731551,PURCHASE,CRITICAL
2026-12-11T05:59:03,-68.74979034917466,143.96307357078973,PURCHASE,HIGH
2026-04-16T15:02:34,4.293758060760467,-85.33812570246783,UPLOAD,CRITICAL
2026-01-30T22:20:41,-0.693437591674936,3.8814765933498734,LOGIN,HIGH
2026-11-30T17:48:49,12.039503082920973,-47.632399971547784,PURCHASE,LOW
2026-12-14T07:11:08,13.304214934570169,80.20021439731192,LOGOUT,CRITICAL
2026-07-17T14:35:30,-89.53766891414806,129.1280432839264,LOGIN,LOW
2026-01-18T20:34:44,-5.082373876007139,-42.12738922773633,LOGOUT,LOW
2026-12-28T15:02:27,82.86158617099625,-167.26911336905272,ERROR,LOW
2026-05-05T23:24:43,-45.31262699569623,149.7077153571222,PURCHASE,HIGH
2026-11-17T18:51:00,-75.98032740595585,-45.789059974369934,UPLOAD,CRITICAL
2026-12-17T06:41:58,-80.51901316432668,-99.65337805776534,UPLOAD,LOW
2026-06-05T16:53:25,-77.59324120090588,-12.566095949920992,PURCHASE,HIGH
2026-05-08T02:39:56,-74.45060596200489,-15.571376659952847,PURCHASE,LOW
2026-04-24T05:51:47,11.48521334835364,-70.59264938349014,UPLOAD,LOW
2026-06-30T04:06:36,-23.710747014698626,169.86878825433433,LOGOUT,CRITICAL
2026-12-16T16:44:23,8.380663669756032,106.55047482435162,LOGOUT,LOW
2026-12-29T02:34:29,-16.193500278116417,-96.12081293049253,PURCHASE,CRITICAL
2026-11-23T01:23:48,34.82294513207488,-176.54586477312077,PURCHASE,LOW
2026-10-22T17:43:56,28.31469303167961,125.64215560041185,PURCHASE,LOW
2026-03-21T16:33:00,5.366608030802254,-94.25966597248836,ERROR,LOW
2026-02-25T07:01:01,38.0974454460185,-146.51041019108823,LOGOUT,CRITICAL
2026-06-10T09:58:06,36.152443745762326,-45.90288933333093,LOGIN,CRITICAL
2026-02-07T02:50:32,0.9769974949396527,49.39764481176914,ERROR,LOW
2026-08-18T20:52:06,12.207731092057486,-23.40616376340529,LOGOUT,LOW
2026-04-24T06:37:03,-43.02163099375019,-66.59679045248701,ERROR,CRITICAL
2026-11-20T01:52:06,42.36351638082624,-65.49922106420378,PURCHASE,LOW
2026-01-30T00:08:14,79.83984348541702,-130.99973528998115,UPLOAD,LOW
2026-03-02T08:31:52,-70.98160498151559,-18.155970813484203,PURCHASE,HIGH
2026-02-16T21:20:52,6.466418836204255,167.26850001008233,LOGOUT,HIGH
2026-04-30T17:38:10,-6.597612889845493,126.8935868380135,LOGIN,LOW
2026-11-10T15:20:55,33.489871731092734,117.49920765827392,UPLOAD,LOW
2026-03-25T12:08:20,60.46645517783753,-61.994282801474895,LOGIN,CRITICAL
2026-04-07T09:34:00,84.31200075174641,-37.351993435282395,LOGIN,CRITICAL
2026-04-27T01:23:50,-43.169977310179696,176.64358334684658,LOGIN,HIGH
2026-11-28T21:27:41,-8.603789507808713,89.3082409951353,LOGOUT,LOW
2026-06-29T10:33:18,-71.65667724086782,105.77150739971916,LOGIN,LOW
2026-01-24T22:47:54,59.46701974103448,173.72420549410378,LOGOUT,LOW
2026-11-16T21:11:33,-17.895274259126538,67.06269433280167,LOGIN,CRITICAL
2026-08-16T15:01:21,-43.41228257762535,112.58895298090118,LOGIN,LOW
2026-03-18T19:10:00,72.44929474799065,-20.364723419044026,LOGOUT,LOW
2026-12-18T11:56:17,62.5095782375642,111.19939505575564,LOGIN,LOW
2026-06-29T00:47:02,-80.88521383525391,152.68742119221616,ERROR,CRITICAL
2026-06-03T09:39:16,-0.6972495816140452,-42.21740211578722,ERROR,LOW
2026-05-18T10:59:24,-51.3511009253952,-112.6255990639818,PURCHASE,HIGH
2026-12-10T02:06:23,-63.246346367620696,41.07836799996758,UPLOAD,LOW
2026-09-09T09:04:19,-36.88107066005104,-31.682805733380576,UPLOAD,HIGH
2026-01-24T16:21:58,-74.21012080937865,-42.114500631355014,ERROR,LOW
2026-09-07T13:57:20,69.2374529204937,9.293060971000699,UPLOAD,LOW
2026-05-29T13:08:25,50.74483803217649,-50.71964045847659,UPLOAD,HIGH
2026-05-14T14:37:49,74.28186298770606,0.8615719957469992,ERROR,HIGH
2026-03-11T20:00:19,-85.30866580159991,34.96188699340274,LOGIN,HIGH
2026-01-23T18:06:35,55.5576990431222,-10.193621288272567,PURCHASE,CRITICAL
2026-04-01T09:30:00,85.31637511203039,-143.95163857021527,LOGOUT,HIGH
2026-07-27T06:20:50,56.931329089572245,150.21341372535858,LOGIN,LOW
2026-08-12T13:50:21,62.37091628372397,107.06064745658716,PURCHASE,LOW
2026-03-10T09:22:27,-47.420796106357045,-65.5184274149263,PURCHASE,CRITICAL
2026-01-11T22:54:15,36.621518925584425,-53.39442654608828,UPLOAD,CRITICAL
2026-02-25T04:29:21,11.359600355523312,-112.23588063410774,ERROR,CRITICAL
2026-05-01T00:35:00,-58.39978182108287,-166.3330531679641,LOGIN,LOW
2026-08-22T15:54:13,-50.61439049551609,9.521465093463917,LOGIN,HIGH
2026-12-23T11:24:45,20.544258179244295,110.32034879160102,PURCHASE,CRITICAL
2026-03-10T22:02:45,75.38054171529708,123.94227111755424,PURCHASE,LOW
2026-01-09T12:14:34,-63.41183658249936,73.69068302363672,LOGOUT,LOW
2026-11-25T17:46:25,4.733078143898425,-48.63965313284734,LOGIN,HIGH
2026-10-01T14:46:12,79.5461784242475,-37.585597552612455,LOGIN,HIGH
2026-04-28T04:39:18,-31.931423212876176,171.30984169767345,ERROR,CRITICAL
2026-07-09T05:01:59,26.85244781606653,-117.28703845600896,UPLOAD,CRITICAL
2026-12-12T11:40:29,77.19213761737655,103.31704533440768,LOGOUT,CRITICAL
2026-08-17T17:24:47,56.60176255973647,-43.781721067008675,PURCHASE,LOW
2026-03-11T00:21:40,41.18957206847983,161.56371751966356,UPLOAD,HIGH
2026-11-27T09:37:46,88.97096349857352,167.46621850351835,LOGIN,LOW
2026-08-22T22:40:09,-32.720955865182894,111.17049327724726,UPLOAD,LOW
2026-09-06T09:56:24,11.799044301657688,157.20760567953153,LOGOUT,HIGH
2026-10-17T11:06:12,-75.99480507642578,-55.148355114037756,PURCHASE,LOW
2026-09-05T01:41:25,69.35764561112472,-148.0586354747545,PURCHASE,HIGH
2026-01-05T10:12:53,-42.26176069868229,-90.16528927129964,LOGIN,HIGH
2026-04-10T16:13:31,51.66360109631887,79.34889167890861,LOGIN,HIGH
2026-06-20T04:30:27,41.86520900977834,168.8766570380467,ERROR,HIGH
2026-12-09T10:41:53,-21.831736540633372,16.56862836424355,LOGIN,HIGH
2026-11-03T07:29:46,65.52912968434384,54.34904272085183,LOGOUT,LOW
2026-06-25T06:18:13,-76.73230987895265,124.47449424884172,PURCHASE,LOW
2026-05-04T18:39:24,-42.997012203192845,-142.29898254042757,PURCHASE,LOW
2026-12-11T20:07:09,-22.417580865600655,83.51463069767408,UPLOAD,LOW
2026-05-12T05:55:39,16.925497929377073,40.91210128040177,ERROR,CRITICAL
2026-01-13T00:52:39,-12.361799853745055,55.3086630955263,UPLOAD,HIGH
2026-03-03T00:18:48,-80.35996632109281,-60.80595140160496,LOGOUT,HIGH
2026-09-28T18:20:39,9.740237816921294,153.20649611048879,UPLOAD,HIGH
2026-09-14T13:13:07,-39.32584677985225,-94.48261741899157,LOGIN,HIGH
2026-08-11T01:16:51,8.93927403668917,-3.258620684650708,LOGIN,HIGH
2026-01-02T11:33:49,-13.030927659771564,-73.96219837216266,UPLOAD,HIGH
2026-03-19T13:06:14,-72.54235845333022,-105.49692614749381,PURCHASE,LOW
2026-07-03T21:59:54,61.87843338244858,-68.99277595761743,ERROR,HIGH
2026-07-09T22:42:45,71.07794701298482,-84.59841703765635,UPLOAD,HIGH
2026-03-13T19:13:04,-23.21630552866546,-42.679732643182575,LOGOUT,HIGH
2026-01-18T07:51:35,-42.60672599708084,-12.579135784325814,LOGOUT,HIGH
2026-08-08T03:09:33,-78.90491346118212,90.80465116150333,LOGIN,LOW
2026-09-17T11:31:37,-28.1175504217116,14.921642162167956,UPLOAD,LOW
2026-08-03T23:56:37,-79.02292570960903,-40.64180512259992,UPLOAD,HIGH
2026-07-27T23:21:21,33.67222782999963,157.0901168207584,UPLOAD,LOW
2026-07-04T23:05:10,-36.20662037870357,-37.87042852491297,LOGIN,CRITICAL
2026-08-10T20:09:20,72.08191106488653,108.16212121944682,UPLOAD,LOW
2026-02-16T17:06:29,80.86586696128529,-18.345694972303306,LOGOUT,LOW
2026-11-10T23:24:00,-55.309304872799814,-164.6366757719594,LOGIN,CRITICAL
2026-06-19T02:09:33,-53.6545296049978,116.12305183560721,LOGOUT,CRITICAL
2026-04-11T03:40:30,-32.4450920228302,81.75708330499094,LOGIN,LOW
2026-05-31T17:20:46,10.14555671456381,18.73950896714365,PURCHASE,CRITICAL
2026-06-27T22:20:03,75.08914394098466,-175.54903296263348,UPLOAD,CRITICAL
2026-07-22T22:37:51,50.70341896658309,-139.49321665466383,LOGOUT,LOW
2026-08-09T01:02:17,15.828143990649835,93.01585962876226,LOGIN,LOW
2026-08-07T12:35:33,50.31804545356539,102.86842691148388,UPLOAD,HIGH
2026-12-07T22:33:39,-16.03979328614031,-42.104349764260974,ERROR,CRITICAL
2026-08-25T11:56:19,-4.8516091201914975,-118.00809786357664,ERROR,LOW
2026-08-29T02:27:22,19.55794753541285,69.71805114015314,LOGIN,HIGH
2026-12-12T11:25:57,68.21237370125152,68.58495150155233,LOGIN,CRITICAL
2026-07-04T13:21:16,75.75029692310974,142.93129037379214,LOGIN,HIGH
2026-11-14T10:35:20,52.857370783015256,-68.05825277473932,ERROR,CRITICAL
2026-09-23T23:17:00,-72.32086975090658,132.8040090357115,LOGOUT,HIGH
2026-10-16T20:00:24,-10.240089600342799,117.29639944071022,PURCHASE,CRITICAL
2026-06-11T20:36:12,18.89624384194512,-147.85673389094438,ERROR,LOW
2026-12-21T17:48:38,58.31449816592533,86.74012761120287,UPLOAD,HIGH
2026-11-15T20:26:12,-79.88295232691955,104.9365411492443,LOGIN,HIGH
2026-10-03T13:39:58,1.223149542579975,-131.16606443385848,UPLOAD,CRITICAL
2026-01-12T05:48:59,-58.72727591769831,135.06500020515006,LOGOUT,LOW
2026-04-07T21:25:04,-84.04721198856265,-161.7986585908295,PURCHASE,CRITICAL
2026-03-19T07:50:15,-40.684050274615394,116.46226500808183,UPLOAD,HIGH
2026-09-04T18:26:55,76.1532423071348,65.22276975961589,LOGOUT,HIGH
2026-07-09T19:49:21,16.927846821387234,-116.0698701010098,ERROR,CRITICAL
2026-08-03T02:48:09,-27.043217703962185,-121.1350987735737,PURCHASE,CRITICAL
2026-11-19T16:16:17,33.99309677087177,-77.3750244834857,ERROR,LOW
2026-03-05T06:24:25,63.687838785398384,100.7388486517246,LOGOUT,LOW
2026-09-09T10:01:04,-49.479832634440484,-105.5768449837708,ERROR,CRITICAL
2026-01-08T18:54:05,65.63338741998865,168.16980806236103,LOGIN,HIGH
2026-12-20T23:56:22,-66.18346365893723,-117.64776366642788,LOGIN,LOW
2026-04-09T00:26:57,19.501898921395835,159.48178850088635,PURCHASE,HIGH
2026-12-14T18:30:22,-22.234418591219864,-54.46468826205073,PURCHASE,LOW
2026-07-01T05:56:26,-35.61388357061665,7.429643398164899,UPLOAD,HIGH
2026-08-15T23:48:54,-71.58382146565197,4.144938288588634,PURCHASE,CRITICAL
2026-09-09T09:39:57,16.87905765793485,-78.23632398656508,LOGIN,HIGH
2026-01-25T19:00:16,-29.46894230019322,-80.46603001196604,PURCHASE,HIGH
2026-04-12T10:03:56,28.10152894256173,162.78760732154967,PURCHASE,LOW
2026-02-28T05:26:32,3.112845404337264,-93.49125203574201,LOGIN,CRITICAL
2026-06-06T22:28:13,28.895458262603213,65.07207013945745,LOGIN,CRITICAL
2026-07-13T03:51:02,89.54443792409324,-86.60654182368398,ERROR,HIGH
2026-05-31T18:59:04,42.61177723376022,29.88853286880868,UPLOAD,LOW
2026-05-14T06:32:55,40.77897778456264,-99.94925016854319,UPLOAD,CRITICAL
2026-11-01T19:46:14,-4.367663687655565,158.64046366417892,PURCHASE,CRITICAL
2026-04-27T14:01:06,62.17546396402713,122.629930054704,UPLOAD,LOW
2026-04-25T02:15:57,-72.43144851371233,-133.9401097094208,PURCHASE,CRITICAL
2026-11-10T22:18:39,10.625698099473695,148.54491461742379,PURCHASE,CRITICAL
2026-02-04T16:20:04,-49.99436792767785,-99.60194686118089,PURCHASE,HIGH
2026-11-03T01:32:06,69.6318389448306,-46.194325284650006,UPLOAD,HIGH
2026-06-30T02:33:44,63.21849987805385,-10.60683563855514,UPLOAD,CRITICAL
2026-08-30T00:55:15,-77.18116726726635,140.19338212933962,UPLOAD,LOW
2026-12-03T21:39:54,32.52559757754547,10.741861666799082,ERROR,LOW
2026-12-05T04:54:08,63.76315867260189,-130.54850669767538,LOGOUT,HIGH
2026-06-08T21:56:39,87.69448788831116,141.42424439179547,ERROR,LOW
2026-05-03T20:54:27,65.23090980068088,-115.07156312153622,LOGIN,HIGH
2026-05-10T04:19:52,23.585899007285136,-116.34326403715414,LOGIN,LOW
2026-06-25T13:26:29,-40.76498480373007,94.02958123739973,LOGOUT,CRITICAL
2026-10-24T21:30:17,-61.481678872377614,102.6759260511763,LOGIN,LOW
2026-08-27T15:21:58,-11.93194542804541,-25.41249971671661,ERROR,HIGH
2026-05-29T20:46:04,-89.15955523557547,12.161737023212964,PURCHASE,LOW
2026-12-13T10:06:07,-32.00163590734757,119.96231996396307,LOGOUT,LOW
2026-09-20T19:44:59,-89.2577098846164,84.09716672879699,LOGOUT,CRITICAL
2026-12-07T14:05:38,-28.017040668602235,-133.584911845811,ERROR,CRITICAL
2026-08-17T14:48:30,-34.899283423545704,-156.49667191070486,LOGIN,HIGH
2026-04-23T22:42:41,-7.93326384566916,7.3038284085181715,UPLOAD,HIGH
2026-06-18T10:03:10,69.83532789066751,178.37006753805423,PURCHASE,HIGH
2026-05-20T12:27:39,45.020804806923024,-120.64193679906158,ERROR,LOW
2026-03-30T17:00:45,-49.62215460173498,174.55662881757377,LOGOUT,CRITICAL
2026-01-09T12:14:47,16.144710263863487,-119.16549291954703,PURCHASE,CRITICAL
2026-09-10T15:28:32,52.58288790826066,-44.930724236697785,PURCHASE,CRITICAL
2026-08-31T00:02:13,-81.2543469152873,178.08488411654332,LOGIN,CRITICAL
2026-11-21T17:12:12,-86.44648202745387,68.30990941587339,ERROR,HIGH
2026-05-28T16:13:19,-67.75288866079725,-89.01421449495345,LOGOUT,LOW
2026-09-27T23:39:33,33.43320513856442,-176.65036269722935,ERROR,CRITICAL
2026-02-09T05:12:01,29.24693386000142,-82.80822616661193,UPLOAD,CRITICAL
2026-02-23T06:27:24,-14.6113646811434,143.50389300114756,UPLOAD,CRITICAL
2026-08-28T21:21:44,-68.80777768129693,-138.95548103367076,LOGIN,HIGH
2026-03-19T03:31:15,19.620325684211323,100.06520997492822,UPLOAD,LOW
2026-05-20T00:04:23,36.61861504432649,-73.67356763977934,LOGIN,CRITICAL
2026-07-12T18:21:40,73.86419294316258,67.7534095639345,ERROR,HIGH
2026-04-02T01:44:51,-89.50716016966932,61.78792768747374,LOGIN,CRITICAL
2026-09-17T19:44:10,-1.0612748053222276,161.80056566320178,UPLOAD,LOW
2026-10-09T00:06:06,40.24372472042057,145.72057822436955,LOGOUT,HIGH
2026-04-25T23:07:36,-42.45749590121266,-161.97112950733896,LOGOUT,LOW
2026-11-27T23:32:00,-37.6979080972177,108.57459696856102,PURCHASE,HIGH
2026-10-14T19:41:36,-69.13781034127084,126.44852424378274,LOGIN,LOW
2026-11-27T21:12:13,-65.08900031891537,52.991505424562234,PURCHASE,HIGH
2026-12-14T09:36:06,-11.211386979251742,43.85053199970258,LOGIN,HIGH
2026-11-13T12:01:03,-28.309909903135186,-139.02048003465012,ERROR,HIGH
2026-04-16T13:40:04,60.42750216594925,68.36487521411306,ERROR,HIGH
2026-09-09T23:41:15,69.50229960265548,-119.95965748503536,LOGOUT,CRITICAL
2026-10-10T02:38:32,-79.44364878026808,159.288115679964,LOGOUT,LOW
2026-06-11T13:39:33,74.02081702899227,-6.23705380547554,UPLOAD,CRITICAL
2026-06-20T03:58:24,-57.37309910328562,-43.289719518280464,PURCHASE,CRITICAL
2026-01-12T04:35:12,65.26363941433686,136.78208874071487,LOGOUT,HIGH
2026-12-24T10:43:51,-2.1379001414124446,139.53381410287568,ERROR,LOW
2026-01-25T14:20:05,-42.909683898871826,-66.87433984540647,UPLOAD,CRITICAL
2026-08-12T22:45:29,40.27923778967707,-99.36542904345397,PURCHASE,CRITICAL
2026-07-23T03:40:29,33.88349582332695,42.56604577814912,ERROR,CRITICAL
2026-10-10T04:53:14,-45.25614092687263,-55.530184515298686,ERROR,LOW
2026-11-22T20:21:16,58.75880763308675,141.14227738682166,UPLOAD,LOW
2026-01-05T12:32:16,25.81176898022632,-123.50614561137316,ERROR,HIGH
2026-12-04T15:32:27,-60.227302808495295,90.51480037713992,PURCHASE,LOW
2026-05-09T12:09:48,84.62610878101202,-161.87374277044418,LOGOUT,CRITICAL
2026-09-07T20:09:07,-21.845233346597425,114.15719005912541,LOGIN,HIGH
2026-06-22T12:08:25,54.227031790809974,-18.68450916046541,ERROR,HIGH
2026-05-03T17:54:25,-68.63276663034608,-0.9455946960596293,LOGIN,LOW
2026-06-06T16:19:48,-15.779061418401099,20.56716410573992,LOGIN,LOW
2026-11-04T11:57:18,18.756589691123537,42.863815348697614,PURCHASE,CRITICAL
2026-08-07T09:19:10,-52.7667752070183,61.73077348049617,PURCHASE,HIGH
2026-11-17T12:27:21,-80.23046160499779,-99.74947881732675,ERROR,HIGH
2026-08-06T12:59:03,48.13495197561707,35.98241456097455,PURCHASE,CRITICAL
2026-06-25T17:54:29,-69.4757954959671,93.35518238848215,LOGOUT,LOW
2026-05-13T13:40:44,-26.074983854747586,48.11802496907205,PURCHASE,CRITICAL
2026-07-22T17:15:13,-22.69973511712783,-141.7239974701396,LOGOUT,HIGH
2026-02-24T13:04:52,57.930958785370734,87.30392053545472,ERROR,LOW
2026-04-09T18:08:53,19.953317904963072,-112.4843758086228,ERROR,LOW
2026-06-27T11:58:39,58.4197458673691,-111.39164493945505,PURCHASE,LOW
2026-10-22T01:08:36,-15.395337876900555,153.58555099343187,UPLOAD,LOW
2026-10-27T20:54:52,70.51578388430792,-15.340364299383708,UPLOAD,CRITICAL
2026-02-22T06:53:54,83.4938561155584,-178.43845403990775,LOGIN,CRITICAL
2026-12-30T05:42:18,-12.09413162628637,30.643456085439794,UPLOAD,LOW
2026-09-26T16:12:30,14.13978942675179,82.97807822739998,LOGOUT,LOW
2026-05-31T10:52:54,28.35392600371155,38.21787862308702,PURCHASE,CRITICAL
2026-12-09T07:09:19,-20.760725026133258,172.62027367381546,LOGOUT,HIGH
2026-06-04T12:25:01,83.44683678235549,169.3769939683562,ERROR,LOW
2026-02-23T15:55:51,-15.705814894628531,72.00514256296506,UPLOAD,HIGH
2026-11-24T10:01:23,36.268975873329296,129.85471660649688,UPLOAD,CRITICAL
2026-03-26T09:46:46,-53.839965181438004,44.70033211393974,PURCHASE,CRITICAL
2026-05-15T02:22:09,75.81451759507706,-132.2381777071895,LOGOUT,CRITICAL
2026-07-30T16:23:13,34.97615527091874,-63.94269693101214,LOGIN,HIGH
2026-08-07T08:49:53,-3.5334139696871745,25.429749931115737,ERROR,CRITICAL
2026-10-18T10:38:30,70.8958802480256,12.205009333298108,ERROR,LOW
2026-07-23T00:11:47,-70.83531614729029,-42.886687127369555,LOGIN,CRITICAL
2026-01-22T23:35:41,-54.017564892350975,90.06660672121933,LOGOUT,HIGH
2026-09-23T09:39:34,-44.89901865752706,122.17745320746167,PURCHASE,LOW
2026-10-20T16:00:16,7.4109757379825965,-50.87432255559091,ERROR,LOW
2026-08-28T06:33:01,66.24636725779385,86.21729286222597,LOGOUT,CRITICAL
2026-09-09T07:35:25,11.028699502345916,-94.46562987616637,PURCHASE,CRITICAL
2026-09-16T01:31:44,-81.54362137044023,-42.63025388479477,ERROR,CRITICAL
2026-05-02T10:08:46,83.84997844235917,-160.63121076921013,PURCHASE,LOW
2026-08-30T00:03:15,66.39299303715288,129.76010585756978,ERROR,LOW
2026-12-20T23:40:07,24.081928929934136,75.4363631691609,PURCHASE,CRITICAL
2026-08-01T06:49:20,42.92100584961216,-109.2711305662034,LOGOUT,HIGH
2026-06-24T07:15:29,-58.06333827211263,65.75718661255266,LOGOUT,LOW
2026-10-13T11:26:14,2.4924334994232993,-44.20863826104758,ERROR,HIGH
2026-08-05T03:52:30,-42.4368728443088,-122.06561408761907,PURCHASE,LOW
2026-05-09T09:04:06,-6.06035912227577,157.49800216950513,LOGIN,LOW
2026-12-27T15:26:33,-31.92659461916641,-161.69204116971835,UPLOAD,CRITICAL
2026-04-27T22:57:58,-1.7008305923382068,26.16371659977483,PURCHASE,LOW
2026-11-01T11:42:09,37.38268105100556,9.142224186556945,LOGOUT,CRITICAL
2026-01-27T11:27:02,51.52648308072435,-122.62662269372309,UPLOAD,CRITICAL
2026-06-06T16:07:10,-73.44980029096804,-100.368690803477,LOGOUT,CRITICAL
2026-05-09T21:22:42,-30.408023409965573,-74.31323141872662,UPLOAD,CRITICAL
2026-07-04T09:59:23,89.39359486878098,116.52782433307283,LOGIN,LOW
2026-09-17T18:57:30,-27.718687651901675,-93.47476448402762,UPLOAD,CRITICAL
2026-04-05T16:38:01,82.60142689330803,65.71848987667008,PURCHASE,HIGH
2026-12-22T17:06:32,53.3171854175462,-139.18535009834667,PURCHASE,CRITICAL
2026-10-09T03:56:30,-39.09078102970846,148.08093358630248,PURCHASE,CRITICAL
2026-11-08T18:47:39,1.572406740488418,-4.750304700534059,PURCHASE,CRITICAL
2026-03-16T18:20:43,-32.34370371326026,-150.3556387025397,LOGIN,LOW
2026-10-28T07:51:03,6.835469573565192,-177.36098896193576,LOGIN,LOW
2026-09-18T07:58:34,23.312607103920044,-103.25695252878735,ERROR,LOW
2026-03-21T20:08:25,6.795758524349026,72.98743185631486,ERROR,CRITICAL
2026-11-14T04:42:08,79.15520007149644,88.88069724273436,LOGOUT,LOW
2026-06-28T08:17:21,39.036291090464346,-166.36092669138668,LOGIN,LOW
2026-03-11T03:00:25,52.95866165566025,20.910313914411887,UPLOAD,LOW
2026-12-20T19:00:37,-43.44336738158838,-40.30826268788252,ERROR,HIGH
2026-05-03T21:06:04,-86.95962570525457,62.38754363797659,UPLOAD,LOW
2026-09-07T02:29:35,39.65142258482339,-157.2344673265084,UPLOAD,LOW
2026-09-30T04:41:38,62.685223021105685,-51.22795005070279,UPLOAD,LOW
2026-04-23T13:28:22,51.64054157926259,-71.51374445584639,LOGIN,HIGH
2026-10-25T04:52:22,76.80435835407457,-42.691113187068936,LOGIN,HIGH
2026-03-02T17:02:25,6.024197485862899,-130.90267428136315,ERROR,CRITICAL
2026-04-25T13:23:54,82.82416771447822,-128.13280651494608,PURCHASE,LOW
2026-08-03T23:13:09,67.4580469721001,-129.1054081591617,LOGIN,LOW
2026-08-11T10:07:27,17.397879741599453,13.374737479605955,LOGIN,HIGH
2026-03-23T13:50:05,44.69338561190281,145.27669535083652,PURCHASE,LOW
2026-06-10T06:13:07,73.01304546198003,126.52518648295825,LOGOUT,LOW
2026-03-13T10:56:11,-50.25816551566657,120.50941207250236,LOGOUT,LOW
2026-03-12T10:22:44,30.776024043104115,24.22535201020841,LOGIN,CRITICAL
2026-06-29T03:18:11,26.041412494626854,-153.66795402292195,LOGIN,HIGH
2026-02-08T03:18:45,-54.46483335937512,29.014435227129923,PURCHASE,HIGH
2026-02-19T19:03:06,30.83320184040916,-95.56817445146874,PURCHASE,CRITICAL
2026-01-28T02:39:57,72.02134635172592,-65.59706259585886,ERROR,HIGH
2026-08-28T08:43:40,28.69600515828718,69.64492656514923,LOGOUT,CRITICAL
2026-08-09T03:32:08,-24.391181577846737,-66.12006258132152,ERROR,LOW
2026-01-02T21:02:11,-33.62133946782706,102.83764034322837,ERROR,HIGH
2026-11-23T06:23:35,-25.29252004492993,64.64886474512667,PURCHASE,HIGH
2026-06-29T18:03:34,-9.835564758081077,98.91610614932961,ERROR,CRITICAL
2026-02-12T06:23:37,-58.36137103885944,38.38595978551007,PURCHASE,LOW
2026-12-13T03:29:25,6.951246674044029,-85.23552578631,LOGIN,CRITICAL
2026-01-30T06:46:42,70.57893323416599,125.85141824621104,LOGIN,CRITICAL
2026-08-13T19:44:47,-17.075795840799472,32.41307226265849,LOGIN,CRITICAL
2026-04-12T05:07:12,7.824478305261337,179.54214300426662,ERROR,CRITICAL
2026-10-29T01:21:43,-63.246062950437135,-38.70059549517637,UPLOAD,CRITICAL
2026-11-29T21:20:56,-37.6201511614127,-12.707588818636992,UPLOAD,LOW
2026-06-04T02:18:20,-24.504199546649247,-176.18699402686764,LOGOUT,CRITICAL
2026-09-23T16:50:55,-60.14816063421151,5.089204985897595,ERROR,LOW
2026-03-11T13:45:14,11.944305827976237,23.692511896705525,LOGOUT,CRITICAL
2026-10-12T06:46:34,-2.969385169062434,-50.83360601550987,LOGOUT,HIGH
2026-04-01T00:03:56,-78.68499094557555,-47.00333323890925,LOGIN,CRITICAL
2026-03-22T07:16:26,3.219341362943453,104.92576457597681,ERROR,HIGH
2026-12-23T11:27:58,-8.164179036920103,-163.2825152995759,PURCHASE,LOW
2026-10-01T07:17:50,84.31945215051712,48.084113438971144,PURCHASE,CRITICAL
2026-04-13T06:17:01,14.153658285610462,25.25765465636499,ERROR,CRITICAL
2026-05-28T00:02:53,-24.246579961611417,55.20115676046592,LOGIN,CRITICAL
2026-04-08T16:57:19,-22.260819412161865,146.60727352085507,UPLOAD,HIGH
2026-05-18T01:14:52,57.10261774204295,-55.78836370058238,ERROR,CRITICAL
2026-01-03T13:29:41,0.33065720473351234,-129.97140945223322,LOGOUT,LOW
2026-01-30T22:30:51,2.617429165734791,-78.90857699404542,LOGOUT,LOW
2026-03-03T02:40:36,-24.79987004128361,78.22897504347435,LOGIN,CRITICAL
2026-03-31T10:59:00,-15.369536682880877,-61.119084512501686,LOGIN,HIGH
2026-09-20T05:35:39,-3.813364310385225,-104.14657762136517,LOGOUT,CRITICAL
2026-11-20T15:31:29,-16.038142710623987,-92.27868932834298,LOGOUT,CRITICAL
2026-08-19T01:04:49,-60.99675473384316,46.6345529597358,LOGIN,CRITICAL
2026-02-27T00:52:55,-79.93583925112004,-87.02652743398495,LOGOUT,CRITICAL
2026-06-07T11:07:36,17.884354103087347,22.897692840875465,LOGIN,CRITICAL
2026-10-10T17:12:44,29.114111273248454,-77.95633449396944,LOGIN,LOW
2026-06-24T10:52:43,19.174661626664147,-10.291156230651893,ERROR,LOW
2026-03-27T04:37:08,59.465443446770536,36.301937188032014,UPLOAD,LOW
2026-08-31T00:45:15,28.736775010413552,-84.7725485236957,PURCHASE,HIGH
2026-08-20T16:05:38,16.307278367815314,-97.26703661563928,ERROR,LOW
2026-02-12T03:56:48,-87.01872709078536,8.176083486177049,UPLOAD,CRITICAL
2026-06-13T00:46:23,58.77255340606729,37.9839664300344,LOGOUT,HIGH
2026-12-17T03:35:51,20.654670506466047,-165.94683709747383,UPLOAD,CRITICAL
2026-10-20T04:43:09,-68.84704681654131,-6.393263359506875,LOGOUT,CRITICAL
2026-07-29T10:30:34,58.953920157373204,142.90882302511142,ERROR,CRITICAL
2026-06-13T09:03:33,-23.33205895521958,-164.36221799886667,UPLOAD,HIGH
2026-03-31T02:58:00,78.91589302133048,-6.435558764338424,ERROR,HIGH
2026-08-17T18:19:33,54.831787000975936,146.82919557507427,UPLOAD,LOW
2026-06-15T05:50:55,-65.90104098757175,-8.229154678365603,LOGOUT,LOW
2026-04-21T00:14:12,17.69262297315848,15.743167900389523,PURCHASE,LOW
2026-01-03T02:58:44,37.64679069709942,104.19209362984498,UPLOAD,CRITICAL
2026-02-15T18:14:31,3.557132194153425,-44.9892425862208,LOGOUT,CRITICAL
2026-11-09T08:29:58,-33.13769136673129,-49.58287568114733,LOGOUT,HIGH
2026-09-11T01:07:40,15.366633278533001,-85.93095788514843,UPLOAD,HIGH
2026-08-08T07:06:29,-24.184063001435092,-80.79820456320404,ERROR,LOW
2026-06-10T11:33:56,9.378890701248608,20.7225630707174,LOGOUT,HIGH
2026-08-06T03:07:55,9.884044133699135,-88.64004764062932,PURCHASE,CRITICAL
2026-05-14T17:38:00,49.35500716409854,-36.67328935204688,LOGOUT,CRITICAL
2026-02-16T05:57:35,44.60655511437977,-19.22584413052104,LOGOUT,LOW
2026-03-25T06:53:41,1.5018377609622604,102.98920424161571,UPLOAD,CRITICAL
2026-09-28T17:02:45,33.22160040752729,-161.26099304954946,ERROR,CRITICAL
2026-01-03T01:18:44,54.786484959691336,116.37196758626578,ERROR,CRITICAL
2026-06-19T02:00:42,-74.134675923478,-85.28688073279494,PURCHASE,LOW
2026-08-25T12:33:37,-83.20403910868579,-41.642636246632094,ERROR,CRITICAL
2026-09-12T19:59:47,3.7809977797006127,76.17809941523325,UPLOAD,LOW
2026-10-28T10:33:12,57.64117219707967,50.50487323084931,ERROR,LOW
2026-03-20T08:02:51,63.102174537175586,155.07304824447306,UPLOAD,HIGH
2026-03-17T15:10:08,-83.95031674867349,35.82536864129622,UPLOAD,CRITICAL
2026-03-31T23:19:47,20.7341974266389,62.64877716438477,PURCHASE,LOW
2026-09-12T09:13:14,-89.94829106616778,-123.31988609385931,PURCHASE,HIGH
2026-05-18T03:23:18,30.53916835133552,-34.03765193381267,LOGOUT,CRITICAL
2026-01-06T23:13:34,42.646597226351105,-155.29781810265877,LOGIN,CRITICAL
2026-04-21T11:40:27,40.70496774731325,21.280992101156897,UPLOAD,HIGH
2026-05-15T22:42:09,83.39177971178799,-80.457174469036,UPLOAD,LOW
2026-06-26T14:39:40,77.34849134618165,26.966419828493287,PURCHASE,LOW
2026-06-08T02:46:11,1.1228573259986234,21.10705663307718,UPLOAD,HIGH
2026-05-13T00:42:42,80.46278373197927,109.05920732604864,PURCHASE,CRITICAL
2026-11-12T19:04:57,52.81006636828852,-89.94906298883953,ERROR,HIGH
2026-08-07T17:06:42,-2.9466188058697185,-92.42162769518511,PURCHASE,HIGH
2026-09-22T16:55:22,-7.070320536387811,31.25754617399261,LOGIN,HIGH
2026-02-15T03:41:56,-43.59244233250793,-42.23763146908399,LOGOUT,CRITICAL
2026-09-30T07:26:05,-48.612575053952256,-66.3369501495857,PURCHASE,CRITICAL
2026-07-28T00:38:15,-88.24982549140351,119.58373617236231,LOGOUT,HIGH
2026-02-06T02:54:38,-18.192485412466354,89.56372749497655,PURCHASE,LOW
2026-08-04T08:47:40,77.65132317041929,-8.44003652785571,PURCHASE,LOW
2026-12-14T07:37:53,13.268271449458908,-114.19759704945596,LOGOUT,HIGH
2026-10-14T06:23:02,-54.060022963024345,84.75446348741906,PURCHASE,LOW
2026-03-31T00:22:08,-53.502019418110805,-90.10964377909531,UPLOAD,HIGH
2026-03-02T13:59:02,50.20892649295979,-136.84374264428223,LOGIN,CRITICAL
2026-09-15T15:33:38,-1.3203246110017943,-177.61547658497162,UPLOAD,LOW
2026-11-26T08:01:53,-3.18742538381089,43.44029093943598,ERROR,CRITICAL
2026-12-04T09:30:44,-40.548054066710456,-114.1661292733097,UPLOAD,HIGH
2026-06-04T12:30:20,-50.02329904563361,27.599467085067488,LOGIN,CRITICAL
2026-11-07T09:44:08,-13.8283438526272,158.275591691408,LOGIN,CRITICAL
2026-05-15T20:58:03,-19.130953886568378,67.0819127509402,LOGOUT,HIGH
2026-02-16T17:54:45,35.68402225730512,-14.374587583285177,LOGIN,LOW
2026-09-19T19:05:45,-52.06457057373941,29.16295883260085,PURCHASE,HIGH
2026-08-26T23:30:20,65.13156419058245,-112.62512089697405,PURCHASE,LOW
2026-04-15T15:04:00,-5.157834347078023,40.71025552984119,PURCHASE,LOW
2026-07-13T16:52:24,-13.690281526030262,-29.12654033112122,PURCHASE,HIGH
2026-11-28T18:53:46,-17.893332463999727,-17.73756306797179,UPLOAD,LOW
2026-08-12T15:42:33,33.48214418546864,113.10863909090386,PURCHASE,LOW
2026-08-04T16:08:39,-12.200624688449722,-42.88198239667153,LOGOUT,CRITICAL
2026-02-28T01:53:20,-4.862335584906461,-176.49277520493703,ERROR,HIGH
2026-02-22T05:22:00,89.20111865392829,125.78036954279776,UPLOAD,CRITICAL
2026-10-07T20:06:32,-33.16909550607258,-4.816728919652803,PURCHASE,CRITICAL
2026-11-30T09:49:06,12.210213456956112,-36.575315329202084,LOGOUT,LOW
2026-03-25T16:18:03,56.48725245723233,-8.445807233230681,LOGIN,HIGH
2026-10-17T04:06:42,-29.7618230673787,-50.05367242015623,UPLOAD,CRITICAL
2026-12-28T21:25:15,55.80285866848132,-56.10950047417941,ERROR,LOW
2026-05-17T08:24:01,66.1263451153446,166.72196193044908,LOGOUT,CRITICAL
2026-08-12T15:43:31,26.975786960449582,13.837771585836833,PURCHASE,HIGH
2026-05-07T06:03:39,31.17471122652303,-4.502252050429803,ERROR,LOW
2026-05-28T23:50:20,20.459479030774844,-13.04925093489598,LOGOUT,LOW
2026-09-06T18:38:39,55.38908591227232,-58.54020840038409,UPLOAD,CRITICAL
2026-06-07T04:45:18,62.802138948985544,-154.31613185643934,LOGOUT,HIGH
2026-03-30T15:08:43,-33.573228589906684,55.084715074958524,PURCHASE,CRITICAL
2026-09-08T08:31:13,-18.818041467482928,139.5690503728644,PURCHASE,CRITICAL
2026-08-16T22:29:19,3.768424494524936,-17.896083675056246,LOGOUT,LOW
2026-11-28T17:49:53,-85.84180338302863,81.99806991566561,PURCHASE,CRITICAL
2026-09-30T02:58:07,44.95315264472106,-104.19426307016788,ERROR,LOW
2026-02-07T02:37:30,-78.51736807359116,136.3287515219069,UPLOAD,LOW
2026-01-11T05:44:19,48.768066998289925,8.633804883053102,LOGIN,LOW
2026-04-12T22:13:56,21.258390903095787,-149.64794400528254,ERROR,HIGH
2026-03-31T01:45:08,-45.4686265232654,-77.69689917908795,LOGOUT,LOW
2026-07-24T13:35:39,60.93320020071744,-169.71433451283136,PURCHASE,HIGH
2026-12-02T15:18:40,-4.292146682032765,170.99335635843408,UPLOAD,HIGH
2026-08-02T00:48:45,-9.927912173266108,169.0352152396366,UPLOAD,LOW
2026-08-18T10:56:36,17.565155790580917,47.17710815078149,UPLOAD,HIGH
2026-07-23T06:59:56,25.161571615301696,12.162287171766707,PURCHASE,HIGH
2026-07-29T14:04:17,-49.116879963521676,-147.76055187680043,PURCHASE,HIGH
2026-06-10T02:01:04,-43.234732091209615,-70.71375039368797,LOGIN,CRITICAL
2026-11-13T15:53:25,46.49282077424502,-130.9318363383519,PURCHASE,HIGH
2026-07-27T19:28:59,-88.5029200926528,151.95182246785902,ERROR,HIGH
2026-01-04T13:07:19,47.85645661859479,107.26731945166091,UPLOAD,LOW
2026-11-06T10:24:37,-88.70076269896184,-45.488204450267915,ERROR,CRITICAL
2026-06-19T18:07:35,-18.944625668366996,-121.22298168109603,ERROR,HIGH
2026-03-27T16:04:13,-42.663550419675175,-27.99382220867065,LOGOUT,CRITICAL
2026-10-24T22:00:48,53.99263265573822,40.75783916359376,PURCHASE,HIGH
2026-09-09T20:03:27,43.7268405836073,111.17111367565337,ERROR,LOW
2026-11-28T11:01:44,-77.67648851250641,-130.81534814645124,LOGIN,CRITICAL
2026-06-26T20:06:16,21.191294502452763,-82.03171303741534,UPLOAD,HIGH
2026-03-14T22:19:28,-32.28412983200572,-125.22625015774712,UPLOAD,LOW
2026-03-14T05:03:50,85.01986889846046,-78.43876647271034,LOGOUT,CRITICAL
2026-06-20T06:20:21,40.879272680556284,-96.18822073585605,LOGOUT,LOW
2026-07-11T16:29:41,-50.90614466708665,-28.71251022690828,ERROR,HIGH
2026-06-30T01:51:08,35.44826449793911,-168.57463628881044,LOGIN,LOW
2026-01-22T18:18:54,-42.02935591625033,-38.72816096470888,UPLOAD,HIGH
2026-03-12T12:40:10,-55.405387273238496,122.95414365849348,ERROR,LOW
2026-02-17T08:45:50,85.42773051758275,77.28570766468681,ERROR,HIGH
2026-04-06T23:43:06,42.77142225963155,-167.93629503470098,ERROR,CRITICAL
2026-10-27T10:12:11,-73.08714528527081,59.7628381368645,LOGOUT,HIGH
2026-06-01T02:53:19,32.65961761041358,-67.64062838973489,PURCHASE,LOW
2026-09-02T08:14:09,41.08267402346033,88.10084832811009,UPLOAD,CRITICAL
2026-02-17T10:26:29,-44.403706739684004,49.86720433512858,LOGOUT,HIGH
2026-12-11T16:16:55,-80.62424737618582,60.01012234690609,LOGIN,LOW
2026-09-03T19:08:20,-11.850902897026941,-174.57562610320952,PURCHASE,CRITICAL
2026-02-16T11:12:54,-18.75450594689042,-92.48784003246766,LOGIN,CRITICAL
2026-11-01T06:31:06,34.33525462112368,67.82635401663498,LOGOUT,HIGH
2026-10-27T08:20:55,-73.8936175050586,-123.22855576894497,LOGIN,CRITICAL
2026-08-29T06:11:16,-29.08402258490935,169.0746143379086,LOGIN,LOW
2026-05-19T01:39:53,26.023481396625314,72.47813040828106,LOGIN,LOW
2026-07-09T11:01:30,-48.11856644590856,173.4032559469801,PURCHASE,HIGH
2026-10-12T17:48:54,-55.26624617097148,68.12999290225517,PURCHASE,CRITICAL
2026-02-22T07:47:41,-44.87467660189161,-165.7841246224287,ERROR,CRITICAL
2026-04-25T10:56:20,7.692133825024953,-3.5668815052561627,UPLOAD,LOW
2026-07-31T02:54:38,-27.420357776712216,83.66486764417658,PURCHASE,CRITICAL
2026-12-22T03:30:55,64.90095496038836,-122.27637272480452,UPLOAD,LOW
2026-06-24T12:33:51,-36.778920982067746,-85.19426319764449,PURCHASE,HIGH
2026-01-01T06:42:33,49.66522332165161,2.1447838578796734,LOGOUT,LOW
2026-08-29T16:20:42,64.22927190015861,99.36596440725799,LOGOUT,HIGH
2026-10-08T00:14:25,-78.59848381212285,168.17873652297516,ERROR,LOW
2026-07-23T12:41:03,32.98035286038254,95.66427438354799,LOGOUT,CRITICAL
2026-04-20T22:57:15,-31.931992815697086,50.72541472262634,LOGIN,LOW
2026-07-23T04:34:56,28.60038542749264,-164.2401851663768,LOGOUT,LOW
2026-12-06T05:32:34,-84.37072428782116,-141.46013934363947,LOGOUT,LOW
2026-01-13T08:33:26,12.782192643845818,121.0678295783369,ERROR,CRITICAL
2026-08-31T07:49:35,36.23652388344826,-87.8621290797679,PURCHASE,LOW
2026-08-24T07:53:49,39.2121350225606,-175.28900045993947,LOGOUT,CRITICAL
2026-07-10T20:13:52,77.11266949890643,119.54797110545968,ERROR,CRITICAL
2026-01-24T13:46:00,-25.033310797485882,87.65187872773248,ERROR,HIGH
2026-11-05T10:56:33,37.518081296190644,116.51146785986418,PURCHASE,CRITICAL
2026-01-16T18:54:53,42.1740608861287,120.40433935378223,LOGIN,LOW
2026-07-21T17:57:13,-72.51853497162074,81.06189581130798,UPLOAD,HIGH
2026-03-15T13:53:56,-55.23849938277482,56.47554494108772,UPLOAD,CRITICAL
2026-03-11T11:26:57,10.516226402334752,20.93097857733406,LOGIN,CRITICAL
2026-08-12T21:57:46,-25.566594143147327,-14.860586725785225,ERROR,LOW
2026-03-06T18:46:31,52.64308759921323,17.9875679653926,UPLOAD,HIGH
2026-09-13T08:38:28,-61.52823793812033,179.43608593918134,ERROR,HIGH
2026-12-17T11:46:10,-33.27210069436849,176.9266766225257,PURCHASE,HIGH
2026-06-10T03:19:04,47.55318622278682,-24.988293816031614,PURCHASE,CRITICAL
2026-04-04T11:41:48,11.366046504771134,-102.98587102426066,UPLOAD,CRITICAL
2026-04-09T16:16:56,-25.198461911847303,-17.134749285132273,ERROR,LOW
2026-10-10T01:43:49,-83.76067759892221,-77.58641858045299,LOGIN,CRITICAL
2026-02-22T11:05:24,88.81416171981706,-71.33700458433647,PURCHASE,LOW
2026-03-25T10:17:37,64.02967659147711,-172.18750627526416,PURCHASE,CRITICAL
2026-07-18T13:23:44,10.13815539121832,153.33208207622363,LOGOUT,LOW
2026-01-15T15:43:40,-7.133434980973348,-123.80144171545695,PURCHASE,HIGH
2026-12-12T11:54:33,14.788027144776606,-96.12210652047563,PURCHASE,LOW
2026-08-10T13:19:32,-18.03631527400249,150.43744920400843,LOGIN,CRITICAL
2026-05-07T02:20:57,52.7227549765704,-117.75510329172387,UPLOAD,LOW
2026-08-20T03:57:24,25.605832145145428,-166.54622537580008,UPLOAD,HIGH
2026-01-31T11:27:44,50.42194344152574,151.87373874727297,PURCHASE,HIGH
2026-12-08T16:15:37,57.08550600837759,-30.052183457549035,LOGIN,LOW
2026-10-18T08:52:12,27.500252968863165,36.8285883539553,LOGIN,CRITICAL
2026-10-29T22:04:00,23.794851667043957,-160.51393844394372,UPLOAD,LOW
2026-05-05T00:14:45,7.1873512989604365,-126.15119309977155,UPLOAD,CRITICAL
2026-03-27T17:58:43,-62.42445313115742,62.50868725306006,ERROR,HIGH
2026-10-20T08:58:45,17.123794433071254,1.702564600332522,LOGOUT,HIGH
2026-04-23T12:58:24,51.54629372788989,-126.71553576299509,PURCHASE,LOW
2026-07-04T19:17:12,12.859306291913285,-162.2480046947683,ERROR,HIGH
2026-02-03T00:59:37,-18.265133274136787,-23.583199988476593,LOGOUT,LOW
2026-07-06T18:31:21,10.673311916437257,-4.370004070440189,UPLOAD,LOW
2026-08-06T22:27:40,20.879430766956332,84.84039149231614,LOGOUT,LOW
2026-01-28T19:46:13,-42.0737236751695,-25.176336791901406,UPLOAD,LOW
2026-02-13T16:51:15,30.91455962095236,-27.52538314836957,PURCHASE,LOW
2026-05-05T13:29:53,-27.985516288147238,55.94754881199043,PURCHASE,LOW
2026-05-16T19:35:35,20.91977900181061,176.45730561767942,ERROR,CRITICAL
2026-02-26T15:07:36,-10.716583668604812,152.71675448523382,LOGOUT,LOW
2026-09-24T04:00:39,-22.71225774229751,92.78416173350234,LOGIN,LOW
2026-10-15T05:24:01,-80.18315759488424,161.61872940928396,LOGOUT,HIGH
2026-01-06T08:00:12,-28.21115296421096,109.54107850834782,PURCHASE,HIGH
2026-07-02T23:48:43,-85.90533927278364,-104.75656519528724,UPLOAD,LOW
2026-03-21T03:33:58,8.356358514635687,90.12785355088766,UPLOAD,HIGH
2026-08-30T23:10:20,41.38624503176197,-129.11492846738093,LOGIN,HIGH
2026-08-15T09:59:59,73.08725148018524,9.647672591012139,PURCHASE,LOW
2026-01-24T08:15:58,-38.877562611361675,104.10785802267196,UPLOAD,HIGH
2026-01-21T14:47:25,-6.307052687880287,160.26353361457814,LOGIN,HIGH
2026-09-14T11:07:15,-41.16413176553925,126.74986011261313,PURCHASE,LOW
2026-01-08T09:49:22,-37.35079604287536,138.02483345410235,ERROR,LOW
2026-05-28T20:23:32,1.5372597857575698,75.48796740067996,PURCHASE,HIGH
2026-12-03T14:54:27,17.479153541333346,-148.31255922384366,LOGOUT,CRITICAL
2026-06-27T20:44:28,10.923757454328197,76.48890858691817,LOGIN,LOW
2026-12-25T04:10:49,5.294765493921574,-59.91493153292075,ERROR,CRITICAL
2026-03-02T23:23:42,-86.69299943431928,66.35208790517382,PURCHASE,CRITICAL
2026-04-28T09:53:04,-47.48314217270171,172.16793620803668,UPLOAD,HIGH
2026-11-12T07:23:23,-78.83825456617308,-87.23542871830006,ERROR,LOW
2026-08-04T12:24:34,80.84095530535944,-98.79022885400846,PURCHASE,HIGH
2026-09-13T03:02:52,-65.29307830480411,82.76027901168584,UPLOAD,CRITICAL
2026-08-26T20:25:57,67.08626473392866,67.1483925124561,ERROR,LOW
2026-08-11T11:48:05,-62.50515224960671,169.39338231427814,UPLOAD,HIGH
2026-06-24T10:33:36,7.602075217060616,-105.56738112203664,LOGOUT,CRITICAL
2026-07-30T05:47:00,33.12875452651761,-107.16831601760121,LOGOUT,HIGH
2026-09-25T09:35:03,36.92454980131812,8.569974060673815,LOGOUT,HIGH
2026-12-20T00:30:48,85.63984363234786,-127.74513783869574,UPLOAD,LOW
2026-05-04T07:16:45,-77.79347255586644,11.866156917039774,LOGIN,LOW
2026-05-04T08:13:26,61.11405177663909,-127.61178089865572,LOGIN,HIGH
2026-12-08T19:25:25,85.12128632163424,166.0306274000602,PURCHASE,HIGH
2026-10-17T13:35:10,78.07833439041474,141.88683352816895,PURCHASE,LOW
2026-10-30T13:48:42,-56.17195159778851,-132.6434830836301,LOGIN,CRITICAL
2026-08-28T14:21:29,-41.96472965919368,24.135513458030857,LOGOUT,CRITICAL
2026-04-01T04:05:53,-48.43577203357205,-170.60958259303808,LOGIN,CRITICAL
2026-10-30T20:30:26,-4.211600392046634,0.836851482166054,UPLOAD,HIGH
2026-10-04T12:29:57,26.922339553480526,-113.76846800173377,ERROR,HIGH
2026-07-04T00:34:24,-65.24770997850935,-110.42646138773634,LOGIN,HIGH
2026-10-24T22:01:06,84.38671456800822,153.15662992856744,ERROR,LOW
2026-10-16T07:21:31,30.841035678117095,-106.97991257310233,LOGOUT,LOW
2026-03-10T18:29:18,76.87857711200289,174.82595025109254,UPLOAD,HIGH
2026-09-25T03:20:42,-31.51878717527179,-15.28382540098363,LOGOUT,HIGH
2026-06-07T05:37:54,49.71864944345302,38.85478485166607,ERROR,CRITICAL
2026-05-02T12:24:57,-19.052872433730386,158.09008797473035,UPLOAD,CRITICAL
2026-07-28T05:22:03,4.541495706520124,135.28186986953403,LOGIN,CRITICAL
2026-02-12T10:54:06,-8.71027333854083,117.72363659736595,LOGIN,LOW
2026-07-21T10:39:32,6.816445821598265,174.17903173462474,LOGIN,CRITICAL
2026-05-31T10:48:34,2.9028029570637273,47.03347911337934,LOGIN,LOW
2026-04-24T01:59:18,-10.880302551037232,138.38312737375117,PURCHASE,HIGH
2026-03-06T15:46:03,-13.95680715892054,40.72834052780132,LOGIN,CRITICAL
2026-07-20T18:30:22,72.66161639692731,-13.11157689421131,ERROR,LOW
2026-10-08T15:33:22,0.11840224542382316,-115.28229891998164,UPLOAD,CRITICAL
2026-08-01T04:53:00,-65.64479864573474,-31.118650164858025,ERROR,LOW
2026-03-11T11:16:09,-8.337467564219367,142.78230262211247,LOGOUT,HIGH
2026-02-05T00:32:07,-44.98518706609711,69.0182741991245,LOGOUT,CRITICAL
2026-10-12T18:30:01,-67.76204096962198,-138.900622023332,ERROR,CRITICAL
2026-05-21T22:52:39,-74.64482207382386,74.62048275971006,UPLOAD,CRITICAL
2026-03-04T02:22:22,-21.83784634573564,-42.981476665987174,LOGOUT,HIGH
2026-08-08T14:45:48,66.83497264024211,130.56209246838318,LOGOUT,LOW
2026-03-11T11:09:32,48.44822338349036,-161.52822352163938,PURCHASE,HIGH
2026-10-11T13:36:02,48.353476024969666,-19.347035706333884,LOGOUT,LOW
2026-12-15T23:01:03,-66.31721427382456,-106.97338609939933,UPLOAD,HIGH
2026-01-05T17:47:04,-7.44432159086341,127.94798031085139,UPLOAD,LOW
2026-08-25T02:49:15,68.88652569669503,-94.36379255298836,UPLOAD,CRITICAL
2026-07-04T17:57:25,-8.327072904801028,-20.924869860814766,UPLOAD,CRITICAL
2026-01-03T13:15:54,-45.951629141046,17.042979449932687,UPLOAD,CRITICAL
2026-08-05T12:43:48,57.62185043502936,-105.25046365253056,LOGOUT,LOW
2026-01-22T09:13:59,27.589838078793647,-166.78042134393166,LOGIN,CRITICAL
2026-08-13T12:12:52,60.8425984426691,-72.56104320883762,LOGIN,LOW
2026-02-12T06:54:23,-14.947753706035527,-115.8305789673278,PURCHASE,CRITICAL
2026-09-14T16:15:49,34.47245125452001,34.18883506969905,UPLOAD,LOW
2026-06-26T20:03:22,44.88026562492499,-50.3320868661051,LOGIN,LOW
2026-10-26T11:03:03,-36.12699331262759,-47.31500682897334,ERROR,LOW
2026-10-22T13:11:30,-13.081708909602966,18.169589812854753,PURCHASE,HIGH
2026-02-22T06:03:27,-68.03581859892981,129.3868587821027,PURCHASE,CRITICAL
2026-06-10T16:30:11,4.436317665667573,70.4986190442618,UPLOAD,LOW
2026-02-12T10:46:14,12.846073592835154,172.56598045253975,UPLOAD,LOW
2026-07-07T20:03:56,40.3333448168469,37.72008758933097,PURCHASE,HIGH
2026-08-25T10:50:34,62.603634573280345,-86.52238585695,UPLOAD,CRITICAL
2026-05-18T10:09:07,76.87896626702224,41.144393105420164,ERROR,CRITICAL
2026-10-11T04:29:39,23.734369349430494,-2.6983966613342716,LOGOUT,CRITICAL
2026-04-01T09:07:22,37.545672150610756,172.53275744378533,LOGIN,LOW
2026-01-10T07:34:23,-6.320585812755439,106.82371916214572,LOGOUT,CRITICAL
2026-06-11T00:39:04,-15.472594885613077,-59.834787503823534,UPLOAD,CRITICAL
2026-03-24T11:07:58,-87.96649176395464,-107.57262998516752,PURCHASE,HIGH
2026-11-03T21:09:21,-77.78950858563886,-71.89776195281547,UPLOAD,HIGH
2026-10-25T21:15:43,-88.89637276164729,66.90088391290485,PURCHASE,HIGH
2026-10-09T07:51:57,12.405877343407283,165.64061709107648,LOGOUT,LOW
2026-05-09T08:37:17,60.08855403087014,152.02071549065607,ERROR,HIGH
2026-11-06T14:56:58,-83.59951484041363,-131.12859745816598,LOGOUT,CRITICAL
2026-06-28T21:16:13,70.57049882218527,13.308316190051244,PURCHASE,HIGH
2026-11-01T11:18:26,56.549992222424976,154.00439163543638,LOGIN,CRITICAL
2026-04-27T06:05:09,11.689675379496407,64.15114487395451,UPLOAD,CRITICAL
2026-01-08T06:28:06,-52.51275536468943,66.77758812471436,PURCHASE,LOW
2026-02-27T23:37:21,-39.51719484230097,-168.77766071189293,ERROR,CRITICAL
2026-07-27T11:47:12,61.63303948845345,25.553390816212215,ERROR,LOW
2026-08-20T03:35:25,-68.96796512881768,101.64381735439952,PURCHASE,CRITICAL
2026-11-30T03:27:25,-33.39010828903911,-168.6138422955642,ERROR,LOW
2026-07-13T00:52:59,67.86877187174264,-46.22991232062671,PURCHASE,LOW
2026-07-23T22:17:26,-35.58270624650797,-139.5967419839081,LOGIN,LOW
2026-12-21T17:04:29,-73.3312585958888,2.1580893470087403,ERROR,CRITICAL
2026-03-01T20:06:32,-55.76189785286143,152.50923644043428,UPLOAD,HIGH
2026-10-29T04:29:36,-31.07916872357498,97.01330299561943,LOGIN,CRITICAL
2026-09-20T19:27:44,88.68966194904661,-106.13264038528928,LOGIN,HIGH
2026-05-31T12:35:02,38.461930272473666,8.044154358662325,LOGIN,HIGH
2026-12-29T02:00:50,-82.07460654028193,125.3246487225855,LOGIN,HIGH
2026-07-01T07:35:55,70.05345767963794,-142.88298139417194,PURCHASE,LOW
2026-08-13T07:14:52,46.52888772029968,49.986306735640824,LOGOUT,HIGH
2026-03-19T21:18:46,-55.34178486777747,-80.4061660794967,PURCHASE,HIGH
2026-09-18T15:19:46,-68.82284902723315,-126.24453979210136,PURCHASE,LOW
2026-01-06T22:12:10,82.49364981152186,21.465274878306957,LOGIN,LOW
2026-07-30T16:44:02,-26.942735173658896,-65.34543173328971,LOGOUT,CRITICAL
2026-11-09T05:50:58,-39.01181471843325,-91.86297340945161,LOGIN,HIGH
2026-08-27T04:01:27,70.60375884900242,14.60775673175715,LOGIN,LOW
2026-01-12T06:13:53,-5.26759577846056,63.178537623317254,LOGIN,HIGH
2026-01-21T21:27:04,-74.49847551611191,-38.90996616755518,UPLOAD,CRITICAL
2026-09-02T11:05:31,60.51139268444837,71.77157998458335,UPLOAD,HIGH
2026-05-02T08:09:28,-30.18022278592322,-108.66703021046875,UPLOAD,LOW
2026-12-25T08:58:12,46.033728402831315,-12.349669304459184,LOGOUT,LOW
2026-11-12T16:19:14,54.42308966475744,71.49578726723288,LOGIN,HIGH
2026-05-01T13:03:36,33.2060354649674,75.67772474838534,ERROR,HIGH
2026-03-31T23:32:47,80.54068863602728,-128.26019383970905,UPLOAD,HIGH
2026-12-21T12:29:12,-24.5791178153914,-113.99289420350446,PURCHASE,HIGH
2026-06-26T00:54:15,-2.2487881373797194,-156.4685284262868,LOGIN,HIGH
2026-07-05T21:21:38,-6.976496933118057,-118.51144387116543,PURCHASE,CRITICAL
2026-08-12T04:23:22,-67.0690796417673,-142.94440428877658,LOGIN,HIGH
2026-08-04T23:41:32,26.901254302012305,105.27513823481297,UPLOAD,HIGH
2026-06-05T15:52:49,16.29647220983759,-94.11289495591117,LOGOUT,CRITICAL
2026-03-03T18:10:35,85.3005116196531,-41.826074840265704,PURCHASE,LOW
2026-11-13T02:14:39,34.93077491502936,-24.786540848366712,ERROR,CRITICAL
2026-11-02T18:25:02,-28.403849765547832,69.88793645065692,LOGOUT,CRITICAL
2026-09-18T01:10:22,-75.9790075340415,155.11077326750137,UPLOAD,HIGH
2026-02-14T09:33:58,16.589364314776574,-13.352963647722362,UPLOAD,LOW
2026-11-16T05:48:36,-9.861078175072961,-69.10713952691823,ERROR,LOW
2026-08-21T08:10:47,-70.42596590972275,113.0640191935446,ERROR,HIGH
2026-07-11T23:09:52,26.09804078064603,-157.86640023744195,LOGOUT,LOW
2026-12-11T13:52:36,14.53822048445106,91.79586402332643,LOGIN,LOW
2026-09-14T15:51:39,-63.1410422806785,11.252095587113274,ERROR,CRITICAL
2026-08-13T10:42:40,-9.511241650432424,-105.96179451535612,PURCHASE,HIGH
2026-08-10T11:21:40,52.982398751204954,64.6412139358971,ERROR,CRITICAL
2026-12-22T09:31:01,-28.032367242484796,-147.85653434856454,LOGIN,CRITICAL
2026-07-18T05:29:43,-17.244465108404953,-134.0799490593235,PURCHASE,LOW
2026-05-24T09:24:24,72.19362511336297,168.44382598344856,LOGIN,CRITICAL
2026-08-06T11:51:37,57.73559105519445,-50.671932999108805,PURCHASE,LOW
2026-04-02T08:36:23,-12.291209799051757,32.45899485004392,PURCHASE,CRITICAL
2026-05-29T15:51:28,-16.91412218897264,-23.331582574227753,LOGOUT,CRITICAL
2026-03-09T08:17:57,-4.523145667967242,-112.23833829200441,ERROR,HIGH
2026-11-23T05:01:10,-14.89761093431629,-76.15048617806903,LOGOUT,LOW
2026-01-05T12:08:43,-77.08572062320961,-174.34519222499046,ERROR,CRITICAL
2026-06-19T14:39:58,85.49550487279276,-131.1207316035119,LOGOUT,CRITICAL
2026-11-09T23:55:13,-15.146016070041838,-15.829684423732118,UPLOAD,HIGH
2026-08-31T01:05:48,-57.63647212243837,3.389369194842004,UPLOAD,HIGH
2026-05-30T09:48:03,-26.044698501874777,-113.1152278712551,UPLOAD,LOW
2026-08-13T10:46:38,-0.3317465452499846,83.12881682239464,UPLOAD,HIGH
2026-06-09T13:17:09,76.78160129718427,27.48684713325804,LOGIN,LOW
2026-08-09T15:32:16,-3.011736222514088,-47.31170445129894,UPLOAD,HIGH
2026-09-26T03:54:03,-75.58864097613287,82.86676901031689,UPLOAD,HIGH
2026-06-30T13:31:14,3.050918982045559,8.408446016680955,UPLOAD,LOW
2026-04-06T05:43:17,-4.958716977243782,87.00699984241493,LOGIN,CRITICAL
2026-09-04T02:23:49,7.05549823982777,28.666238430886693,UPLOAD,LOW
2026-12-17T22:01:30,-28.161689219579202,100.2697679689677,ERROR,HIGH
2026-07-19T02:21:59,73.08991465316586,26.62750858197535,PURCHASE,HIGH
2026-05-18T01:24:06,82.90463444588252,107.36035992251675,PURCHASE,LOW
2026-01-14T17:15:51,35.10920931485006,35.149146838434774,PURCHASE,CRITICAL
2026-11-01T20:55:52,11.46712919235054,-157.889605264753,ERROR,CRITICAL
2026-03-07T15:55:57,13.114799181309166,56.275159094716116,PURCHASE,CRITICAL
2026-08-31T11:03:22,-85.08634424487639,-5.486332254829591,LOGOUT,CRITICAL
2026-01-30T20:24:29,63.26014608947415,-79.97443310366312,LOGOUT,CRITICAL
2026-04-20T02:50:53,-40.46091933239618,-87.49594058757216,LOGIN,CRITICAL
2026-03-09T19:31:08,73.82366796224281,86.02820407158748,ERROR,HIGH
2026-11-10T17:37:15,-58.42811430226665,101.7099739035886,LOGOUT,HIGH
2026-03-12T05:15:49,53.886961154118126,130.32519408995347,PURCHASE,LOW
2026-02-26T08:09:09,17.197936535697664,115.82055639843719,ERROR,HIGH
2026-10-27T04:20:53,-21.02994126952784,57.840223896999646,LOGOUT,LOW
2026-08-13T09:05:21,42.18499996907968,-55.772740993222,PURCHASE,LOW
2026-01-21T09:33:06,-59.83192858455565,-36.451871011827166,PURCHASE,HIGH
2026-10-17T18:37:37,80.68531941948095,152.08532953044397,LOGOUT,HIGH
2026-09-23T10:46:28,37.00940482476865,-9.147750924937043,LOGOUT,CRITICAL
2026-12-04T23:34:35,-11.7478206594635,-76.03480000942865,ERROR,HIGH
2026-09-21T12:01:00,-33.176047555228415,10.891232235993954,LOGIN,LOW
2026-12-23T09:41:49,5.6328034008767105,-52.621885953649056,ERROR,CRITICAL
2026-12-23T12:46:18,27.371866364061987,-81.86738580027024,PURCHASE,HIGH
2026-11-08T14:07:49,-72.31017808644545,55.5635813646291,ERROR,HIGH
2026-10-28T06:17:23,31.55240144458685,-92.95309138035148,UPLOAD,LOW
2026-07-21T22:18:24,-29.266811445435387,68.50019840566324,LOGOUT,HIGH
2026-08-01T16:07:08,-88.09596194994201,-176.94858000123338,LOGIN,LOW
2026-06-09T17:06:58,-72.41422329435075,-142.59337748006106,ERROR,HIGH
2026-03-27T05:06:30,40.545118085991305,-89.31740142771132,LOGIN,LOW
2026-08-29T13:12:02,-73.4505691361521,157.8619683823726,LOGOUT,CRITICAL
2026-09-05T19:21:48,-68.07777637650433,164.80632158511696,LOGIN,CRITICAL
2026-02-20T10:49:24,-22.327480776972834,94.98879584642492,UPLOAD,LOW
2026-12-14T23:20:25,-70.04788439558705,-113.66532257794691,PURCHASE,HIGH
2026-09-14T12:05:58,78.51277078411394,49.96098282366805,PURCHASE,HIGH
2026-09-26T19:58:18,72.61046871665309,97.15698329540385,PURCHASE,HIGH
2026-03-04T21:37:58,50.53163374453388,-80.17650664032892,LOGIN,HIGH
2026-05-31T21:55:31,-30.122147356923357,-158.378886781887,PURCHASE,LOW
2026-06-21T02:27:18,-77.5082733593142,172.59191285290615,LOGOUT,CRITICAL
2026-06-02T11:37:05,-57.880409388341235,-2.859373993911106,LOGOUT,CRITICAL
2026-10-26T12:52:17,-12.37435624517822,41.0278647512327,LOGIN,HIGH
2026-10-05T20:00:51,-43.38067383623361,-167.450077934183,LOGIN,CRITICAL
2026-10-10T13:12:44,-44.89265695286774,-19.482461163734484,ERROR,LOW
2026-09-11T13:08:45,25.26034847018252,155.84174047127982,ERROR,HIGH
2026-02-28T21:05:02,36.009935880970616,145.66231564342178,UPLOAD,LOW
2026-07-20T03:43:03,37.369017371416035,97.5566263246879,ERROR,HIGH
2026-06-06T20:44:22,61.928847663090636,101.1373333068135,LOGIN,CRITICAL
2026-03-29T17:02:42,-89.40467514696496,163.4959245334124,ERROR,LOW
2026-08-09T07:05:46,6.354733767417002,176.97649694391038,PURCHASE,CRITICAL
2026-04-28T14:33:44,-17.889336273558143,47.61810957585041,LOGIN,HIGH
2026-07-27T15:04:41,63.6015741003051,-57.57739552136928,ERROR,HIGH
2026-09-09T13:51:51,-53.438315154676935,19.61116980134861,ERROR,CRITICAL
2026-03-16T04:16:42,-36.20333786860995,-39.562298933224014,LOGIN,CRITICAL
2026-09-25T12:28:41,-25.33299812994423,-149.44950551780244,ERROR,CRITICAL
2026-03-15T13:56:13,-64.81026868205004,-110.48662119260986,UPLOAD,LOW
2026-07-09T23:58:40,-20.021843974749217,105.38610186128864,PURCHASE,HIGH
2026-07-27T08:40:54,83.69169227901884,112.24011124484701,LOGIN,LOW
2026-05-12T18:21:59,-79.91019844420741,103.60027148995039,LOGIN,HIGH
2026-02-15T21:35:01,-51.89792837739986,55.3859764354967,UPLOAD,HIGH
2026-09-21T08:08:36,66.63600532238164,13.162101608688403,UPLOAD,LOW
2026-12-26T03:54:29,-77.03397492589072,84.7655005080444,ERROR,CRITICAL
2026-01-08T09:40:48,-5.180465554504124,150.48686729828978,LOGIN,LOW
2026-09-30T08:33:36,26.78155544025296,-174.82852621369332,LOGIN,HIGH
2026-11-15T17:50:38,52.86547882491797,-15.773546546389753,LOGOUT,CRITICAL
2026-01-25T20:07:41,57.20403199750683,-141.72076790701834,ERROR,CRITICAL
2026-11-07T08:51:10,20.813134906463716,-157.280359792685,LOGOUT,HIGH
2026-05-12T00:15:56,56.0737853531634,173.5893910054432,ERROR,HIGH
2026-02-16T21:57:37,85.6535884971612,27.348123762894602,LOGOUT,HIGH
2026-11-21T20:03:55,83.64463018445895,-103.23653850613506,LOGIN,CRITICAL
2026-03-09T08:38:57,-29.609329019636363,-136.5316237613439,LOGOUT,HIGH
2026-03-07T06:20:50,35.33324142237693,19.22678276451083,ERROR,LOW
2026-12-26T11:55:16,14.75744431708604,-131.98648425945325,UPLOAD,HIGH
2026-10-30T00:19:54,-61.60434094955431,136.66569870195008,LOGIN,LOW
2026-01-03T19:19:57,-57.70568589341155,-147.90915359238647,UPLOAD,HIGH
2026-06-11T15:28:20,34.83063493172915,105.20665733607541,ERROR,CRITICAL
2026-02-19T06:43:23,-52.89116065386077,50.337253343626145,UPLOAD,HIGH
2026-06-10T00:24:37,-46.934323393880355,-117.16238305126376,LOGIN,CRITICAL
2026-03-11T21:43:33,39.09577600642871,40.33793436070755,LOGIN,CRITICAL
2026-11-17T23:23:07,50.86494545799462,-54.77271593538737,LOGIN,CRITICAL
2026-04-02T12:18:53,-55.45748486257041,175.17726891392203,LOGIN,CRITICAL
2026-05-21T13:09:52,65.29159081729563,175.2415641717629,UPLOAD,LOW
2026-06-30T06:48:24,48.65963095995457,57.35777702122277,PURCHASE,LOW
2026-03-17T05:35:30,-69.71775797463705,-126.28172988677213,ERROR,HIGH
2026-03-10T11:27:25,-61.243273164140646,152.1622942054392,LOGIN,CRITICAL
2026-05-22T10:31:31,-38.68838639761392,-23.518208783139016,PURCHASE,CRITICAL
2026-11-09T16:34:34,70.21432680274131,-16.866854015035244,LOGIN,CRITICAL
2026-01-21T08:55:50,76.4750422293314,-116.68046104240106,LOGIN,HIGH
2026-07-19T23:15:01,-69.1082846168078,142.22850296428754,ERROR,CRITICAL
2026-08-14T03:46:17,-31.324983422220292,-108.44949760324337,PURCHASE,LOW
2026-10-30T12:34:33,-70.17608375322968,-97.9984569899508,LOGOUT,CRITICAL
2026-06-10T05:40:06,66.57953453058039,-44.80834036401325,LOGOUT,LOW
2026-07-02T21:56:50,15.316606366585106,-160.43783187437072,ERROR,LOW
2026-03-25T22:48:19,77.01968095971674,-16.203285872177247,ERROR,HIGH
2026-02-22T23:22:59,-7.606765258552002,-110.1042277550131,PURCHASE,HIGH
2026-03-20T12:44:31,-29.539559312923863,-168.44594561162748,UPLOAD,LOW
2026-04-19T23:25:13,-65.4297301173235,126.5944919555809,ERROR,HIGH
2026-03-08T11:42:42,46.86112494650246,-100.85271686980703,PURCHASE,CRITICAL
2026-03-02T21:22:16,52.11845370398291,49.67971699680126,UPLOAD,LOW
2026-08-13T12:28:56,84.62445154410611,127.80144782880564,LOGIN,HIGH
2026-11-29T19:34:27,3.9183807973445255,130.39165912895766,LOGOUT,CRITICAL
2026-07-03T21:14:14,60.65802472306285,-79.49848379774849,ERROR,CRITICAL
2026-12-05T21:12:26,-45.60224812768654,-62.17345896117733,UPLOAD,LOW
2026-12-13T08:23:21,76.94634263604053,160.65084765575148,UPLOAD,LOW
2026-06-12T05:54:57,86.43312743276621,-165.57887526707012,ERROR,CRITICAL
2026-10-26T11:55:50,0.7589391324795685,-26.74884832498566,ERROR,HIGH
2026-11-11T11:06:17,53.64315260497949,115.66487547218583,ERROR,HIGH
2026-04-04T09:43:46,-75.04352569186948,91.10832903140988,ERROR,LOW
2026-02-21T12:57:55,-25.4869772997329,-93.93753742314527,LOGIN,LOW
2026-07-06T07:54:04,30.426409504343482,-121.75097992129912,ERROR,CRITICAL
2026-10-18T05:13:00,15.058819982367936,171.51148024009677,ERROR,LOW
2026-12-06T12:07:32,36.564280189312,-113.41953423359146,PURCHASE,CRITICAL
2026-06-30T07:33:01,36.7023713440628,-179.5090863873232,LOGIN,HIGH
2026-12-13T23:24:45,34.335114955329175,11.131317703255291,PURCHASE,HIGH
2026-10-20T09:25:29,-41.437911498174856,160.5943776704404,UPLOAD,CRITICAL
2026-11-05T13:04:43,-52.71364315014683,66.47946528453568,UPLOAD,HIGH
2026-10-13T17:47:15,77.80378781159297,5.305133017271743,PURCHASE,LOW
2026-02-13T02:16:59,-21.06810088599954,-12.47296495074005,LOGIN,HIGH
2026-05-23T07:24:11,-58.4518674264023,21.16456489082063,LOGIN,CRITICAL
2026-10-03T11:30:04,49.24359155333241,-130.17390941641793,PURCHASE,LOW
2026-07-29T13:45:06,-69.55961781124093,-7.742352594011862,UPLOAD,CRITICAL
2026-03-23T11:25:17,45.571229711942436,93.91892523435803,PURCHASE,HIGH
2026-12-15T17:20:33,-41.87558657942806,64.88162601183717,PURCHASE,LOW
2026-01-25T14:38:36,-22.89351983263505,-17.132166213976717,UPLOAD,CRITICAL
2026-11-19T04:03:28,-67.91230183370791,75.53710394714483,UPLOAD,HIGH
2026-06-25T12:44:37,21.771228211121638,107.9653921901459,LOGIN,LOW
2026-12-13T09:08:25,69.11621661795186,-148.56884994461132,ERROR,LOW
2026-04-22T23:49:41,82.48617091918621,-152.29896843901747,LOGOUT,HIGH
2026-02-13T12:08:41,35.474779953298906,-1.3216554062120451,LOGOUT,CRITICAL
2026-09-01T14:38:16,-85.91575166008995,-30.046802840777815,UPLOAD,LOW
2026-07-04T01:06:50,-27.593955579225756,-20.21038125771787,LOGIN,HIGH
2026-03-15T10:10:23,-78.66908845330335,133.84573227700645,LOGOUT,CRITICAL
2026-09-08T08:46:43,-29.542073502357972,28.333658005336588,PURCHASE,HIGH
2026-08-19T10:29:25,29.853962253298192,10.859842770448552,UPLOAD,HIGH
2026-06-27T20:56:07,-35.26517911176907,-132.49646929367267,PURCHASE,LOW
2026-11-03T12:30:29,-43.19865762575903,-5.672479466461908,PURCHASE,LOW
2026-02-27T14:36:48,-26.43823883541848,-15.866446612499772,LOGOUT,CRITICAL
2026-12-25T21:31:52,-61.05782115365423,12.714006771808641,LOGOUT,LOW
2026-11-22T23:08:17,37.46000829871495,145.69601297295202,LOGOUT,LOW
2026-04-03T09:26:18,-68.95487973535612,177.7582937030889,UPLOAD,LOW
2026-06-21T05:22:47,-43.126704495094835,-113.58123009014183,UPLOAD,CRITICAL
2026-01-14T11:19:32,29.799590684845114,172.08812269408196,LOGOUT,HIGH
2026-06-24T03:39:43,7.175987329958531,-121.46486109412118,PURCHASE,LOW
2026-12-24T11:03:59,-85.5134630738108,155.18480971299175,LOGOUT,HIGH
2026-12-27T07:49:40,-32.36077243022928,-178.45404990573186,UPLOAD,CRITICAL
2026-05-09T15:45:33,26.50391136840912,-73.5995271011603,PURCHASE,CRITICAL
2026-09-16T23:50:39,-63.52497455534555,23.483345376519537,ERROR,HIGH
2026-09-25T15:18:55,-69.78318786848118,-7.566755979785256,LOGIN,LOW
2026-09-21T07:29:44,9.172798253876692,-69.09040772224655,ERROR,CRITICAL
2026-11-23T13:32:27,-50.33433645758716,-51.33832251062091,PURCHASE,LOW
2026-08-25T04:22:48,25.43627750223095,30.03531895217435,LOGOUT,HIGH
2026-03-18T00:12:08,-85.94124365563603,13.828425897676482,ERROR,CRITICAL
2026-09-18T19:22:19,82.37226572430018,171.30222249212494,ERROR,LOW
2026-07-10T11:28:06,-32.80359381011921,37.82801586508825,LOGIN,CRITICAL
2026-05-21T05:22:06,-18.439560483170553,77.74695804245368,ERROR,HIGH
2026-05-30T22:49:49,-22.89039282355948,-77.52586838475412,PURCHASE,HIGH
2026-06-23T01:04:10,67.37431243796604,-148.46449287496318,ERROR,CRITICAL
2026-06-11T09:45:49,54.66339081265616,-76.09175340112657,ERROR,CRITICAL
2026-12-15T03:19:20,-15.445118210299455,120.78415163893118,UPLOAD,LOW
2026-02-25T18:48:54,-52.598917673665255,-9.139273197817289,UPLOAD,HIGH
2026-01-26T16:14:37,77.9675392271366,32.644400836535226,ERROR,LOW
2026-01-03T13:41:32,-16.297085024527632,149.18777866958374,ERROR,LOW
2026-08-04T20:33:37,-6.818406374421272,24.449876784441955,LOGOUT,LOW
2026-03-14T05:42:19,59.81107017933215,-75.79326004242829,ERROR,LOW
2026-11-16T13:02:40,58.7246949550414,120.45067258682082,PURCHASE,HIGH
2026-08-06T04:52:38,43.1740841524402,-99.1727202410817,LOGIN,LOW
2026-04-13T00:19:38,-35.96950656112443,50.599875303562726,ERROR,LOW
2026-09-11T21:58:42,29.8644231310753,-76.4319480197397,LOGOUT,HIGH
2026-12-19T03:55:30,33.81177347944268,-91.88990585327649,LOGIN,HIGH
2026-07-11T11:33:40,88.97993173236071,-155.97906250058952,PURCHASE,CRITICAL
2026-07-06T14:27:11,11.80342613527425,132.60453054940814,ERROR,CRITICAL
2026-11-14T18:55:47,-68.47493687885704,4.509312986318861,UPLOAD,LOW
2026-11-25T06:34:52,-43.28330688690767,29.395618893681018,LOGOUT,HIGH
2026-06-29T01:14:28,68.09710759513786,-131.22093820081082,LOGOUT,LOW
2026-04-16T21:28:18,-24.99057937031597,49.0489686158125,PURCHASE,LOW
2026-04-23T13:39:20,-37.50046241782444,50.020749100104894,LOGIN,CRITICAL
2026-03-17T06:29:06,47.95963878218376,-114.03090093070139,LOGIN,CRITICAL
2026-10-20T07:00:22,-59.9155342737718,-63.86153016925212,PURCHASE,CRITICAL
2026-11-07T15:23:45,-35.80698438836176,66.75973900607451,PURCHASE,LOW
2026-07-27T13:09:30,14.408395463923256,116.39333405895758,LOGIN,LOW
2026-07-21T05:42:05,-39.34480319065934,100.37082414749,ERROR,HIGH
2026-12-24T15:28:43,73.94183612872098,-143.12957109186473,LOGOUT,CRITICAL
2026-03-27T20:55:37,59.68323986168966,106.23842569396214,UPLOAD,CRITICAL
2026-09-25T20:01:48,59.654912735887876,9.235016886778965,UPLOAD,CRITICAL
2026-08-03T00:44:37,36.40767988663325,108.92890185883658,ERROR,HIGH
2026-12-22T18:01:45,-76.24794139726598,114.78410785826719,LOGIN,HIGH
2026-05-16T05:33:05,-33.916776147565805,-49.475316330455,ERROR,CRITICAL
2026-07-23T03:50:31,47.44611825510904,-56.86375333372821,PURCHASE,LOW
2026-10-17T02:52:19,56.623339514042726,-99.95117480801635,LOGOUT,CRITICAL
2026-03-29T23:49:36,-34.662901740059624,-104.4572376692402,LOGIN,HIGH
2026-09-26T06:53:30,47.34426380042248,-139.78001007449103,LOGIN,HIGH
2026-10-22T02:51:53,-12.375454845629278,-109.31364268947947,LOGIN,CRITICAL
2026-07-19T09:58:22,16.771710892526357,-11.1303570657075,PURCHASE,LOW
2026-01-26T17:28:12,-35.703755019861795,-176.30193716557253,LOGIN,LOW
2026-12-24T07:56:08,18.322554953189297,31.537096831373503,LOGOUT,LOW
2026-09-18T10:27:03,-26.723940035204286,-147.31944730579474,PURCHASE,CRITICAL
2026-05-16T02:04:17,-26.60341077372194,127.84970954230715,UPLOAD,LOW
2026-07-16T02:05:42,12.64236429557701,-144.32195354214952,UPLOAD,LOW
2026-07-25T09:08:03,-50.940346353902726,-111.04289273072058,PURCHASE,LOW
2026-12-17T04:04:58,45.72321680696879,-178.44158567124038,LOGIN,LOW
2026-12-24T11:28:08,0.7551489266263189,74.79219265950903,PURCHASE,CRITICAL
2026-08-17T21:25:30,-56.677359796018536,62.46925134054706,LOGIN,LOW
2026-11-21T04:21:38,-26.131977911038696,-43.33857959007423,LOGOUT,CRITICAL
2026-03-30T08:57:32,-16.635965404568736,94.1074007336839,PURCHASE,LOW
2026-06-30T22:31:06,-70.1430909816104,-131.07154683400867,PURCHASE,CRITICAL
2026-04-22T22:52:58,10.28378210950332,-165.38091726892247,PURCHASE,HIGH
2026-02-14T22:36:46,-20.739398963376445,-15.499524055866772,PURCHASE,CRITICAL
2026-11-23T15:31:43,-10.087943370213978,19.409720797997693,PURCHASE,HIGH
2026-03-15T07:36:12,64.2192749122504,142.11167292878758,ERROR,CRITICAL
2026-05-23T16:48:07,-57.72648899032585,179.5403972469062,ERROR,CRITICAL
2026-02-10T20:16:22,-18.653443464260533,8.158455469290686,LOGIN,LOW
2026-02-25T16:16:57,-18.93393686330043,70.21336177438943,LOGIN,CRITICAL
2026-12-26T08:19:50,70.6369735003531,-119.25964397716712,PURCHASE,LOW
2026-05-12T12:16:32,-53.95257050474772,123.85062036393634,ERROR,LOW
2026-04-01T10:30:08,60.85964364146258,81.07218011975016,PURCHASE,CRITICAL
2026-10-25T11:22:40,14.745352319307585,-81.72979539432333,ERROR,HIGH
2026-07-04T19:01:20,30.001861814929356,162.04997439384232,ERROR,CRITICAL
2026-04-19T07:26:56,-63.472662134171145,-16.331492968699337,LOGIN,HIGH
2026-07-10T00:59:32,-0.4907192174500068,46.21357067871898,LOGOUT,LOW
2026-02-08T16:22:15,42.80370406443947,118.91248870314894,ERROR,CRITICAL
2026-01-11T09:19:03,84.97305908975918,-42.252126204593395,PURCHASE,LOW
2026-04-28T13:51:31,21.95401707427108,-145.31989370538503,LOGIN,CRITICAL
2026-10-19T21:30:38,3.590804324768328,-2.812495191519673,ERROR,LOW
2026-04-25T00:12:17,29.176781994267017,-3.509870307698037,PURCHASE,CRITICAL
2026-05-14T10:43:47,55.706687530435744,14.590435302132448,LOGIN,LOW
2026-06-17T03:40:42,68.42262077844924,-137.11172090391253,ERROR,HIGH
2026-11-28T05:21:52,-22.259418668895165,-14.523754023364177,LOGIN,LOW
2026-08-05T04:30:29,28.693984857685308,100.57768902999192,LOGOUT,HIGH
2026-06-17T06:14:20,-65.79211640177117,77.66034826687701,ERROR,LOW
2026-08-09T22:06:53,31.50442442521205,57.62829213859291,UPLOAD,CRITICAL
2026-07-02T11:01:28,-4.336010059669832,127.56652903759436,UPLOAD,LOW
2026-06-01T23:58:15,-42.589622817602745,32.776242714475615,ERROR,CRITICAL
2026-09-20T17:19:23,-26.502521351242535,172.0018600106054,PURCHASE,LOW
2026-01-11T22:20:56,16.283414722392862,-133.84869708645124,PURCHASE,HIGH
2026-11-11T09:35:05,43.57028413648945,-170.31605664290603,PURCHASE,HIGH
2026-02-07T19:22:05,-12.933325751679064,177.10038817414483,ERROR,HIGH
2026-01-22T22:08:42,29.023201048085085,-90.85898485434095,PURCHASE,CRITICAL
2026-02-02T23:42:51,73.87002336858532,-156.41991501436843,PURCHASE,LOW
2026-05-12T02:36:23,-59.43973657825472,13.830052594855857,LOGIN,HIGH
2026-09-13T10:50:24,65.40633392367621,24.4977857568378,ERROR,HIGH
2026-01-08T22:09:46,35.27252573181674,31.67612409595486,PURCHASE,HIGH
2026-08-10T12:04:49,-19.745857730240786,26.11391212926236,ERROR,LOW
2026-09-26T07:19:07,31.52003315883499,-59.05171350521371,UPLOAD,CRITICAL
2026-05-12T20:44:12,-60.007100770853334,-72.17247686683874,ERROR,LOW
2026-07-12T23:55:32,24.379956070483743,170.6786149991591,LOGIN,CRITICAL
2026-03-25T03:22:16,-38.27599936926427,-162.88870999935796,UPLOAD,HIGH
2026-11-09T11:26:37,-49.34052413386844,87.43968922539636,LOGIN,CRITICAL
2026-11-24T20:23:31,14.074784644335878,33.071275958878545,PURCHASE,LOW
2026-08-08T23:29:39,54.21342086487604,-8.903387831463505,LOGOUT,HIGH
2026-11-06T00:00:42,-76.20091350915563,116.54602191347573,UPLOAD,HIGH
2026-06-18T03:01:05,29.422205516625667,-67.19293212869977,ERROR,HIGH
2026-04-08T13:57:27,22.493497675407383,-16.837702082382975,UPLOAD,LOW
2026-12-09T02:33:04,-86.65140201887557,73.19939245164898,LOGOUT,CRITICAL
2026-07-13T20:54:54,-51.66849509667517,166.3621468589222,ERROR,HIGH
2026-12-30T22:59:29,24.8267446152082,111.21605233246106,ERROR,CRITICAL
2026-10-10T04:32:35,22.816524883946016,8.017050864050447,PURCHASE,HIGH
2026-02-27T09:04:15,-46.73268938746247,88.71606593363276,PURCHASE,HIGH
2026-06-09T07:54:10,-32.642427572358635,118.87717700011734,LOGIN,CRITICAL
2026-03-21T01:17:54,62.27405692814966,-83.90348690348975,PURCHASE,CRITICAL
2026-03-04T08:45:15,-43.839605721578884,36.44361708318246,ERROR,LOW
2026-02-14T02:26:33,-63.00679538738071,-170.02649748018996,PURCHASE,HIGH
2026-07-08T12:05:29,10.768501895910191,-22.992152035781118,LOGIN,LOW
2026-03-03T21:19:43,-40.911846573967395,-169.5089276654805,PURCHASE,CRITICAL
2026-08-02T20:57:10,-58.32266005893881,126.90756630304196,ERROR,LOW
2026-01-22T11:41:15,64.72512052484592,-149.78536521639143,UPLOAD,HIGH
2026-12-03T18:37:36,-78.55529455763491,163.8318516799991,PURCHASE,CRITICAL
2026-09-13T07:41:50,69.42948338579484,-37.117781791550186,LOGOUT,LOW
2026-02-13T11:17:06,12.775208295929957,0.08947026622863063,LOGIN,CRITICAL
2026-09-15T22:57:08,59.2166848814156,161.88282012225466,UPLOAD,HIGH
2026-07-12T19:15:34,69.2216752189754,-94.29233211326843,LOGIN,HIGH
2026-05-08T21:10:01,59.820149728497256,85.4050873248446,LOGOUT,HIGH
2026-03-26T15:59:07,-64.02997643331794,-116.94446804315517,PURCHASE,HIGH
2026-06-08T14:20:09,-44.22493431477258,32.21313998202342,ERROR,CRITICAL
2026-05-26T12:30:12,35.93119107758969,-139.33391515958027,UPLOAD,HIGH
2026-07-04T09:57:40,32.89292055623534,166.79352238762493,LOGOUT,HIGH
2026-07-04T13:23:16,38.8208212419828,115.69153182910162,LOGIN,CRITICAL
2026-12-18T13:20:59,19.046651916695367,122.93026794643623,LOGIN,CRITICAL
2026-12-23T07:19:18,51.98448792761374,-93.71670148466647,UPLOAD,HIGH
2026-05-01T02:35:28,25.010830555312708,72.2220487194347,LOGIN,CRITICAL
2026-12-03T16:35:13,-47.451258939679825,-20.734992773461613,LOGIN,HIGH
2026-12-27T04:59:43,86.03871379216613,-88.00787159562309,LOGIN,LOW
2026-04-26T12:10:56,-52.130431572385056,140.4888219958678,ERROR,CRITICAL
2026-05-04T04:22:20,68.3041045531973,96.02672421928207,ERROR,LOW
2026-04-17T10:12:19,65.96002589476868,116.35120094272793,ERROR,HIGH
2026-10-14T04:47:49,-15.666962662566476,122.81884789302939,ERROR,LOW
2026-11-17T03:58:22,-61.13819758797591,-86.0507730969755,LOGIN,HIGH
2026-06-13T10:47:51,18.380869561893377,112.83409742401523,PURCHASE,HIGH
2026-09-27T23:49:40,-85.07683919999317,-161.2444237553015,LOGOUT,CRITICAL
2026-06-22T04:50:01,52.383477206511685,-131.00679963002142,ERROR,LOW
2026-09-02T00:08:44,-35.001443203762754,27.291364294316878,LOGIN,LOW
2026-04-07T22:28:25,2.9458603891842614,169.07925126208846,LOGOUT,CRITICAL
2026-09-24T07:41:05,-16.143083105418015,158.1905597074604,ERROR,HIGH
2026-12-06T05:39:52,42.33097958588425,-86.15524334868455,UPLOAD,HIGH
2026-11-07T12:08:50,-39.27648085534969,-149.6163777320183,PURCHASE,LOW
2026-06-02T19:37:53,67.75020232735278,160.11257574323156,UPLOAD,LOW
2026-01-09T01:15:38,80.65965908866087,152.32044667803342,UPLOAD,CRITICAL
2026-03-30T19:42:21,73.23206049215631,170.6859258299541,LOGOUT,HIGH
2026-09-30T08:13:39,63.32955681067759,-162.078132745828,UPLOAD,HIGH
2026-08-22T04:03:57,-43.17159960519363,-147.9379437499357,PURCHASE,LOW
2026-08-09T07:05:13,-68.87690661444752,78.69003258125161,ERROR,HIGH
2026-11-18T06:35:53,31.24980769266803,-137.335554355277,LOGOUT,LOW
2026-12-01T17:49:57,56.414236730202646,-84.16697514305781,ERROR,HIGH
2026-02-20T13:32:44,-12.364454015040465,-105.62185692764966,LOGOUT,HIGH
2026-10-10T05:24:36,31.89395721320338,-29.40084319611526,ERROR,LOW
2026-01-12T04:11:05,-37.76526692730882,-85.75219299812004,UPLOAD,HIGH
2026-12-19T08:54:43,-45.30276725787825,29.84510784101596,ERROR,LOW
2026-01-05T00:11:29,-5.601310551338742,133.71965107596333,ERROR,CRITICAL
2026-03-24T10:00:43,38.40047083071755,75.04313999701097,UPLOAD,HIGH
2026-01-29T08:55:39,-72.8497040252388,-158.84916708796814,PURCHASE,LOW
2026-07-02T21:24:29,73.48077672551798,178.82619722407168,UPLOAD,CRITICAL
2026-10-18T14:07:09,55.773531110526164,-178.07004532727245,UPLOAD,CRITICAL
2026-05-28T22:35:47,-35.54867598448474,-37.90914683301506,PURCHASE,LOW
2026-12-13T12:08:54,10.720869953948977,28.975287560924897,PURCHASE,LOW
2026-07-15T15:15:35,-1.2888310293939043,-57.896375089564714,ERROR,LOW
2026-02-04T19:34:47,-32.882870377257454,10.952568321337367,LOGOUT,HIGH
2026-02-15T09:02:48,-33.61147055067727,172.26597671235902,ERROR,HIGH
2026-10-18T10:13:08,-25.09340251443784,-25.1690332453461,PURCHASE,CRITICAL
2026-11-19T04:19:53,47.08150540895045,-85.04714141704021,PURCHASE,HIGH
2026-12-13T16:18:15,-60.302912616746696,85.27292577954694,ERROR,LOW
2026-08-04T19:15:49,63.546059028159846,56.671011963447825,ERROR,LOW
2026-03-15T08:51:41,-63.24825473262304,-97.25020359508041,LOGIN,HIGH
2026-04-12T01:27:47,-60.5601077744863,-11.832177660504357,LOGIN,HIGH
2026-01-16T20:12:22,-10.526456205743415,175.97469013370937,UPLOAD,HIGH
2026-06-27T18:37:46,-1.2620609980198907,124.50180634196863,LOGOUT,LOW
2026-05-16T18:32:53,-73.15598192310284,132.54231946380378,LOGOUT,LOW
2026-10-19T05:54:58,1.5727975075164125,-81.79504064642595,UPLOAD,LOW
2026-08-15T15:03:21,89.64081998834703,-178.51473875816507,UPLOAD,LOW
2026-06-11T17:18:22,75.67437539868342,-91.38332309893347,ERROR,CRITICAL
2026-02-06T14:59:18,69.72618564336301,-170.65361930175686,LOGIN,HIGH
2026-05-26T01:48:56,16.260929608693118,162.43914602834855,PURCHASE,LOW
2026-01-12T05:07:47,-75.40861738590918,119.05172120611661,ERROR,HIGH
2026-09-02T00:42:33,81.936275575141,33.91353336633941,LOGIN,HIGH
2026-01-18T00:41:01,28.111096263123102,162.32254865107473,PURCHASE,CRITICAL
2026-10-13T04:21:15,73.23810601482165,106.9320467479306,LOGOUT,LOW
2026-12-02T06:20:31,-81.23719525128281,51.71185062723936,PURCHASE,LOW
2026-10-16T20:43:06,-77.26966397100598,162.68406791109555,ERROR,LOW
2026-06-04T21:37:50,-44.0704976615165,-93.57115218477139,ERROR,LOW
2026-01-08T23:11:09,63.42224998384782,-121.34135380490838,ERROR,HIGH
2026-09-09T08:02:34,45.46054193226874,55.4631475768125,LOGIN,HIGH
2026-07-10T15:00:28,54.198075814727815,84.9201423696216,PURCHASE,CRITICAL
2026-08-23T09:09:16,-66.36839967498209,59.58730663806301,PURCHASE,CRITICAL
2026-03-19T14:56:06,-1.8678535507646643,138.74869391107728,ERROR,HIGH
2026-08-07T16:04:20,18.06133490914631,-147.51995420205125,ERROR,HIGH
2026-08-27T09:39:44,-56.45595015481811,47.047052333996845,LOGIN,LOW
2026-07-19T08:41:21,-28.485927468620822,-13.131044778835701,LOGOUT,CRITICAL
2026-09-24T12:11:17,38.45438694888759,155.0403405600489,UPLOAD,CRITICAL
2026-09-09T08:34:40,4.442001097758251,-75.34691118777619,ERROR,LOW
2026-12-19T07:47:19,54.27804459609126,-71.85842831806579,LOGOUT,CRITICAL
2026-12-17T15:40:18,-35.92644250782705,-90.48473813896524,ERROR,HIGH
2026-08-09T19:08:12,-81.40891060844825,-152.4482928944474,LOGIN,CRITICAL
2026-02-11T19:12:16,1.9172851479383723,-31.313014373076186,ERROR,CRITICAL
2026-10-07T17:46:32,12.326077865872207,-88.78308081653157,PURCHASE,CRITICAL
2026-02-01T18:08:51,48.356419135779305,-174.14327024655958,ERROR,LOW
2026-11-02T07:42:05,-57.202535780342174,-38.535358486375685,LOGIN,HIGH
2026-12-07T11:57:07,36.788139891449745,-66.97931191775936,ERROR,CRITICAL
2026-06-24T17:49:06,22.285870949999477,-84.57321969508845,LOGOUT,LOW
2026-03-13T21:08:22,-75.92030469726566,173.58702762021892,PURCHASE,CRITICAL
2026-02-11T07:04:24,-11.916194288524395,-173.55052111964716,ERROR,LOW
2026-01-06T04:00:28,-59.08763678338994,-8.236845391551526,ERROR,CRITICAL
2026-10-17T00:52:59,18.33973922330179,-4.779902182459921,UPLOAD,CRITICAL
2026-05-21T02:14:09,34.31921259525839,166.73097974438667,ERROR,HIGH
2026-02-04T00:49:07,-67.48389181255915,-175.00466951214707,LOGIN,LOW
2026-09-28T07:29:33,84.69366545885651,129.24433089534568,LOGOUT,HIGH
2026-09-09T21:36:23,-63.87224572186793,-92.95912178692335,UPLOAD,LOW
2026-02-03T10:27:00,-35.83478347547498,-13.166800041946544,ERROR,HIGH
2026-01-09T11:20:51,-69.03741248027245,144.86952107304336,ERROR,HIGH
2026-07-03T02:35:52,-86.46699983802915,-18.174139777709115,LOGOUT,LOW
2026-04-25T12:01:40,12.49748311416161,120.18187180924434,LOGIN,HIGH
2026-01-04T01:23:37,-71.5205660948621,125.14663082892753,ERROR,HIGH
2026-11-26T13:40:36,-0.7734220275722805,28.3180562742221,UPLOAD,HIGH
2026-01-15T09:01:31,-2.2506276373381553,-5.003654175936731,UPLOAD,CRITICAL
2026-08-26T11:32:57,78.3505717080848,145.8263311833748,ERROR,LOW
2026-10-05T09:40:06,-79.07315719801497,-173.15292275010322,UPLOAD,HIGH
2026-08-03T20:43:00,-78.5680975898147,141.43579060873464,ERROR,HIGH
2026-02-15T09:58:00,-0.9380159371688706,158.02721137273858,PURCHASE,HIGH
2026-09-28T21:18:20,-11.478599282017,-121.91996288535088,LOGOUT,HIGH
2026-05-14T12:53:23,-11.140076057772632,2.748940282261657,UPLOAD,CRITICAL
2026-05-12T17:08:06,75.91240740104035,127.24336492484935,ERROR,LOW
2026-12-09T23:46:21,-37.189072443998604,76.09866694013505,ERROR,CRITICAL
2026-09-11T09:44:33,42.22523379956186,106.5501589330803,LOGOUT,CRITICAL
2026-03-22T11:19:26,-39.157701251465404,89.73154865972015,ERROR,LOW
2026-03-09T07:11:24,-54.09283989566165,38.06964261224019,LOGIN,HIGH
2026-07-11T17:51:04,-35.34265918843893,-104.60414111272257,LOGIN,LOW
2026-05-20T08:08:05,68.5630992572415,-51.464205058708586,LOGOUT,LOW
2026-11-18T13:02:27,64.70310092719154,1.252403941073993,LOGIN,HIGH
2026-06-17T05:40:25,-69.48552719383444,-98.39150783831114,UPLOAD,LOW
2026-07-08T21:15:11,-43.59201461926619,-57.48328296423789,PURCHASE,LOW
2026-10-27T01:48:16,67.98845648962276,-83.70315519962931,LOGOUT,CRITICAL
2026-12-06T07:26:02,2.7697396931954046,61.014920454406166,LOGIN,HIGH
2026-11-07T07:05:51,-7.715584834840314,122.9749106770393,LOGIN,LOW
2026-10-31T13:31:42,19.903057886198553,101.57625279590087,LOGIN,CRITICAL
2026-01-17T07:11:00,1.3150308949797989,-119.86333260854035,LOGIN,LOW
2026-12-20T19:00:10,-24.905081627772333,82.20574010285935,ERROR,CRITICAL
2026-07-13T13:20:26,41.859340941076624,-144.2540739808495,PURCHASE,HIGH
2026-11-15T03:07:54,-65.20095644789173,125.49423301726961,ERROR,HIGH
2026-10-26T17:38:36,48.425969490302805,-91.68621673783058,ERROR,HIGH
2026-04-22T08:46:51,0.9040910812252889,-149.31580978806596,PURCHASE,CRITICAL
2026-10-21T03:40:02,-15.298450701565955,46.59854471235195,LOGOUT,LOW
2026-10-20T12:23:28,45.631290788479504,-28.18000463100026,LOGOUT,LOW
2026-11-08T09:01:32,-12.81188730587293,150.48722078912965,ERROR,CRITICAL
2026-11-05T14:16:38,32.795755007262414,159.7464922868807,ERROR,LOW
2026-10-27T02:20:08,-88.20923157652743,110.24887164120025,LOGIN,LOW
2026-05-12T09:13:06,-33.335177061727975,173.50017277936746,LOGOUT,HIGH
2026-01-24T20:55:34,-19.212072069535935,-166.64625586820083,LOGOUT,CRITICAL
2026-01-23T10:49:35,85.99193568296252,172.81694692979022,UPLOAD,HIGH
2026-06-12T20:12:31,-17.63949275433339,65.11343667123126,UPLOAD,HIGH
2026-10-08T05:20:35,43.68555036533729,147.3231071524072,LOGIN,HIGH
2026-12-16T14:33:05,5.002512409330819,151.36221299223786,ERROR,HIGH
2026-09-08T01:23:25,-53.075957151022884,15.993104761611534,UPLOAD,CRITICAL
2026-06-21T17:04:44,35.544773803242364,139.5629627425908,ERROR,LOW
2026-12-09T03:16:45,-35.72434577963824,-166.6907379517253,PURCHASE,HIGH
2026-10-09T14:24:34,39.3984971434578,136.75522182406507,UPLOAD,CRITICAL
2026-04-21T06:23:58,-51.52778717348337,4.201778461358714,PURCHASE,CRITICAL
2026-05-13T07:38:12,46.268338370497446,-122.39015751755369,LOGIN,CRITICAL
2026-08-19T02:32:01,-43.43576756536097,119.6024352214992,PURCHASE,CRITICAL
2026-06-14T04:16:37,87.65184604338873,-140.24091375235454,LOGIN,HIGH
2026-04-11T21:06:20,22.85811581723307,-52.389595474506265,LOGIN,CRITICAL
2026-02-18T10:45:08,-9.227360534422118,26.076700875678142,LOGIN,HIGH
2026-05-12T15:31:31,86.93110125137505,109.93952235931829,UPLOAD,CRITICAL
2026-10-05T12:59:38,70.98100162116509,45.9879666536107,UPLOAD,CRITICAL
2026-04-01T19:31:37,-26.93931569266104,-77.56722181966863,UPLOAD,CRITICAL
2026-02-24T08:37:43,38.5831761954712,7.079993080380831,LOGOUT,LOW
2026-05-08T07:45:18,2.961328512627091,-110.68010556531416,PURCHASE,HIGH
2026-02-08T01:18:46,-63.620414375549,-26.75083236219328,ERROR,LOW
2026-02-05T19:49:09,-78.80513894200617,139.86334686594302,ERROR,LOW
2026-06-23T06:33:02,-75.94691539948465,63.656079392522685,ERROR,CRITICAL
2026-08-06T01:57:48,3.4100998952124257,-37.87830893750993,PURCHASE,CRITICAL
2026-07-13T17:24:26,24.56300687950845,178.74423919937595,ERROR,CRITICAL
2026-06-11T21:59:52,58.28612945461049,-128.0353747153065,LOGOUT,HIGH
2026-10-04T04:24:13,-7.611695950557802,168.49145035169187,UPLOAD,CRITICAL
2026-02-15T20:22:54,35.00472693350655,-16.044345420539372,LOGIN,CRITICAL
2026-03-02T21:51:06,79.9325209902585,-47.04045853159542,LOGIN,CRITICAL
2026-11-28T00:10:39,-16.44842535361269,-136.4880858879466,UPLOAD,HIGH
2026-01-16T15:27:24,4.0999498039097375,-137.61280317807012,PURCHASE,HIGH
2026-04-28T18:35:19,-37.08336690465661,-169.927997255077,LOGOUT,LOW
2026-11-01T09:28:32,16.132363944621787,-162.4856232311172,PURCHASE,HIGH
2026-03-25T17:21:53,-57.04611608801402,86.27771747086729,LOGIN,LOW
2026-08-01T15:25:03,-27.243190168130283,133.3535529381461,ERROR,HIGH
2026-08-11T13:17:52,-34.25366176785891,-17.14520600361061,PURCHASE,HIGH
2026-07-04T13:26:30,60.202797871872974,120.12604756694657,LOGOUT,LOW
2026-07-16T00:44:24,24.562847338382213,94.20436115543976,ERROR,LOW
2026-12-03T10:55:32,41.01554809912241,-147.846606910734,UPLOAD,CRITICAL
2026-08-31T04:16:30,-16.266901122761354,-96.18397799068697,ERROR,HIGH
2026-07-30T02:26:01,-81.75245141644547,61.35978222202908,ERROR,CRITICAL
2026-04-18T17:19:23,26.264975338692807,131.74328639821198,LOGIN,CRITICAL
2026-09-02T17:02:36,53.30858065848889,74.66358565677183,UPLOAD,CRITICAL
2026-02-18T01:43:41,25.904554133739367,-149.34526868705734,UPLOAD,CRITICAL
2026-08-13T00:41:01,46.37072957692584,164.62541047698238,UPLOAD,LOW
2026-10-19T11:42:46,-4.349575411714753,142.8711408877303,LOGIN,CRITICAL
2026-12-30T13:50:48,5.7346985664502625,166.455635777343,PURCHASE,LOW
2026-04-06T06:14:15,59.34429918982971,122.0102786984749,UPLOAD,HIGH
2026-02-02T20:58:33,55.24578434257131,38.46773561354888,ERROR,CRITICAL
2026-01-18T11:16:40,-1.534852719639403,156.18556207697668,PURCHASE,HIGH
2026-03-12T02:27:23,-15.311443773431733,129.47342775795335,PURCHASE,HIGH
2026-04-10T21:04:14,-73.61548467996693,172.7230009120711,UPLOAD,LOW
2026-04-21T19:40:15,-64.0738344722956,-88.00037088550859,LOGIN,LOW
2026-04-30T03:31:45,81.38965095065353,64.29908440194112,LOGIN,CRITICAL
2026-05-07T07:55:44,-57.33758878044179,76.78822443679451,PURCHASE,HIGH
2026-02-08T08:21:46,-32.392536508717406,-31.383787680536756,PURCHASE,HIGH
2026-05-26T20:02:10,79.48395273829587,143.82054122945556,LOGIN,LOW
2026-04-04T01:26:52,45.384073015010586,30.970467665320655,ERROR,CRITICAL
2026-10-20T04:46:58,0.7958253421542167,161.76854015461572,PURCHASE,LOW
2026-05-04T15:06:38,-6.331764015840037,-33.45247310724142,ERROR,LOW
2026-06-08T06:07:02,24.03743313307524,148.94463538390488,LOGIN,HIGH
2026-08-04T04:21:20,83.42544380956204,63.035074446673605,LOGOUT,CRITICAL
2026-09-11T00:53:40,51.33855359705419,-70.33937689238468,ERROR,HIGH
2026-02-02T14:04:57,62.330013472168275,0.1556544992661486,LOGOUT,HIGH
2026-07-29T21:15:48,87.3555687835358,101.52851855947176,UPLOAD,HIGH
2026-12-20T23:43:40,9.927404681694199,-164.954851267037,ERROR,CRITICAL
2026-04-23T08:00:01,27.550592832078962,-119.74259734008123,LOGIN,HIGH
2026-04-17T03:22:04,17.616195270121167,122.21557978391053,ERROR,HIGH
2026-11-24T04:05:51,23.797249334273815,30.657299925731934,UPLOAD,HIGH
2026-01-18T15:56:54,-60.94506507327461,12.27214308611579,LOGIN,HIGH
2026-02-04T20:12:19,-18.84511779459362,-135.72829262182626,LOGOUT,CRITICAL
2026-08-05T02:45:39,89.78782557176419,136.18054595221935,LOGOUT,CRITICAL
2026-07-16T01:15:56,82.33509126581384,-65.4105809463905,PURCHASE,CRITICAL
2026-04-12T12:03:24,86.33526262257189,74.79147376849136,PURCHASE,LOW
2026-09-15T04:52:09,86.94395048838021,-57.013270290012656,ERROR,CRITICAL
2026-05-08T13:26:36,-87.14256909099757,69.06422174082147,LOGIN,CRITICAL
2026-07-05T01:34:18,-89.22973541721629,-176.55169932414367,LOGOUT,HIGH
2026-08-04T20:20:39,71.14827189868828,73.18788301968286,ERROR,CRITICAL
2026-02-01T12:21:41,51.71494228996076,53.675019401728576,LOGIN,CRITICAL
2026-01-13T00:27:06,70.66299475561897,113.78037573233769,ERROR,CRITICAL
2026-02-17T22:19:00,-26.460948176927694,112.60124903541441,UPLOAD,HIGH
2026-05-31T04:46:51,-58.106405354691745,96.46770397032122,LOGIN,LOW
2026-06-29T16:36:25,-23.31348457541607,-110.52329122984443,LOGIN,LOW
2026-10-16T14:36:29,-86.43929946038293,-78.7915858253869,PURCHASE,LOW
2026-02-04T22:32:55,56.93054832830791,45.085160949411005,LOGOUT,LOW
2026-07-11T18:37:49,84.11337111398467,-166.75342454707408,ERROR,CRITICAL
2026-10-02T13:25:09,19.084853512313487,-177.4312559471187,ERROR,LOW
2026-12-04T20:12:25,-40.07744027347564,0.1172299522465039,LOGOUT,CRITICAL
2026-03-17T06:04:10,28.770915813644734,23.654537215703698,UPLOAD,CRITICAL
2026-03-10T04:02:50,-78.23508749999385,-133.83129784054728,LOGIN,LOW
2026-04-11T19:52:31,78.04141210453653,127.97242523780062,UPLOAD,CRITICAL
2026-10-31T19:07:25,-40.620964955290574,125.16018393689643,LOGIN,CRITICAL
2026-09-21T04:56:34,5.929473121480484,-88.94841399010326,UPLOAD,HIGH
2026-01-01T18:13:17,78.82026640236828,50.747863071530446,LOGIN,HIGH
2026-06-17T23:38:28,61.98147966801497,-33.5246776144742,LOGIN,CRITICAL
2026-07-21T06:51:43,-6.014389029119542,-49.87013648292063,LOGIN,CRITICAL
2026-03-29T04:56:27,-81.54636345782919,150.62093698399025,UPLOAD,HIGH
2026-05-03T19:35:19,-89.07132885951849,-109.94106977809896,LOGIN,CRITICAL
2026-11-10T16:03:25,-85.43305100316081,85.47990442235823,ERROR,LOW
2026-12-23T03:00:53,-45.00285092415046,-120.78663290649007,PURCHASE,LOW
2026-09-01T02:41:36,22.553046177407325,-169.96580919036336,ERROR,LOW
2026-08-19T02:47:13,53.49976295779257,156.62188858053764,PURCHASE,LOW
2026-02-11T21:08:51,-4.756225474889163,165.16895683622886,LOGIN,HIGH
2026-07-21T19:43:20,52.94000150720669,159.6771277952783,UPLOAD,CRITICAL
2026-06-20T07:23:27,47.53774268344591,45.12555271926689,UPLOAD,LOW
2026-02-03T05:14:28,85.41460417899228,150.0171760618964,ERROR,HIGH
2026-12-12T16:10:54,62.58458603028549,-156.58984123354668,LOGOUT,LOW
2026-12-23T22:46:48,54.42967787046217,-160.27602114878903,UPLOAD,CRITICAL
2026-06-17T17:01:52,-78.15775336080071,63.92320469084666,UPLOAD,LOW
2026-04-25T12:49:24,62.98727638022592,-35.394097309567854,UPLOAD,HIGH
2026-04-01T12:45:40,65.62489396276811,103.49093107507116,UPLOAD,LOW
2026-06-26T02:05:56,-20.894395533519727,106.25928397564638,UPLOAD,CRITICAL
2026-02-09T07:58:43,-28.869034520046,157.53054680883434,LOGIN,HIGH
2026-07-20T20:46:24,-30.925139592540248,-110.70672572491787,LOGIN,LOW
2026-08-20T03:26:02,38.39389094828073,33.439139456971816,LOGOUT,CRITICAL
2026-02-18T22:14:01,24.725472417486017,-87.73700320764755,ERROR,HIGH
2026-10-09T09:58:34,21.753159612658436,-113.06757355082863,LOGOUT,LOW
2026-01-24T11:49:07,-67.01746481582498,30.42802629549297,UPLOAD,CRITICAL
2026-10-20T23:16:18,-25.606145143405485,30.119731714426592,UPLOAD,LOW
2026-02-27T05:57:07,-5.485723200728046,37.198616291911236,PURCHASE,HIGH
2026-01-04T03:19:41,3.182506155663603,56.763650210113326,LOGOUT,LOW
2026-04-03T04:36:37,1.2794161398193324,120.66297472567834,LOGIN,HIGH
2026-05-14T12:35:54,-54.826716663152446,-107.8661147460362,LOGOUT,LOW
2026-05-13T15:29:40,-55.91599702675026,-8.73897842972454,ERROR,CRITICAL
2026-09-26T21:45:53,-30.393821795571142,28.227869598529367,PURCHASE,CRITICAL
2026-04-27T08:46:07,-14.6348480943484,-121.57920481454401,ERROR,LOW
2026-07-12T14:24:32,-50.506941336455604,-178.66905398699538,LOGOUT,CRITICAL
2026-03-31T10:18:33,-6.02338364492654,-103.27013726497552,ERROR,CRITICAL
2026-10-26T09:31:34,81.46588121829541,-60.65456054644534,ERROR,LOW
2026-06-05T11:11:00,-56.83598780114072,176.35609568969267,PURCHASE,LOW
2026-01-29T15:13:27,-25.580400337255256,19.68897820612895,LOGOUT,HIGH
2026-06-21T00:54:04,-55.00737999647689,30.847101275437723,PURCHASE,LOW
2026-01-12T12:41:22,-54.157883408602345,-77.72368175765291,LOGOUT,HIGH
2026-10-07T04:02:36,-58.628786346561114,125.11230617479816,LOGOUT,LOW
2026-03-18T02:44:11,-86.13143494953265,123.43731145742458,LOGIN,LOW
2026-11-19T21:38:09,31.941428219555576,-43.58780715053598,LOGIN,HIGH
2026-12-30T13:12:57,-52.157271840326295,-15.76667572219688,PURCHASE,HIGH
2026-09-14T16:06:56,-59.15523477338914,9.693626700018797,UPLOAD,HIGH
2026-12-08T03:10:04,37.96958559578623,-137.34240493181642,LOGOUT,LOW
2026-03-16T10:35:56,5.859848023021186,69.96740262755682,PURCHASE,CRITICAL
2026-06-16T19:36:16,85.85667725284196,-91.9621299835675,LOGIN,CRITICAL
2026-08-17T02:16:26,-55.96161042304056,12.768603160275404,LOGOUT,HIGH
2026-04-06T23:48:24,-80.41338448746023,106.4202912213384,LOGOUT,CRITICAL
2026-08-15T20:02:27,69.45017179860409,-104.6744735402802,LOGIN,HIGH
2026-11-04T04:37:42,29.430395742353497,-156.64570525082894,UPLOAD,HIGH
2026-10-19T18:41:54,68.83597564781368,90.40905701590378,PURCHASE,HIGH
2026-07-21T12:25:38,-6.4318900389989295,-64.1436721645648,PURCHASE,CRITICAL
2026-09-27T17:17:57,-3.0065300403760773,164.07068117056133,ERROR,HIGH
2026-08-14T17:03:09,-17.829707303203605,151.6266805278123,UPLOAD,CRITICAL
2026-01-15T05:10:42,-52.704072449246574,142.1584650358571,ERROR,LOW
2026-06-03T18:03:18,-50.653129256667015,-26.991772354131854,ERROR,CRITICAL
2026-03-03T01:17:49,78.38980325786537,-45.32135209716466,UPLOAD,LOW
2026-02-22T04:02:57,45.29209535662133,-73.78271400912173,UPLOAD,HIGH
2026-03-31T09:24:37,15.113200451476303,-12.50888001610079,UPLOAD,HIGH
2026-06-15T11:33:42,-8.79278343797344,-24.297961389847103,PURCHASE,HIGH
2026-05-04T02:50:40,-40.856496178904436,-171.10144924637927,ERROR,LOW
2026-04-14T03:48:11,26.16387347623646,-50.726543333148186,LOGIN,HIGH
2026-11-24T05:37:58,0.31768554674368943,16.79468029525563,LOGIN,HIGH
2026-12-26T20:35:35,-49.0065133741972,-137.3083625310248,PURCHASE,LOW
2026-08-01T01:19:54,-53.944812565472645,-109.20732376695697,PURCHASE,HIGH
2026-04-28T13:30:49,44.13804238141819,96.6538274740737,PURCHASE,LOW
2026-10-02T01:03:57,18.72612789004465,-130.36855459641046,UPLOAD,HIGH
2026-01-04T07:32:29,48.61369635094215,-78.53570270515094,PURCHASE,HIGH
2026-06-07T13:56:35,57.93503690057753,92.81018701129449,LOGIN,HIGH
2026-09-12T00:34:13,2.276455149571831,94.01779340606919,LOGOUT,HIGH
2026-03-30T09:11:07,-49.15326557904141,89.68934711482382,ERROR,LOW
2026-07-20T07:50:26,15.660655062462652,18.941491192159532,ERROR,CRITICAL
2026-11-13T06:44:12,-6.947795291850568,105.08935981180747,PURCHASE,LOW
2026-06-16T12:38:24,48.62359188159823,71.25885688042365,LOGOUT,HIGH
2026-06-24T18:02:32,63.529942486587345,-169.1625334703024,LOGOUT,CRITICAL
2026-12-06T07:56:32,-66.8977846577544,159.6074404240386,LOGIN,HIGH
2026-11-11T17:29:18,28.592663036091608,-52.32152043032643,LOGOUT,HIGH
2026-06-15T07:59:30,33.43730505908067,-34.78726182413874,UPLOAD,HIGH
2026-05-07T15:16:52,15.651915402585047,24.327873905962775,LOGIN,LOW
2026-03-01T16:30:22,85.90380006637244,177.93265341885524,UPLOAD,CRITICAL
2026-11-07T08:34:42,18.540501478876124,38.82141773846999,ERROR,HIGH
2026-03-21T07:19:29,80.76468147571762,-157.06467067884947,ERROR,LOW
2026-07-04T09:14:54,-70.4450959027451,25.025404291583072,ERROR,CRITICAL
2026-12-14T11:36:59,-35.16381638658442,-118.28748257791446,UPLOAD,LOW
2026-01-13T10:48:46,58.765469074431195,37.21100848839279,LOGIN,LOW
2026-03-19T06:48:09,-77.4916135963637,166.67804016859736,PURCHASE,LOW
2026-04-01T12:05:05,-37.601004848461,8.78245104247776,ERROR,LOW
2026-05-24T04:05:17,3.335702434096291,-118.14274193616254,ERROR,HIGH
2026-03-02T23:40:35,88.12712222288482,-133.51043914911833,ERROR,HIGH
2026-10-16T14:35:33,-77.6226616649425,163.83483562835676,LOGOUT,LOW
2026-12-05T01:10:24,-52.978139104274725,-24.40775651900026,ERROR,LOW
2026-08-23T10:58:47,13.516449101625128,-68.28705510871782,LOGOUT,CRITICAL
2026-10-06T08:47:58,33.270467241199,-80.84124809046848,LOGIN,LOW
2026-06-23T02:31:10,-78.48539226930684,-36.27471076141674,LOGOUT,CRITICAL
2026-05-08T17:29:26,73.85445700929486,136.52618092853652,ERROR,HIGH
2026-08-12T17:56:47,-82.96473776763433,-147.20303637051404,ERROR,HIGH
2026-09-29T23:25:23,61.67510530424585,105.24484267146545,ERROR,CRITICAL
2026-11-16T18:55:12,55.797257669060684,-116.95453651682294,LOGOUT,LOW
2026-12-16T12:16:41,21.19257295119695,-24.452418947084738,ERROR,CRITICAL
2026-03-13T05:49:29,35.733966397872166,-145.60769839824385,LOGIN,LOW
2026-12-10T21:50:52,66.69712654074877,-81.44054027110265,UPLOAD,HIGH
2026-09-16T21:41:34,74.93334004293303,71.29583732451192,LOGOUT,HIGH
2026-06-09T17:23:24,88.63014993917153,19.016602066479777,PURCHASE,LOW
2026-10-21T08:48:32,-71.05957902378537,95.95406890380252,PURCHASE,HIGH
2026-06-25T03:01:40,-60.328960973784405,-105.34604562682478,LOGIN,HIGH
2026-01-11T09:01:43,-76.82481143626578,70.01485707777695,ERROR,HIGH
2026-05-14T11:07:19,44.27233868749087,128.07833217073443,ERROR,LOW
2026-01-05T04:04:46,-44.89096804974312,75.27585782236835,LOGOUT,HIGH
2026-09-18T07:36:27,44.761685010524076,-5.48667456143707,LOGIN,LOW
2026-08-01T23:43:28,28.264068839049685,76.88935415451698,ERROR,LOW
2026-07-02T20:03:34,57.67680414203954,122.96251191267334,LOGOUT,LOW
2026-08-24T17:32:36,-71.90727821065047,-74.1079246648066,UPLOAD,CRITICAL
2026-06-01T18:58:53,-59.67839275326317,61.70117612847727,LOGIN,CRITICAL
2026-04-17T02:53:44,-62.37063408405753,-51.08868372396768,LOGOUT,CRITICAL
2026-01-14T09:02:57,70.68378702929573,11.627569778412123,ERROR,CRITICAL
2026-01-19T13:07:06,60.57020540730858,112.14425733860435,LOGIN,HIGH
2026-09-26T02:29:51,-34.5016348368108,-161.1305077720141,LOGIN,LOW
2026-10-27T23:22:48,-22.068804367776494,-107.37430144566746,LOGOUT,HIGH
2026-12-19T22:13:24,-47.062741845865375,-147.100885169403,ERROR,LOW
2026-01-06T15:42:31,-29.3190043591352,-110.82534488450418,LOGIN,LOW
2026-12-09T15:30:07,-72.61142296011487,120.73862984003301,LOGOUT,CRITICAL
2026-03-06T20:59:35,-82.07774777097701,4.500036230431306,PURCHASE,HIGH
2026-08-07T06:43:26,22.82155822305795,44.88240714790635,UPLOAD,HIGH
2026-12-31T15:23:55,-12.981546806210943,-96.33307042002086,LOGIN,HIGH
2026-05-06T14:00:23,-58.74811960235967,-35.22978368820702,PURCHASE,LOW
2026-06-01T03:28:57,-51.70177085265766,-100.76537025149273,PURCHASE,CRITICAL
2026-08-31T07:15:25,-23.58360701867187,-155.76074332918512,LOGOUT,HIGH
2026-04-28T02:30:10,48.15812355128256,-0.1526311493151411,LOGIN,CRITICAL
2026-07-28T05:34:26,52.42675914090597,152.00060744708338,UPLOAD,LOW
2026-04-08T20:15:08,82.62624678801015,35.952172255274206,ERROR,CRITICAL
2026-12-26T01:27:44,85.02603351215387,69.73946785819018,PURCHASE,LOW
2026-09-04T17:55:24,47.10893093879568,67.54503514221392,ERROR,LOW
2026-05-11T03:24:25,-86.82321630764011,148.35717179338104,ERROR,HIGH
2026-07-18T11:06:31,25.306551855254952,-96.32682814276804,UPLOAD,CRITICAL
2026-01-06T03:53:14,-48.130937190216734,41.885522851487764,LOGIN,HIGH
2026-04-02T19:22:24,42.82439110524666,92.60846769568667,UPLOAD,LOW
2026-01-24T06:31:22,-65.24001309712042,-0.45846650912389464,LOGOUT,LOW
2026-05-26T22:13:28,-53.21064058268814,-166.35358239931594,UPLOAD,HIGH
2026-10-15T02:21:42,67.9197433528615,-131.66387572791044,PURCHASE,CRITICAL
2026-11-02T15:06:00,46.8888988131981,7.5142294544034485,ERROR,CRITICAL
2026-11-12T15:00:40,-38.07808119729784,-171.4704003748029,PURCHASE,HIGH
2026-04-05T01:55:27,-52.952861658661696,-160.53336675176368,LOGOUT,CRITICAL
2026-09-28T09:46:54,39.510399550497,38.9027511639452,ERROR,CRITICAL
2026-05-05T21:52:26,-56.961814763956085,46.721704618449195,LOGIN,HIGH
2026-01-28T04:18:24,81.65901418509915,-161.24152967056557,LOGOUT,LOW
2026-02-18T18:18:48,-73.48330936385953,33.3470344363522,LOGOUT,LOW
2026-07-17T01:32:22,-75.9303875511649,80.99607771744377,PURCHASE,LOW
2026-10-08T06:29:13,-54.44347289140157,-27.353960994506025,UPLOAD,LOW
2026-04-28T17:06:12,-38.636479796797566,-18.622370746871184,LOGOUT,HIGH
2026-12-01T22:23:18,50.63200657524709,-151.19425011899511,PURCHASE,HIGH
2026-05-27T16:34:55,-59.80211314016263,-21.104614494956962,UPLOAD,CRITICAL
2026-10-13T10:01:35,-11.9825116033971,-123.88375151859694,ERROR,LOW
2026-10-23T21:41:44,-21.344523899767466,127.45519570979349,PURCHASE,CRITICAL
2026-07-28T15:02:43,-62.496232394029335,81.59336465039667,PURCHASE,HIGH
2026-06-30T01:32:33,-34.94748904072822,-78.03873080720844,UPLOAD,CRITICAL
2026-07-06T17:47:38,-77.050863057508,-130.8037142652958,ERROR,LOW
2026-03-02T02:08:11,74.90374873677379,-178.49500175848354,UPLOAD,CRITICAL
2026-10-09T16:42:32,-22.633593466418475,-34.36010619067562,ERROR,HIGH
2026-10-16T05:44:57,-22.83391841406572,-3.7615988343067954,UPLOAD,LOW
2026-06-08T18:10:35,69.29992457470922,177.29008892012513,LOGIN,HIGH
2026-12-29T00:04:37,11.809546569177726,-110.0778478781707,ERROR,HIGH
2026-10-27T12:45:39,74.35547914567539,80.00830565011745,UPLOAD,CRITICAL
2026-07-09T18:17:08,24.296354084671222,-47.45500526782911,LOGIN,CRITICAL
2026-05-30T15:33:55,76.77337613945647,84.83911401663016,LOGOUT,HIGH
2026-01-14T09:38:01,75.86433847518825,-49.89085624260477,LOGIN,CRITICAL
2026-09-16T12:32:47,26.160036672794604,-85.92094855042677,ERROR,CRITICAL
2026-02-27T05:33:49,-44.22815379102034,36.77375769766451,LOGOUT,LOW
2026-02-15T08:00:30,48.77499339442733,51.9830606593147,ERROR,HIGH
2026-10-02T05:02:50,15.50887715329381,144.35843399856532,UPLOAD,LOW
2026-12-07T04:58:09,-13.869925216970984,118.70984340961076,PURCHASE,CRITICAL
2026-04-28T08:53:25,0.11642794447404015,11.952472307197581,ERROR,CRITICAL
2026-04-30T14:34:15,42.108018652272335,90.88641073930387,LOGIN,LOW
2026-09-05T01:37:46,13.070105163785811,107.1122208534286,LOGOUT,HIGH
2026-10-18T18:40:12,-52.28540012685183,89.38449042491078,PURCHASE,LOW
2026-03-07T09:35:22,56.9500880577429,-179.43171206956032,LOGIN,CRITICAL
2026-06-12T06:32:50,4.493157975611211,55.62762904020019,ERROR,LOW
2026-03-10T12:10:45,-22.562750029921503,73.456990781125,LOGOUT,HIGH
2026-03-12T16:13:00,0.4704754853769799,-140.3142300081411,UPLOAD,LOW
2026-03-14T02:16:19,-53.83064738946579,89.96966470616002,LOGOUT,HIGH
2026-12-17T09:47:47,66.89079846130781,-21.337038087386986,UPLOAD,LOW
2026-12-04T05:43:13,24.55805517660606,-151.26847128923825,LOGIN,HIGH
2026-02-18T10:06:59,-40.182803485041575,-56.82530961424118,UPLOAD,LOW
2026-07-05T14:19:26,-2.6650164939103718,93.79209396460124,LOGIN,LOW
2026-04-14T08:03:08,45.323765366811074,-177.39840299251662,UPLOAD,LOW
2026-02-07T14:37:53,-52.007695481030524,105.04315318624901,ERROR,CRITICAL
2026-07-21T23:26:31,87.64143163837804,94.09102928415598,ERROR,HIGH
2026-10-21T22:55:40,-29.33460571775676,-25.39669632048853,PURCHASE,CRITICAL
2026-12-12T16:49:11,-28.246058822422306,-66.51943047296264,LOGOUT,HIGH
2026-09-16T06:58:44,-18.275156854700867,39.8912610158842,PURCHASE,HIGH
2026-11-10T02:58:58,-71.96807473484249,-15.50906663093761,ERROR,CRITICAL
2026-11-21T10:41:22,69.83469923218101,-130.00931017663365,UPLOAD,LOW
2026-12-04T11:42:58,5.513281004906844,162.3822981993501,LOGOUT,HIGH
2026-06-25T12:10:54,21.30330520505666,57.1953978623979,ERROR,CRITICAL
2026-06-10T10:37:08,28.84111384919501,-178.87352053057177,PURCHASE,LOW
2026-09-04T03:13:57,-25.162989815933955,-163.52845796156583,PURCHASE,CRITICAL
2026-06-22T13:14:00,-47.959442666043785,-5.566988110099231,UPLOAD,LOW
2026-05-16T06:42:28,-12.975069515144426,155.33404900827958,ERROR,CRITICAL
2026-11-29T20:45:03,35.909951947156316,-143.8359401796759,ERROR,HIGH
2026-08-24T19:16:12,-54.886148064214325,-128.46187984087217,UPLOAD,CRITICAL
2026-11-01T19:26:36,64.22446987777809,1.669181670460631,LOGOUT,HIGH
2026-11-06T10:54:28,-74.3238196205892,119.64747996853572,UPLOAD,HIGH
2026-03-07T06:21:57,71.35354370125833,163.8184398535215,ERROR,CRITICAL
2026-07-29T23:23:24,-46.63770955946983,-103.80930437627524,LOGIN,LOW
2026-06-18T21:30:01,88.80506477384066,-169.48015855487662,PURCHASE,HIGH
2026-10-25T14:30:57,-39.53558758148785,78.90299389322303,ERROR,CRITICAL
2026-02-17T19:21:27,29.785746220023597,152.1850272449522,ERROR,LOW
2026-11-05T22:58:28,34.52121868658213,133.89861852355477,UPLOAD,CRITICAL
2026-01-26T02:44:25,25.917577309762237,-44.276283922343254,ERROR,CRITICAL
2026-09-07T08:49:34,51.314738848373196,167.849278958222,ERROR,LOW
2026-03-28T19:38:41,-43.36308925729846,-75.2484590443602,LOGIN,LOW
2026-05-13T03:14:47,43.30461939123336,157.39583423537232,LOGIN,CRITICAL
2026-05-23T19:33:27,-67.06485604048183,-67.18597513836099,ERROR,CRITICAL
2026-10-14T04:34:21,-89.69787153643516,-157.7214228181428,UPLOAD,LOW
2026-11-25T23:43:03,-20.133804854952487,-27.468541897300838,PURCHASE,CRITICAL
2026-12-29T16:48:48,53.38175447833035,7.1104976456418285,UPLOAD,CRITICAL
2026-03-28T06:30:33,-70.81453389558025,-176.6921321020614,ERROR,HIGH
2026-02-26T04:42:32,56.906632853449736,-73.14352108986681,LOGOUT,HIGH
2026-09-22T01:52:53,-7.9587845017271945,36.527548894445715,LOGOUT,CRITICAL
2026-09-16T09:31:04,62.84294459396983,117.99046496352594,LOGIN,CRITICAL
2026-05-05T07:54:54,-34.399543177872616,176.52064031285045,LOGIN,HIGH
2026-11-26T04:51:00,37.17400821533016,-7.818211114497899,LOGOUT,HIGH
2026-04-24T04:55:52,36.745285793909616,-44.384894213285094,PURCHASE,LOW
2026-11-18T12:26:40,39.0179352306601,125.30518162069404,LOGOUT,CRITICAL
2026-10-13T17:27:33,-80.53806523853234,131.5554824424829,LOGOUT,HIGH
2026-10-10T11:49:01,-19.474584506166593,174.38023517582099,LOGOUT,LOW
2026-08-01T19:11:53,-19.388596857087137,-27.922510176572786,ERROR,HIGH
2026-10-22T06:24:29,-19.55471135384323,-154.14364047330622,PURCHASE,HIGH
2026-09-28T10:41:51,76.1514815324291,72.39912143536503,UPLOAD,HIGH
2026-02-07T19:05:02,-66.43787698287261,90.81593278691088,UPLOAD,LOW
2026-11-27T00:48:02,78.22357719932313,-70.5333572275065,LOGOUT,CRITICAL
2026-02-23T10:09:39,-10.460926702082219,-6.32098149665174,LOGOUT,LOW
2026-03-26T17:10:45,54.78451978198328,-109.56417542163433,LOGIN,HIGH
2026-10-09T22:24:51,64.1054332526235,-143.29877701256865,LOGOUT,HIGH
2026-06-15T20:57:49,32.300147797903534,-119.43974932018875,LOGIN,LOW
2026-05-19T02:16:54,85.34857679380204,-115.33216342164019,LOGIN,LOW
2026-07-20T04:12:14,27.01760486459318,33.62126049530292,LOGOUT,CRITICAL
2026-10-08T14:39:28,-17.281080751864764,-167.76258198344027,LOGOUT,HIGH
2026-07-09T18:19:24,-35.51587027432667,34.61597251623817,LOGOUT,CRITICAL
2026-10-17T09:46:10,-22.433104666672904,69.04614595188963,LOGIN,HIGH
2026-12-02T21:24:46,57.2751277465818,-42.44366899819843,ERROR,HIGH
2026-01-05T12:08:32,-68.3999305889534,-150.25068339751243,ERROR,CRITICAL
2026-09-17T17:35:42,73.52612101848965,-99.0233855821965,UPLOAD,CRITICAL
2026-08-11T09:18:13,-3.6902941072697786,69.74130681402491,LOGIN,CRITICAL
2026-03-12T07:56:33,-20.887221938710937,179.98350882571032,ERROR,HIGH
2026-08-10T22:02:57,-67.4574412561996,-62.91756910935503,UPLOAD,LOW
2026-06-07T09:57:15,56.316228703659334,-172.89130015845038,UPLOAD,CRITICAL
2026-11-01T06:30:43,56.195326562343354,-4.117225535099237,UPLOAD,CRITICAL
2026-07-29T07:40:27,38.474842365003894,104.42436929503259,LOGIN,LOW
2026-09-13T18:25:57,71.56841368316628,-114.96089763700041,UPLOAD,CRITICAL
2026-03-11T21:08:22,-89.04167950265172,-18.99616384368636,PURCHASE,LOW
2026-01-16T04:50:26,-66.81312170986396,-105.75723592228758,LOGOUT,LOW
2026-08-07T10:50:40,-43.78311281456785,91.10474297852738,LOGIN,LOW
2026-07-16T13:38:39,-36.2559739839976,167.85941955442559,LOGOUT,HIGH
2026-09-13T14:29:23,-89.98459842279051,-71.78400802150479,UPLOAD,HIGH
2026-09-13T23:47:38,6.138431728524353,-129.65218329619077,ERROR,CRITICAL
2026-05-02T12:46:31,4.079926788367075,174.96702789401246,PURCHASE,CRITICAL
2026-07-29T00:28:33,1.9062623215549337,67.65491124721828,LOGIN,LOW
2026-01-15T06:23:06,-56.146742809562994,-72.10467734790846,LOGOUT,LOW
2026-08-22T20:23:32,9.372712812477289,33.04192996966435,PURCHASE,LOW
2026-10-11T03:44:44,22.01629367442952,-153.23052258830148,PURCHASE,HIGH
2026-05-29T06:28:08,26.958409269592067,-121.20502513631155,ERROR,LOW
2026-04-09T17:07:25,31.77462068618688,158.47175814230388,LOGOUT,CRITICAL
2026-03-21T03:12:28,-77.29955171553587,83.76296354073196,LOGOUT,CRITICAL
2026-05-25T12:37:02,11.455588179210181,53.19760006206445,UPLOAD,CRITICAL
2026-03-05T16:59:32,-14.456434936208993,-124.74309240363749,ERROR,HIGH
2026-01-11T01:29:50,83.52318621165531,-90.9008331007596,PURCHASE,LOW
2026-07-26T09:39:39,-70.20177615347308,17.412762540886206,LOGIN,HIGH
2026-09-06T14:53:12,-73.98465152600775,147.32834011365657,PURCHASE,LOW
2026-12-04T10:19:08,53.65752593158024,-81.48715672231614,LOGIN,HIGH
2026-03-28T07:17:32,-21.846176748566975,-142.1990173922174,LOGIN,LOW
2026-07-24T11:06:32,41.09893469208586,-69.64216074364084,ERROR,LOW
2026-07-25T10:15:56,-27.197961910948187,25.97690695184025,PURCHASE,CRITICAL
2026-04-16T06:24:21,19.34404997402359,142.76528758754415,LOGOUT,HIGH
2026-10-19T23:57:48,-19.878600444487873,-55.73776028908344,UPLOAD,CRITICAL
2026-08-19T22:13:54,68.76380572418424,-35.045545908285135,UPLOAD,LOW
2026-04-11T14:37:25,-88.29045561255141,4.883550828398427,LOGOUT,CRITICAL
2026-02-19T01:50:18,-64.31937435132177,24.321879034877213,PURCHASE,LOW
2026-12-23T16:29:47,40.57546909939367,170.8199448380936,LOGOUT,CRITICAL
2026-08-25T09:31:23,-14.71612522585977,-15.19682715894561,ERROR,HIGH
2026-11-07T02:16:10,-5.640152466287731,-76.74492195772925,ERROR,CRITICAL
2026-10-07T00:35:45,68.64978780065587,113.0483702000609,PURCHASE,CRITICAL
2026-11-30T04:24:27,-74.35038871659461,-69.96185908954352,PURCHASE,LOW
2026-09-04T11:36:55,-75.6945239469053,82.78309081802684,LOGIN,LOW
2026-08-12T10:20:25,-79.66592598538607,87.62740450282621,UPLOAD,HIGH
2026-11-10T22:20:21,67.38353313449801,166.37987927662437,ERROR,CRITICAL
2026-07-17T13:15:47,77.83945539253597,-130.88578244539994,ERROR,CRITICAL
2026-09-24T01:47:54,89.63179664179196,139.70899218073015,LOGIN,HIGH
2026-01-06T09:33:35,20.931589262434244,147.9191060312321,LOGIN,CRITICAL
2026-06-15T01:05:25,36.46650847925592,89.880462916358,LOGOUT,CRITICAL
2026-09-14T18:35:21,81.15631018342532,116.41082167402243,UPLOAD,CRITICAL
2026-08-25T14:05:45,-82.37592332566354,-18.48526427691388,LOGOUT,CRITICAL
2026-12-28T05:57:21,68.74750180146009,8.465909699853512,LOGOUT,LOW
2026-01-30T04:11:28,-23.93083131988638,-132.00523179079283,PURCHASE,LOW
2026-06-14T04:03:25,-0.808584926746363,-118.62577278627361,LOGIN,HIGH
2026-12-21T23:31:06,32.23137114165529,119.42150618197815,LOGIN,HIGH
2026-04-27T04:32:27,-3.0375570592425305,-84.68971642327504,LOGIN,CRITICAL
2026-09-03T02:59:27,12.391550025730325,-101.71324988975904,PURCHASE,CRITICAL
2026-07-20T05:04:43,58.63092974435696,-167.2455142680617,ERROR,CRITICAL
2026-11-26T11:12:42,-2.11203701533816,-51.932136996680526,UPLOAD,HIGH
2026-05-08T14:19:29,-36.29688304885705,-141.42094014692617,PURCHASE,CRITICAL
2026-03-14T07:06:56,-17.62774405020612,-176.80905612944366,ERROR,HIGH
2026-03-18T17:14:51,-74.74611971350475,5.154695834693172,LOGOUT,HIGH
2026-02-18T02:17:49,74.3596402386888,-177.5122373102088,PURCHASE,LOW
2026-07-02T19:13:46,-18.835411314847292,-72.25741705880723,ERROR,LOW
2026-07-28T07:51:56,56.0778937377535,-140.86980256309414,ERROR,CRITICAL
2026-11-22T23:22:42,-10.915793857498656,-129.6452155161977,ERROR,LOW
2026-05-20T12:19:44,69.04372779050865,75.31899654453443,LOGIN,LOW
2026-04-21T15:27:29,-82.75386464549258,-37.96343809679095,PURCHASE,LOW
2026-03-04T06:13:14,29.916867433626535,161.41530225087843,PURCHASE,LOW
2026-06-13T12:53:34,-1.9677898360620532,-1.5956654553470742,LOGOUT,HIGH
2026-10-19T16:39:55,47.59068772540053,137.43595111336833,UPLOAD,CRITICAL
2026-12-25T16:12:53,43.54077616148683,117.23015442479743,LOGOUT,LOW
2026-02-11T21:30:38,52.688332228417664,-134.595511734522,PURCHASE,CRITICAL
2026-01-06T07:13:02,48.12929126023337,-94.85822335828588,PURCHASE,HIGH
2026-08-20T21:15:09,42.73768008832036,-23.64173462339133,PURCHASE,HIGH
2026-07-08T17:11:19,-75.12931855796293,-25.577303102694287,UPLOAD,LOW
2026-10-11T05:05:21,2.0231703939649606,-90.19195689849573,LOGIN,HIGH
2026-09-30T05:22:52,-45.47621324703485,115.41938986254644,LOGOUT,HIGH
2026-10-02T08:41:34,50.889045788283966,-142.89663871815665,UPLOAD,CRITICAL
2026-03-12T08:47:48,-56.039580712770686,127.75389055036476,LOGOUT,LOW
2026-02-16T18:46:46,-66.18675371832424,-166.1880846426622,LOGOUT,LOW
2026-06-15T13:25:54,-86.82095787700918,-108.12834238457118,LOGIN,HIGH
2026-06-08T04:17:05,4.494812750520325,72.05719014995981,LOGOUT,LOW
2026-05-11T13:24:16,-13.306345744020177,-157.91409951783027,ERROR,CRITICAL
2026-01-21T01:27:50,-35.22780180119061,-83.07140789264879,PURCHASE,HIGH
2026-10-04T08:27:30,-14.74664401669537,-64.85728142978071,LOGIN,LOW
2026-01-16T21:06:51,-89.90353294176226,57.755072624323475,PURCHASE,LOW
2026-04-21T19:20:48,-5.0295304475077955,147.05351098140966,LOGIN,HIGH
2026-03-13T18:50:01,-44.592651645101064,-3.1369148873593815,PURCHASE,HIGH
2026-02-13T07:31:19,-72.56030022792103,-175.08182998101307,UPLOAD,LOW
2026-05-09T15:07:01,-25.09763260608483,111.61268867625733,UPLOAD,CRITICAL
2026-08-23T20:20:28,-23.113388695676647,54.08940359458998,LOGOUT,CRITICAL
2026-05-30T03:35:58,-74.29838881123898,-141.7084136085604,UPLOAD,LOW
2026-01-16T22:30:38,15.581062095608047,148.38365940939553,LOGOUT,LOW
2026-10-01T15:54:27,-9.761435787453394,-144.49053237619512,UPLOAD,CRITICAL
2026-05-14T04:02:26,-35.73424495337071,-9.28853276169258,LOGOUT,CRITICAL
2026-10-07T22:03:30,-62.3389765032679,-133.98049988586888,ERROR,CRITICAL
2026-10-04T08:37:18,-44.54540863271358,135.7471233112205,UPLOAD,HIGH
2026-12-14T13:11:38,-24.11783545667828,46.75126983402157,LOGIN,HIGH
2026-01-27T07:05:20,-3.0922887070421297,8.554594332573089,UPLOAD,LOW
2026-03-06T19:56:53,17.847659210464002,70.81424197774601,LOGOUT,HIGH
2026-01-18T15:34:48,82.0445259057839,-158.11437930181228,LOGOUT,CRITICAL
2026-11-13T08:00:09,-18.45111095082268,66.48994052178517,UPLOAD,LOW
2026-03-06T06:44:29,-11.205910182513279,3.3402122430067607,UPLOAD,HIGH
2026-06-05T16:10:59,19.299308276690184,-105.5071453283438,LOGIN,LOW
2026-08-11T02:28:31,-50.794610034076165,70.81982913009878,UPLOAD,HIGH
2026-07-15T15:55:18,37.395723832430306,9.026352861378058,PURCHASE,LOW
2026-04-26T02:18:35,37.48584679016945,18.774331531503947,LOGOUT,LOW
2026-01-18T17:08:20,6.041842422478041,-74.93641366010428,LOGOUT,HIGH
2026-12-27T02:34:38,-66.06514924259281,134.41782328951115,LOGIN,CRITICAL
2026-04-07T16:55:24,88.11652845303601,-104.4099411930578,LOGIN,LOW
2026-09-09T21:48:51,-27.45685820368739,37.85743288694846,PURCHASE,HIGH
2026-02-02T07:54:37,80.35700892644456,138.235099596821,PURCHASE,CRITICAL
2026-02-21T21:21:01,-16.4982811979917,40.13353218259155,PURCHASE,LOW
2026-09-01T02:19:34,56.865988089691626,116.61544299106248,LOGOUT,CRITICAL
2026-04-19T14:53:52,-58.187656953351976,169.7776937904198,UPLOAD,CRITICAL
2026-12-04T02:10:40,50.07347873615504,100.9847471861097,LOGIN,CRITICAL
2026-10-17T15:04:41,33.860770380173435,160.43626960647777,PURCHASE,CRITICAL
2026-09-04T08:09:22,18.781504177734277,-105.78275670062803,ERROR,LOW
2026-05-06T22:21:01,-41.61716955374664,29.39896782285149,ERROR,LOW
2026-06-23T05:32:32,-48.28983432526782,81.46300462041262,PURCHASE,LOW
2026-12-17T08:48:59,-3.778760307547529,-1.4539767403537667,ERROR,LOW
2026-11-13T17:55:27,65.2233908452086,-112.01042827161496,ERROR,CRITICAL
2026-03-12T01:30:42,26.56156890666459,-172.4229705955261,LOGOUT,LOW
2026-11-14T11:38:41,-19.044479699983995,38.815947678873584,LOGIN,LOW
2026-01-28T23:32:32,-13.24889448176556,-16.191302483624384,ERROR,LOW
2026-10-09T07:01:47,4.820138996187083,81.63526497900415,LOGIN,CRITICAL
2026-02-08T17:33:01,-21.982476643336582,-172.5422704248668,LOGIN,CRITICAL
2026-12-29T23:49:40,-82.12679234301875,-90.59653999475877,LOGIN,HIGH
2026-02-25T09:27:36,78.94771049118924,35.86938504024505,LOGIN,LOW
2026-07-30T15:15:22,42.50367184941442,-58.17962984011119,LOGIN,LOW
2026-02-24T01:43:06,-3.52342250391159,22.626444408748313,ERROR,LOW
2026-04-30T09:02:08,-30.283862455163096,-124.37520349196205,LOGIN,CRITICAL
2026-09-26T18:17:29,-41.85780470857433,15.700646074914829,LOGIN,LOW
2026-02-09T22:18:29,8.035578082598207,-143.07620775583933,ERROR,LOW
2026-01-01T11:16:54,74.19005319756488,-171.3596868395578,ERROR,HIGH
2026-02-27T05:38:55,-26.404215857642697,-76.73536538095492,ERROR,CRITICAL
2026-12-10T09:33:51,38.67321586684341,144.58127469172416,ERROR,LOW
2026-02-12T18:32:19,-49.58595768874493,164.32793575604012,PURCHASE,HIGH
2026-01-30T15:04:25,20.825418234396437,-137.39365063773351,LOGIN,LOW
2026-08-23T18:24:28,-62.80146560034007,-25.693774588607027,PURCHASE,CRITICAL
2026-03-12T10:26:55,32.29799610781683,-125.92078714428607,PURCHASE,CRITICAL
2026-11-14T12:14:06,-38.33900032408966,135.14478055694792,PURCHASE,HIGH
2026-09-14T23:47:11,-23.559750259528087,-84.45564916834992,LOGIN,LOW
2026-12-01T15:45:22,77.95709070599744,-126.488538682444,LOGOUT,HIGH
2026-02-27T09:24:40,-19.69207659061871,79.68364690889615,ERROR,LOW
2026-02-13T22:45:54,14.011718309980381,165.4507131994872,PURCHASE,LOW
2026-02-05T03:01:38,-31.850385821916895,-134.08713113163384,ERROR,HIGH
2026-05-05T00:14:19,-1.0428342499601087,-6.736121999982771,ERROR,CRITICAL
2026-11-05T03:58:15,24.588753283200603,-130.24034016750207,LOGOUT,HIGH
2026-06-12T14:11:26,8.881066959190463,13.949006439428246,ERROR,CRITICAL
2026-07-28T05:51:47,57.85275564656118,-41.534188761544385,UPLOAD,CRITICAL
2026-06-13T19:50:27,4.850270182026605,99.57332081839155,LOGOUT,CRITICAL
2026-02-03T21:13:51,-47.66524758109676,-178.96820192649457,LOGIN,HIGH
2026-08-05T20:25:38,-4.693256971457316,-131.90663537736629,LOGIN,LOW
2026-12-20T22:30:31,-27.11744379286069,125.55053968547645,LOGOUT,HIGH
2026-06-28T19:07:50,-64.05475638549463,127.19239412650569,ERROR,LOW
2026-03-23T20:12:52,59.00792539436887,-159.88836028487736,LOGOUT,LOW
2026-09-28T05:08:47,36.7133140992655,-44.114118040283415,LOGIN,CRITICAL
2026-06-14T22:34:20,-23.096838371939953,72.50463484349501,UPLOAD,LOW
2026-07-05T04:20:44,60.73869501729769,133.3717117975827,LOGIN,LOW
2026-05-22T20:19:22,-64.57005132571763,-91.78351053786648,LOGIN,CRITICAL
2026-11-19T18:06:54,56.46802660054769,-126.1017990443828,LOGOUT,HIGH
2026-10-16T18:27:44,-64.77976832792697,9.882013585291872,PURCHASE,HIGH
2026-06-09T19:40:03,40.06033570111288,-20.169490864106393,LOGIN,HIGH
2026-02-13T05:04:49,-61.940279522537125,137.21657120647683,LOGIN,CRITICAL
2026-10-19T17:03:58,-58.755563418618024,-122.27443632548807,ERROR,HIGH
2026-09-22T01:09:37,80.6835533505363,-16.453256014763355,PURCHASE,CRITICAL
2026-07-14T21:47:24,-34.913887324307076,-98.166652079513,LOGOUT,HIGH
2026-02-05T16:54:37,3.870188057130946,172.05346213568964,LOGOUT,CRITICAL
2026-03-24T06:43:04,-17.927563701362345,-159.84114409382414,ERROR,LOW
2026-11-16T10:18:06,44.27923273800113,21.345943643376387,LOGIN,CRITICAL
2026-07-01T22:08:27,-4.065072414471672,54.971982770269335,ERROR,HIGH
2026-03-06T00:16:27,-80.15910145192544,-46.26787042026976,ERROR,LOW
2026-04-15T19:49:57,-70.48784122771018,-151.9889124440209,UPLOAD,HIGH
2026-01-11T21:26:03,-46.88461489381458,-121.40625480588938,LOGIN,LOW
2026-03-24T07:08:37,17.47993604820863,92.34771853303408,PURCHASE,LOW
2026-08-03T06:08:10,-53.689334430470986,154.51268711426883,LOGOUT,HIGH
2026-02-03T00:37:27,85.79936640428079,23.32685274001085,UPLOAD,HIGH
2026-01-18T17:46:27,-81.35119783413073,-146.44406333816582,PURCHASE,LOW
2026-05-19T12:12:39,45.30229740464978,165.14604824281554,UPLOAD,LOW
2026-05-03T03:05:44,45.33160872992451,81.24772495106924,LOGOUT,CRITICAL
2026-09-20T00:31:59,-72.47162953289394,-33.37683794838176,UPLOAD,LOW
2026-07-15T00:37:47,55.34897997610892,-125.93280309046276,UPLOAD,HIGH
2026-07-05T05:31:28,15.544476631181098,126.72975460787848,PURCHASE,LOW
2026-02-28T20:26:05,32.82731669663727,-151.64897055422222,LOGIN,CRITICAL
2026-03-31T22:23:22,69.19237225366007,110.69137219582126,LOGOUT,CRITICAL
2026-03-04T13:04:01,88.81499330297203,0.583169951053577,UPLOAD,CRITICAL
2026-07-23T05:23:20,77.44089661802738,-57.09049581667131,LOGOUT,HIGH
2026-04-23T22:50:24,-25.143055973762756,128.14291908182804,ERROR,LOW
2026-12-12T21:44:19,38.29724654072149,65.8344511654104,LOGOUT,LOW
2026-08-26T01:13:16,19.237867992369004,164.88563459265606,UPLOAD,CRITICAL
2026-07-13T05:14:55,-72.46691223345132,-174.62096891295832,PURCHASE,CRITICAL
2026-12-03T21:59:59,84.41048133022298,101.32038624769854,LOGIN,HIGH
2026-02-06T13:12:21,-8.134585645278065,-118.90164989039191,PURCHASE,LOW
2026-01-27T11:18:51,-39.578881980686695,-49.201824313307924,LOGIN,LOW
2026-03-11T14:08:12,37.91790574006207,-14.133186244518498,ERROR,HIGH
2026-10-24T09:02:22,67.79841646230346,54.105149900152355,LOGOUT,LOW
2026-08-09T20:58:47,-2.113380826065878,-49.15004022984826,PURCHASE,HIGH
2026-06-08T20:27:57,64.26017263191216,150.1704419032523,LOGOUT,HIGH
2026-05-23T10:11:32,2.2462653522969447,44.86748801720279,PURCHASE,HIGH
2026-02-02T10:11:17,32.79616143088758,2.1392747911305605,PURCHASE,CRITICAL
2026-01-17T13:45:54,21.710470288527702,51.792042706468095,LOGOUT,CRITICAL
2026-11-15T22:27:55,10.944072614831697,-124.35759583784996,LOGIN,HIGH
2026-05-26T22:54:43,-61.52295527887293,-36.259048675160784,LOGIN,LOW
2026-05-31T18:30:02,67.34859930880472,60.89420224473716,PURCHASE,HIGH
2026-07-01T22:37:52,25.647206875092053,144.04554556745518,ERROR,LOW
2026-02-03T07:55:26,-57.55079528897956,-140.99460057701378,ERROR,HIGH
2026-03-19T11:12:16,-17.726315266119585,-156.79024909270893,PURCHASE,CRITICAL
2026-07-08T20:35:53,-51.725666326192396,86.86251410423966,LOGIN,HIGH
2026-06-26T12:58:48,-83.10917900417284,-123.93319769596962,ERROR,LOW
2026-09-06T15:14:57,-51.57537462090261,24.55436565932905,UPLOAD,HIGH
2026-01-25T05:36:45,78.5627399797443,-49.862606791844314,ERROR,HIGH
2026-03-24T21:13:34,-80.26604728349508,132.4874166269554,ERROR,HIGH
2026-04-08T21:28:28,24.42371272816517,-149.90713796745507,LOGIN,HIGH
2026-06-07T07:30:42,-75.29235993548764,134.5593203335584,ERROR,HIGH
2026-07-23T19:17:05,-51.46111741262682,141.50642017573864,LOGOUT,LOW
2026-02-05T21:36:53,71.09218584221236,-25.727654076167255,PURCHASE,LOW
2026-03-19T03:08:08,-27.130273360390262,-29.123611946515098,ERROR,CRITICAL
2026-09-25T12:21:55,51.09433046671782,167.6123402327927,ERROR,HIGH
2026-12-21T10:01:41,34.72225861740884,-39.91033184315526,LOGIN,CRITICAL
2026-11-01T02:45:48,70.88027214618887,-108.51840803018857,UPLOAD,CRITICAL
2026-02-26T03:55:49,-31.728136542951106,175.09246093378493,PURCHASE,LOW
2026-02-28T10:49:12,71.37020023583344,156.17498377781487,ERROR,HIGH
2026-02-14T02:53:34,52.56302740123644,62.62031187340011,PURCHASE,CRITICAL
2026-10-08T12:11:37,-89.3381595769305,-17.798771712209714,LOGOUT,CRITICAL
2026-06-24T12:02:47,25.00495116786921,28.215725981299414,LOGIN,LOW
2026-10-17T14:29:52,86.22575799955612,-28.736600795979882,UPLOAD,LOW
2026-08-22T09:11:53,-22.039817132765734,-54.6892005539335,LOGOUT,CRITICAL
2026-08-13T00:30:18,81.91880198260233,-46.707690559621426,PURCHASE,LOW
2026-04-28T06:19:35,71.39788445274363,0.7506720338653281,LOGIN,CRITICAL
2026-07-13T20:14:05,26.804101912890886,-15.840905390237708,ERROR,HIGH
2026-05-17T18:50:47,59.073454869121775,-26.694289532742403,PURCHASE,LOW
2026-12-26T18:11:49,-58.35351509907662,-25.781898987861467,LOGOUT,CRITICAL
2026-08-20T00:47:36,-60.72171510981532,-23.08458106694522,PURCHASE,CRITICAL
2026-09-25T09:45:26,32.450730493283714,48.27860431350325,UPLOAD,LOW
2026-02-04T00:40:45,55.06915726290802,-142.62766575612383,LOGIN,CRITICAL
2026-12-29T03:29:58,-15.969660441118833,-1.2942255289873401,UPLOAD,CRITICAL
2026-02-08T17:17:26,24.034527241726238,1.2101472112840952,LOGIN,CRITICAL
2026-04-23T14:06:19,63.306946126486025,-103.72639447274378,ERROR,CRITICAL
2026-05-28T23:55:17,-69.38980106114714,128.28334755485298,LOGIN,HIGH
2026-11-05T06:17:51,74.52527734272542,-31.343492814319745,ERROR,LOW
2026-12-31T21:51:48,-22.564115816389858,-99.38282443045162,PURCHASE,HIGH
2026-12-08T14:31:58,28.562731501533335,-69.33719290901496,ERROR,CRITICAL
2026-04-04T19:27:02,-89.25163967882318,147.26125828355845,LOGIN,LOW
2026-01-11T04:38:17,-62.39243729195132,-45.213933418116994,UPLOAD,CRITICAL
2026-08-21T23:53:56,-32.85522669318178,-118.65212928281866,UPLOAD,HIGH
2026-04-04T22:01:45,10.033124649735214,-39.10953857483162,UPLOAD,CRITICAL
2026-06-02T17:59:13,59.13898191813064,108.47939264400696,UPLOAD,HIGH
2026-02-20T01:09:35,79.09050862885437,-39.4517890226243,LOGOUT,HIGH
2026-12-18T03:29:16,-32.73750965960418,-122.96028407316976,LOGOUT,LOW
2026-10-03T17:54:40,54.21095537200159,1.5325367645485812,UPLOAD,HIGH
2026-11-24T09:36:57,47.190936453024335,149.99953041734426,UPLOAD,LOW
2026-05-06T05:01:44,-53.32273619781587,-146.4244534877652,ERROR,LOW
2026-09-02T05:43:05,48.60580166274215,-124.90249954153154,UPLOAD,CRITICAL
2026-07-31T03:23:41,75.70699092024549,-151.6418984096812,ERROR,LOW
2026-10-16T07:06:24,42.15044948085131,174.0291089067925,PURCHASE,LOW
2026-04-04T02:22:11,27.454089534458987,-100.1681194685988,LOGOUT,CRITICAL
2026-11-23T09:37:30,-45.854204813120745,100.8104229759802,ERROR,HIGH
2026-09-14T00:43:37,-80.68520404775688,-150.1331870511821,LOGOUT,CRITICAL
2026-01-09T23:41:17,24.90958256470867,28.56764727903942,LOGIN,LOW
2026-06-28T07:22:49,76.89582457587866,-135.83364368567175,LOGOUT,HIGH
2026-04-12T17:58:02,71.02886194372911,-146.60022923456646,ERROR,HIGH
2026-12-21T11:09:31,60.89685900088429,-39.31192490278323,ERROR,LOW
2026-06-10T16:23:02,-76.7563254567004,165.31818229888222,LOGIN,LOW
2026-09-24T22:26:22,-14.41671872477393,140.2968674368454,ERROR,LOW
2026-03-11T19:55:02,-36.224103109350416,145.3097413802426,UPLOAD,CRITICAL
2026-08-24T14:25:59,63.86560682699891,-137.80542976163542,PURCHASE,HIGH
2026-07-07T22:22:38,89.08488877505732,35.99743244598656,LOGIN,LOW
2026-07-22T15:02:56,43.50542922176558,153.5699445290394,LOGOUT,CRITICAL
2026-01-12T11:28:29,6.471751959226054,6.478171827108383,LOGOUT,LOW
2026-12-03T15:51:13,-24.31968420250773,143.48605392951367,LOGIN,HIGH
2026-02-23T19:31:10,-50.44299993649353,81.98780364525777,LOGOUT,HIGH
2026-04-17T06:45:23,-3.3165230165216713,163.1625699483539,PURCHASE,CRITICAL
2026-08-03T04:19:32,27.346415467394564,-11.86425068773329,ERROR,HIGH
2026-07-19T02:18:19,80.34222149841179,152.04531542583942,PURCHASE,LOW
2026-03-18T20:20:31,33.670342209089085,139.43336083190593,PURCHASE,HIGH
2026-02-09T23:02:49,15.05668597495243,95.92159220224914,PURCHASE,LOW
2026-11-05T09:32:38,-52.95027545335015,79.94172554924671,ERROR,HIGH
2026-06-14T13:31:05,17.339361119823664,-82.19738741426775,PURCHASE,CRITICAL
2026-02-11T18:31:24,19.313217021139337,-25.447328747067758,UPLOAD,HIGH
2026-05-26T05:33:51,71.62104199741574,114.963008337735,ERROR,LOW
2026-12-12T10:16:19,-83.92319804089117,4.088451647035129,UPLOAD,HIGH
2026-04-24T23:22:18,18.69877717497613,135.81075304921916,UPLOAD,HIGH
2026-06-04T16:29:14,-84.61080893399573,-115.23447505195018,PURCHASE,HIGH
2026-11-04T03:41:18,-56.53531950418642,-91.68546776361377,LOGOUT,CRITICAL
2026-05-25T08:07:30,-23.04642881373212,100.62523926200748,LOGIN,LOW
2026-05-04T17:27:57,33.89263452561336,78.04894386524694,LOGOUT,HIGH
2026-08-09T09:11:48,53.14309580535459,143.5478306096311,UPLOAD,LOW
2026-05-30T17:58:03,-38.94943454619987,-103.61694075305425,LOGOUT,LOW
2026-08-06T20:30:50,-39.95127566957614,38.845574711692166,LOGIN,CRITICAL
2026-12-13T16:13:54,26.328620582185863,65.56749189073167,ERROR,HIGH
2026-11-12T21:23:09,-32.37814638266657,-109.03562919886781,ERROR,HIGH
2026-01-19T04:07:53,88.24674896444961,-28.35459140737916,LOGIN,HIGH
2026-03-08T11:08:16,18.257522276322945,32.82159460953403,LOGOUT,CRITICAL
2026-01-09T06:14:19,-38.69335544697544,51.719979062602135,UPLOAD,LOW
2026-12-21T01:07:47,-6.881067371473861,-132.81910163915583,ERROR,LOW
2026-12-14T21:44:10,6.0240616295204035,9.90492592814033,PURCHASE,CRITICAL
2026-01-07T07:40:07,-77.4982593612313,-145.75686560015322,ERROR,CRITICAL
2026-04-27T21:30:26,-40.5587616779347,91.32922056687482,ERROR,LOW
2026-08-05T02:29:30,49.43041828551469,-2.2253037956697312,LOGIN,HIGH
2026-04-26T21:41:52,35.36224899525962,-16.35057317017629,LOGIN,HIGH
2026-12-31T04:01:56,21.23586027692147,-169.45625453706705,LOGIN,LOW
2026-02-23T21:05:54,-71.07557506235491,-63.770745470375175,ERROR,LOW
2026-03-08T02:17:57,-74.15699039095087,80.6788486601377,PURCHASE,CRITICAL
2026-01-02T22:03:24,78.13986408623623,132.48535408747756,PURCHASE,LOW
2026-02-13T00:45:51,-81.35938979323154,-70.45556614536656,PURCHASE,HIGH
2026-09-25T03:53:38,20.29511393973982,112.49478948593384,PURCHASE,CRITICAL
2026-03-08T03:40:15,76.4745132982537,30.043153508378225,LOGIN,LOW
2026-05-05T00:23:46,65.1410818594714,91.09253771816867,ERROR,CRITICAL
2026-06-23T12:17:20,30.282345131242224,7.834932431072076,LOGOUT,CRITICAL
2026-07-05T14:36:02,29.028415592154033,171.48580298569033,PURCHASE,CRITICAL
2026-07-07T11:08:56,-49.35050668922152,-85.02766791110702,PURCHASE,CRITICAL
2026-02-02T03:41:54,-26.45825445255086,120.79515482659667,LOGOUT,CRITICAL
2026-09-09T07:43:42,42.34829019051361,-105.87915561953616,LOGIN,LOW
2026-07-12T02:03:35,-79.15195287581099,-175.27388154432458,LOGOUT,HIGH
2026-11-14T21:04:46,-20.68915997575867,-4.447593110557676,PURCHASE,LOW
2026-11-13T02:59:13,16.294157930377523,9.95206970731789,PURCHASE,HIGH
2026-10-03T03:48:49,-8.27604623174608,-124.56038694671906,UPLOAD,LOW
2026-12-22T00:15:54,-66.5891081140841,150.01100786709605,ERROR,HIGH
2026-12-04T01:01:48,21.68604949432259,-106.91253810519292,ERROR,LOW
2026-01-27T15:45:53,-39.989081798814865,-120.8893230031747,PURCHASE,CRITICAL
2026-09-09T19:22:02,-71.62841702616103,-14.056516323755346,LOGIN,CRITICAL
2026-02-12T19:07:50,-46.698756940768455,141.87529955733459,LOGOUT,HIGH
2026-01-12T02:26:35,-4.276723719094775,11.118747315933746,PURCHASE,HIGH
2026-02-15T22:52:48,76.84698953520333,-149.73596418206648,ERROR,LOW
2026-02-28T11:52:50,-18.552959781927854,-24.89456755776959,PURCHASE,LOW
2026-06-21T09:35:33,-40.93400398969262,-144.78742884331658,ERROR,CRITICAL
2026-12-27T09:46:22,-13.934093006642968,-74.15787795035642,ERROR,LOW
2026-08-19T16:56:22,-40.333374028494255,38.68132842855036,UPLOAD,HIGH
2026-02-12T09:40:25,32.608894474631995,52.68414862170761,LOGIN,LOW
2026-02-14T17:37:44,-80.43520121939092,-167.1523352929728,PURCHASE,LOW
2026-01-26T13:44:31,5.783710466219176,-80.8345880990669,UPLOAD,CRITICAL
2026-10-05T23:57:24,-17.179308157090432,-38.56124701746154,LOGOUT,CRITICAL
2026-11-17T00:52:35,68.3149807490638,-83.42389808400128,LOGOUT,LOW
2026-11-02T03:30:45,-53.356413673058455,49.2837165570059,UPLOAD,HIGH
2026-10-13T00:16:42,-89.4407633173193,-113.37162270272933,UPLOAD,HIGH
2026-10-15T00:49:30,-35.04164611204335,146.40039598686195,LOGOUT,LOW
2026-05-03T09:03:40,32.65964725987489,-120.00763664063822,PURCHASE,HIGH
2026-02-25T01:59:07,83.203745054396,59.77129646283572,ERROR,HIGH
2026-01-09T02:07:13,-58.047290627757064,-85.02041222711871,LOGIN,LOW
2026-09-21T18:37:48,46.84693540302021,-176.4958049815755,PURCHASE,HIGH
2026-08-15T11:26:04,-89.81883490163595,134.3586737595778,ERROR,LOW
2026-01-18T13:04:32,57.40675898738465,24.216022825365116,PURCHASE,LOW
2026-07-23T23:51:49,0.5663647511217818,91.7972923276563,LOGIN,LOW
2026-04-29T07:05:56,54.70067122961254,-59.15615347816136,ERROR,CRITICAL
2026-05-17T05:30:58,88.16276131740742,-87.35777557770113,ERROR,HIGH
2026-05-22T11:25:21,-7.424862813644211,117.98981224704903,PURCHASE,CRITICAL
2026-05-10T14:40:18,70.44703493423452,98.82946639520918,UPLOAD,HIGH
2026-02-13T19:00:33,-41.41125974475484,6.95120410738582,LOGIN,LOW
2026-06-09T08:26:59,64.12779435251659,57.372088714475495,LOGOUT,HIGH
2026-07-13T08:07:57,-84.43715852509288,27.93031384620423,ERROR,HIGH
2026-03-22T02:55:31,43.985721439639605,-110.21683952634774,ERROR,CRITICAL
2026-02-11T21:59:45,83.7815508939795,135.77185292304318,UPLOAD,HIGH
2026-12-07T05:46:37,4.84323823073062,-84.48864007206382,PURCHASE,HIGH
2026-06-01T20:37:42,16.046611034221726,160.2959400252978,PURCHASE,HIGH
2026-03-16T00:15:57,-82.60200407867858,7.227983867085186,PURCHASE,CRITICAL
2026-02-17T18:04:55,-11.977267837823021,-16.190037399541808,PURCHASE,HIGH
2026-02-12T19:03:02,84.50458021089642,-0.38627316203795203,LOGOUT,HIGH
2026-09-22T10:39:46,-62.95900468398996,168.00172883511658,UPLOAD,CRITICAL
2026-09-15T23:54:51,-60.730771909235365,-4.743072809475791,LOGIN,HIGH
2026-01-07T01:19:54,-8.305527214917873,-101.76289124871623,UPLOAD,LOW
2026-01-21T15:47:50,-2.0940404009232765,-178.1675109646006,PURCHASE,CRITICAL
2026-11-20T22:28:09,-89.88449194295431,-89.48395334498016,PURCHASE,HIGH
2026-11-01T23:11:03,64.62189786403462,59.51735962233502,UPLOAD,LOW
2026-02-03T09:36:37,38.375477855804576,-128.64806772374266,LOGOUT,HIGH
2026-08-16T06:41:26,75.2867707202526,-75.31127066322568,LOGIN,HIGH
2026-12-29T07:34:56,-26.166197175002623,112.2152719219036,ERROR,HIGH
2026-06-05T00:00:30,84.04322670958422,-144.6700692065648,PURCHASE,HIGH
2026-08-20T20:48:17,-34.067555880588635,23.006740189297886,PURCHASE,CRITICAL
2026-02-24T01:13:03,32.997813062212344,-108.17760072643041,LOGOUT,HIGH
2026-08-04T06:17:57,-54.085828407174304,-70.20140535522066,PURCHASE,CRITICAL
2026-12-27T01:22:19,23.097388915775625,16.499043300852037,ERROR,HIGH
2026-02-07T07:10:44,-65.0502224655237,-20.915520713567588,PURCHASE,CRITICAL
2026-12-30T01:42:41,33.329390348998686,-51.2787630512089,PURCHASE,HIGH
2026-07-01T04:35:06,-14.308980308022768,-32.306895210875325,LOGIN,CRITICAL
2026-01-11T06:16:19,82.34851567461001,-28.469296158593664,LOGOUT,CRITICAL
2026-12-19T04:26:35,-35.56980265979637,-92.64756404671022,UPLOAD,HIGH
2026-02-19T10:17:15,21.760153604958347,143.96846893136836,PURCHASE,LOW
2026-10-21T08:14:02,62.119321604659234,-134.6630973737004,LOGIN,HIGH
2026-11-10T14:16:07,47.33919320616093,6.482980889674025,LOGIN,LOW
2026-01-22T05:46:24,-41.36852793856733,175.02246822384575,LOGIN,HIGH
2026-08-19T19:38:50,-72.46816882528944,-75.39230731457752,ERROR,CRITICAL
2026-05-09T16:00:38,65.57654239949329,-136.28063480131138,UPLOAD,CRITICAL
2026-07-18T09:11:44,43.08541602679526,-160.91270407612507,LOGOUT,CRITICAL
2026-02-25T23:35:35,11.168865511390123,168.22024627260618,LOGOUT,LOW
2026-12-14T14:29:32,31.62253704026537,126.81205045967681,PURCHASE,CRITICAL
2026-05-01T17:42:45,39.44556756353788,157.15123506130487,ERROR,CRITICAL
2026-09-25T02:31:29,-53.87402265781466,-155.82885771980247,LOGOUT,CRITICAL
2026-12-08T17:15:13,-68.21380485916093,-145.12909077857296,LOGOUT,LOW
2026-07-03T23:35:57,-85.56185089133113,2.089621721012236,ERROR,LOW
2026-12-26T15:21:35,-68.07394538830016,-34.35935903982056,LOGOUT,LOW
2026-11-23T21:24:23,62.59109153158562,-86.302250803954,UPLOAD,CRITICAL
2026-06-20T12:59:12,64.67649980238585,42.177066537370905,ERROR,LOW
2026-09-05T01:47:14,-86.10158195148846,-128.99297345669544,LOGOUT,LOW
2026-07-18T15:39:55,43.499649658301166,16.8051692256806,ERROR,HIGH
2026-04-23T15:19:59,-37.89917394402329,-143.99291317706624,UPLOAD,HIGH
2026-05-23T15:51:05,30.185938697551492,-39.17188064086824,LOGIN,HIGH
2026-06-11T21:45:24,56.428848925753925,-126.66004918463949,PURCHASE,HIGH
2026-02-16T15:39:36,11.557635144124106,-176.03292816137,PURCHASE,LOW
2026-09-08T12:51:05,27.07601875647734,56.58892022934202,ERROR,LOW
2026-12-19T16:10:59,73.27051836141078,166.60674907378308,ERROR,CRITICAL
2026-06-28T00:07:59,-40.15727295248502,173.43132687355006,PURCHASE,CRITICAL
2026-11-29T09:00:10,64.98398937714853,-104.11915000095766,UPLOAD,HIGH
2026-07-19T05:55:38,-78.70216122709634,56.13092910129558,PURCHASE,CRITICAL
2026-10-07T07:30:53,11.366597422006663,-14.586572218942393,LOGOUT,HIGH
2026-11-01T20:21:58,47.269365627466954,-70.94524135849106,ERROR,LOW
2026-12-22T19:13:49,61.07858863565414,-5.85192191937432,ERROR,CRITICAL
2026-09-13T22:03:44,-57.53258329863094,75.06006608805365,UPLOAD,CRITICAL
2026-07-24T01:23:56,-43.33931682038342,71.19673398634478,UPLOAD,CRITICAL
2026-05-16T04:28:57,15.208780401539087,118.75905651866333,LOGIN,LOW
2026-01-12T11:09:48,63.365613161906225,-122.69531724293864,LOGIN,CRITICAL
2026-02-11T06:02:46,-0.10189720867498409,64.5560193919292,PURCHASE,LOW
2026-10-27T17:10:08,55.539986976297854,83.75293885482682,LOGOUT,LOW
2026-12-16T10:41:26,68.53597396105255,82.13873744972216,ERROR,HIGH
2026-12-25T05:09:56,-78.41341755429809,40.28530486057835,LOGIN,LOW
2026-11-25T20:45:55,44.988289573182925,-21.049757042477268,PURCHASE,CRITICAL
2026-09-03T04:05:13,61.32228393333182,152.47830437618643,PURCHASE,LOW
2026-09-29T08:35:44,-9.088266432484915,-132.04200896625588,UPLOAD,CRITICAL
2026-03-19T13:39:35,-54.7707694362917,-3.202913124074456,PURCHASE,LOW
2026-03-20T03:15:08,43.58770317715499,-23.737316928941112,UPLOAD,LOW
2026-02-03T09:44:55,14.779430362312098,46.4816387410435,LOGIN,LOW
2026-01-13T21:48:42,55.8015925087129,141.58476413700777,PURCHASE,HIGH
2026-08-09T16:53:36,8.384551671209977,-154.09255830454774,LOGOUT,CRITICAL
2026-10-11T11:52:47,82.39385056479222,82.18206786516049,UPLOAD,HIGH
2026-03-15T20:12:15,59.832523594390295,25.333224966580133,ERROR,CRITICAL
2026-05-17T17:51:58,-25.832665329231375,143.91207278617492,LOGOUT,LOW
2026-06-20T10:38:24,-13.047885204965425,-44.59743831581113,LOGIN,CRITICAL
2026-01-31T08:21:11,-67.10537090279368,6.20887210489596,LOGIN,LOW
2026-07-13T16:20:06,-48.49676900158659,36.53625067020718,PURCHASE,LOW
2026-03-29T00:01:44,57.83900491380061,-75.63726714239719,PURCHASE,HIGH
2026-10-01T02:58:56,-25.577064959470135,134.07931263543963,LOGOUT,HIGH
2026-01-30T00:58:23,6.196285810798827,-93.09657583273743,UPLOAD,CRITICAL
2026-07-14T04:46:33,-33.796922029111265,42.71216973955444,UPLOAD,CRITICAL
2026-12-13T08:15:23,-70.04259523079506,-10.447665622132462,PURCHASE,CRITICAL
2026-01-12T15:24:55,-84.19054939710988,-28.293948963901443,LOGOUT,HIGH
2026-12-11T21:01:16,47.652464737672744,-129.8560938721598,UPLOAD,CRITICAL
2026-05-09T00:10:48,76.3513672077809,58.801005843542725,LOGIN,LOW
2026-07-11T16:16:01,-76.87585767344257,161.27913477263024,UPLOAD,CRITICAL
2026-11-21T06:47:46,47.803360114602356,-167.2696530483335,LOGIN,HIGH
2026-08-21T07:08:23,43.072090672238744,154.57089117924613,UPLOAD,HIGH
2026-02-20T06:41:50,-41.3084868326831,-164.9732482622412,LOGIN,HIGH
2026-07-17T03:12:52,-49.45589261456837,-53.90723410736321,ERROR,HIGH
2026-10-31T12:29:52,62.970030440099265,169.727633610307,LOGIN,LOW
2026-01-11T05:38:07,49.25038368052287,112.09074102806107,UPLOAD,CRITICAL
2026-12-01T02:31:32,-21.71008987166421,66.09422404805184,LOGIN,CRITICAL
2026-07-07T06:10:52,-80.61472483215883,95.64534556718178,LOGOUT,HIGH
2026-09-30T08:56:31,-13.169955321266613,-130.40264515869356,ERROR,LOW
2026-12-15T10:00:48,20.817576325358587,145.2784646479422,PURCHASE,LOW
2026-05-14T06:09:45,-11.425530573335692,-159.14789761795643,LOGOUT,LOW
2026-08-17T14:18:45,-88.19106295047209,-31.296425841068867,UPLOAD,CRITICAL
2026-01-18T18:41:52,88.36897257207391,-174.63651840111547,LOGOUT,LOW
2026-01-30T18:04:21,-79.8021741002138,-22.119882218437994,PURCHASE,LOW
2026-05-02T23:51:55,-27.059856441357127,55.87522268707224,LOGOUT,HIGH
2026-02-20T09:02:34,19.102292147333586,-7.667508447693166,LOGIN,CRITICAL
2026-01-30T19:51:49,-76.25198330703533,157.81325128460395,LOGOUT,HIGH
2026-10-01T21:27:17,42.33935301316134,-51.49500695503906,LOGOUT,HIGH
2026-10-04T22:53:21,-35.5105953704055,-47.903891497291454,UPLOAD,HIGH
2026-12-04T11:23:46,27.65589672295036,9.66390759849736,PURCHASE,HIGH
2026-09-28T23:42:12,7.455451418609712,-142.42385819972225,PURCHASE,HIGH
2026-10-01T23:45:07,81.10142239881247,-4.96522947607798,LOGIN,LOW
2026-12-21T04:54:53,-65.31633204626618,171.33782615928487,LOGOUT,HIGH
2026-10-16T03:05:23,9.533819689888745,-135.81070204034157,LOGOUT,LOW
2026-04-02T07:20:22,35.70154904760369,53.96691110066405,ERROR,LOW
2026-01-09T06:26:02,-0.19665173784989065,-167.84777389982727,PURCHASE,CRITICAL
2026-05-30T04:47:09,-35.92568748524643,167.43473075641384,LOGIN,HIGH
2026-11-28T21:12:33,19.754590608988153,-1.6713004798781412,ERROR,HIGH
2026-06-22T10:33:50,-82.00520097910822,-105.93715655388155,LOGOUT,CRITICAL
2026-06-17T10:00:11,5.848548780431855,57.744884415368006,LOGIN,CRITICAL
2026-10-24T07:38:27,-27.395183081177635,-170.64284318969072,UPLOAD,HIGH
2026-12-25T08:10:30,59.068361843682254,-85.48821380967107,UPLOAD,LOW
2026-10-22T02:06:08,-85.07787509731958,81.28306164239496,UPLOAD,HIGH
2026-12-03T05:18:10,-13.041145944071715,82.52140830668753,LOGIN,LOW
2026-08-03T21:04:31,-20.14009869511989,79.66692906387277,PURCHASE,CRITICAL
2026-06-30T00:09:24,-13.709696210410769,78.91927037081939,UPLOAD,HIGH
2026-03-05T03:03:54,82.85490146750499,-11.76030972280958,LOGOUT,LOW
2026-12-19T12:29:40,-87.26698554660364,107.85201255780117,PURCHASE,LOW
2026-04-08T01:32:26,48.841056806630036,-73.50302963322667,UPLOAD,HIGH
2026-01-15T23:50:09,20.79850486940576,-49.789847904823404,PURCHASE,CRITICAL
2026-11-11T16:09:57,48.881507288216426,-175.5579182151682,PURCHASE,CRITICAL
2026-09-14T14:52:59,-32.221909534335424,-84.77368395676196,LOGOUT,HIGH
2026-06-29T16:54:10,-86.89199641955145,-176.8065472847356,LOGIN,HIGH
2026-07-06T11:51:43,24.793757885534745,20.379027712518706,ERROR,LOW
2026-08-14T01:59:12,78.99016644297868,-80.4795583863859,UPLOAD,CRITICAL
2026-05-02T22:56:21,81.59279161339867,-21.441774184037683,PURCHASE,HIGH
2026-04-11T19:05:44,66.42996690487271,-134.19990716970852,LOGOUT,LOW
2026-12-05T08:32:15,21.2308747923081,-162.1513172703826,LOGIN,CRITICAL
2026-01-15T22:51:45,-56.834011203054736,2.4189069107569594,ERROR,CRITICAL
2026-05-04T05:46:16,-82.44799435426751,78.24877084838505,LOGIN,CRITICAL
2026-04-11T14:33:54,85.5508190865823,-174.19745740130836,PURCHASE,CRITICAL
2026-10-06T23:13:16,-81.94804796498873,-95.50913031471765,LOGIN,LOW
2026-07-16T21:00:14,-10.113716867768318,3.972786276653977,LOGOUT,LOW
2026-05-07T12:34:26,12.665860852932056,118.48962706453693,ERROR,LOW
2026-09-07T06:49:14,-13.234440552789238,-78.08961561688325,LOGIN,HIGH
2026-08-24T17:20:24,51.86960313358642,-59.40511739972551,ERROR,CRITICAL
2026-05-26T12:36:09,-5.276693778885033,170.46043206649045,UPLOAD,LOW
2026-03-04T06:13:25,-23.705655574575786,-75.28585214234097,LOGOUT,CRITICAL
2026-01-10T22:00:22,-70.8782213209058,-103.86732689371469,PURCHASE,CRITICAL
2026-10-05T23:26:27,50.557275217531725,2.9456174526227414,UPLOAD,CRITICAL
2026-05-14T14:48:14,79.18917044011033,-43.61771062715624,UPLOAD,LOW
2026-09-13T04:14:12,40.72675710181477,-42.80772123828339,LOGIN,LOW
2026-12-30T07:39:30,88.61749589759543,23.54485855444159,UPLOAD,CRITICAL
2026-08-01T21:54:07,42.111225241828095,14.028258203688523,LOGIN,CRITICAL
2026-11-06T23:48:53,-80.74232928992538,-9.961502572065683,UPLOAD,CRITICAL
2026-06-21T06:34:48,-32.95091592928105,-109.79150577661979,UPLOAD,HIGH
2026-12-20T19:47:00,-46.07478082803481,-92.4935966160734,PURCHASE,LOW
2026-06-27T00:33:40,-33.3330522874453,170.06286652050977,LOGOUT,HIGH
2026-10-12T14:10:31,82.36953763992204,-32.42670707198073,LOGIN,HIGH
2026-08-06T15:50:20,1.0158197116842587,149.26878430267357,ERROR,CRITICAL
2026-03-31T11:00:57,-9.18575613547307,-29.213917235174875,UPLOAD,LOW
2026-12-26T12:18:26,6.770861477329618,99.5213777373408,ERROR,CRITICAL
2026-08-16T02:18:53,29.862477517613954,37.99643914178324,PURCHASE,HIGH
2026-05-02T21:14:28,-68.76647595561242,-32.93899542415048,UPLOAD,LOW
2026-08-12T16:49:07,-1.043957815517814,137.31884686762237,LOGOUT,LOW
2026-12-07T08:41:35,-8.267553874908359,-119.96246037271632,ERROR,HIGH
2026-10-25T07:03:58,9.824180215960268,154.8450595822162,LOGIN,LOW
2026-12-04T15:56:36,-83.8663796328415,-24.688848788922087,LOGOUT,LOW
2026-02-21T09:51:00,2.681476593303657,10.551485499026484,ERROR,HIGH
2026-05-18T14:56:49,-67.05846225904563,70.8943316377601,LOGOUT,CRITICAL
2026-04-24T22:36:38,-68.57466414104782,143.07347548676734,PURCHASE,CRITICAL
2026-08-25T10:01:50,20.993326897911146,177.88827732193954,LOGIN,LOW
2026-10-14T21:38:03,75.73026764312664,161.9708600759679,ERROR,CRITICAL
2026-06-24T16:00:30,43.32554631132513,-23.15154802691336,ERROR,CRITICAL
2026-02-22T06:36:52,42.01976428196684,80.53468760657347,UPLOAD,CRITICAL
2026-02-02T12:58:28,-62.59384824925772,-177.19785173476353,UPLOAD,HIGH
2026-09-19T17:16:09,26.89285681869751,-43.42515084626322,ERROR,LOW
2026-07-17T13:07:18,40.05597342442391,-79.45214882406212,LOGIN,LOW
2026-04-26T11:29:21,-1.2071759894408558,-162.6163390048796,UPLOAD,CRITICAL
2026-08-14T04:23:26,1.481020390479074,154.09568513637953,PURCHASE,HIGH
2026-05-30T03:46:15,-32.65590581063898,-115.77030760597498,LOGOUT,LOW
2026-11-13T02:54:37,80.10947862440818,137.65829977478035,LOGOUT,HIGH
2026-07-21T14:41:19,-39.91387915965314,136.65014759877243,PURCHASE,LOW
2026-05-15T21:29:44,-38.737627790818685,-137.32161206287492,PURCHASE,HIGH
2026-06-20T11:00:02,-49.74599466202521,-119.04452216735206,PURCHASE,CRITICAL
2026-10-20T14:50:17,-70.89849839796982,-96.5971487766795,PURCHASE,LOW
2026-02-07T06:33:40,-52.76823983051316,121.9643984968315,LOGOUT,LOW
2026-08-21T09:24:48,72.45743443931718,165.54841310256717,UPLOAD,CRITICAL
2026-11-07T07:08:42,-54.87612023055764,-4.188277872639787,LOGIN,HIGH
2026-03-20T21:24:38,-39.269245941005124,161.23671833887295,ERROR,CRITICAL
2026-06-22T18:03:59,3.7609011136901813,119.17361351390014,PURCHASE,LOW
2026-10-06T03:56:32,37.1379959989567,124.10788478835383,ERROR,HIGH
2026-07-11T13:28:29,-42.649824204776536,131.2209904883391,PURCHASE,CRITICAL
2026-09-17T16:52:51,-69.03672475875078,-52.66038142658182,LOGIN,CRITICAL
2026-11-05T02:16:50,-49.96048039998795,-153.23388131140428,LOGOUT,CRITICAL
2026-05-11T05:34:08,-40.300554621044334,47.02461916795241,UPLOAD,CRITICAL
2026-10-29T18:35:22,-76.66406924109339,67.65752697983064,LOGIN,HIGH
2026-02-09T00:09:26,77.82624011426168,105.91106375803685,PURCHASE,LOW
2026-11-23T18:42:20,10.470651529755258,121.54861417357972,LOGIN,CRITICAL
2026-09-01T14:43:13,-88.565294114765,-130.7251178392499,ERROR,LOW
2026-09-19T12:03:17,-54.7779054362216,-10.758452605337538,ERROR,LOW
2026-10-12T21:16:52,-0.5892474139635198,-132.55490577603678,LOGIN,CRITICAL
2026-11-29T21:16:49,40.191048345716865,-102.89193301535269,ERROR,LOW
2026-07-10T13:34:22,10.392689034485016,-104.92309022250339,LOGOUT,LOW
2026-06-12T09:31:39,33.836698735902345,40.81615997034669,UPLOAD,LOW
2026-09-05T15:55:52,-27.233320421263954,10.966009471556106,LOGOUT,HIGH
2026-11-23T11:48:57,-48.2591992802394,-74.83826994544799,ERROR,HIGH
2026-11-06T10:12:45,23.404949684424764,35.22315866176805,UPLOAD,HIGH
2026-04-25T17:29:17,-72.62401804769415,-139.54772839955376,PURCHASE,HIGH
2026-06-23T15:57:13,-31.428531672572163,58.470548338826745,LOGIN,LOW
2026-06-30T11:39:10,82.1367949053874,57.820629484005735,PURCHASE,CRITICAL
2026-06-04T14:27:40,36.867384188252785,98.52544127093046,ERROR,HIGH
2026-08-22T10:16:26,-15.839474620670472,-95.4503854332379,PURCHASE,HIGH
2026-07-17T02:07:31,-51.28088876481422,126.35580570860236,ERROR,LOW
2026-08-07T08:37:04,48.92375840376738,-85.82210896167118,PURCHASE,HIGH
2026-06-01T23:54:39,55.62549784445224,-26.928258959020496,PURCHASE,LOW
2026-04-15T04:53:52,-2.60902932976461,-101.17864964646878,LOGIN,HIGH
2026-06-23T20:16:23,-16.233922244341628,26.10205080527001,LOGOUT,CRITICAL
2026-03-22T01:55:51,50.319360439118526,-140.28637661609054,UPLOAD,CRITICAL
2026-05-09T00:52:45,-66.7412398092969,14.316231661820154,LOGIN,HIGH
2026-02-05T01:12:58,50.47803466656427,-60.016291078908154,PURCHASE,CRITICAL
2026-01-25T15:32:04,27.88768491788757,6.713639466217302,PURCHASE,CRITICAL
2026-03-19T01:35:35,87.33911341621518,121.73365885653772,ERROR,CRITICAL
2026-03-31T01:33:07,-37.76625287360423,-121.89449632290484,PURCHASE,HIGH
2026-06-10T13:07:23,-51.18928239098781,84.00036580512926,LOGIN,LOW
2026-11-25T08:27:47,-86.39489281235693,158.52786950439167,LOGIN,CRITICAL
2026-06-04T13:02:43,52.441823089733646,-164.77733957394676,PURCHASE,HIGH
2026-01-10T09:58:25,-48.59905694663532,98.06818848628706,LOGOUT,LOW
2026-04-16T19:29:41,44.98477058303138,112.67850311293677,ERROR,CRITICAL
2026-06-05T15:16:10,-66.38522589733259,86.5892651348098,PURCHASE,LOW
2026-01-30T17:17:02,-76.69975630334214,79.96063301903098,ERROR,LOW
2026-01-06T17:24:12,43.67735690955277,15.011263323976607,LOGOUT,LOW
2026-10-13T18:50:13,15.875242521402242,-39.1953960810433,UPLOAD,HIGH
2026-11-01T18:36:10,-31.72918828928853,4.4480272207707685,LOGIN,HIGH
2026-04-17T10:19:43,-7.396985020637487,-144.11548126386717,UPLOAD,HIGH
2026-05-27T05:59:12,-37.57704230162336,-146.49753779164655,ERROR,CRITICAL
2026-04-19T04:20:52,-2.9970865607549513,146.7596725600705,UPLOAD,CRITICAL
2026-04-05T23:58:05,-21.16649953202713,177.53542407551822,ERROR,HIGH
2026-10-24T04:52:58,8.38465473520884,-141.0104536800286,LOGOUT,CRITICAL
2026-01-10T16:00:32,-18.477248707286705,-96.43840282447115,PURCHASE,HIGH
2026-08-07T16:58:08,-70.38927871206894,-68.18046480658076,LOGOUT,CRITICAL
2026-02-02T11:31:49,-72.82997369051446,-119.06794343318455,ERROR,CRITICAL
2026-04-08T01:52:49,-74.900020022396,-34.84977377998945,ERROR,CRITICAL
2026-10-08T19:09:01,61.13700167831075,93.8093757903182,LOGIN,HIGH
2026-04-08T21:01:57,-15.865455001131508,86.584006560092,LOGOUT,LOW
2026-05-05T20:03:56,34.01956812855768,35.54283251130832,LOGIN,HIGH
2026-09-26T02:58:10,-52.33964803884309,22.46741865642727,ERROR,CRITICAL
2026-07-14T02:37:04,-33.65708833407201,54.72310487081231,PURCHASE,HIGH
2026-10-03T07:07:48,-3.0606599703610016,19.730608084164913,LOGIN,LOW
2026-06-15T07:49:49,35.86600150131285,-44.7530218525105,LOGIN,LOW
2026-07-21T22:10:58,44.66677726705359,-120.16908950319633,ERROR,LOW
2026-01-16T04:05:01,69.39050999546646,-1.7335702370110937,UPLOAD,HIGH
2026-02-24T07:38:23,44.81881795345774,16.95061795810642,ERROR,LOW
2026-04-26T05:55:12,-68.83500994454108,178.46795250416187,PURCHASE,CRITICAL
2026-05-06T04:51:23,20.7180877038696,-46.21254739931422,LOGOUT,LOW
2026-04-23T16:49:48,4.185223306002442,-106.39373712977066,UPLOAD,CRITICAL
2026-05-25T04:19:53,3.4883611560851335,-89.55382935732892,ERROR,LOW
2026-12-30T14:02:23,-30.568108954471903,88.83512660299903,LOGOUT,LOW
2026-07-23T15:33:41,38.71465734611036,-9.406649145963627,PURCHASE,HIGH
2026-03-11T14:30:19,-62.937166208857164,-155.86271526223638,LOGIN,HIGH
2026-09-30T10:07:27,-56.218603135137464,69.85626186270432,UPLOAD,HIGH
2026-05-09T13:28:15,-72.95137784630506,44.990195100977076,UPLOAD,LOW
2026-01-26T22:21:36,-26.918497275249408,21.29619209471005,LOGOUT,HIGH
2026-09-02T05:02:36,-87.45669195787379,-110.64936087393001,PURCHASE,HIGH
2026-08-15T23:38:24,41.27816047545565,-47.781070881930475,ERROR,HIGH
2026-08-06T21:56:44,7.383058782576626,57.37232530811221,LOGIN,CRITICAL
2026-03-01T04:40:27,-71.46426907540521,-102.08107098344868,LOGOUT,HIGH
2026-08-07T21:41:23,-71.5820175200199,106.87841317083246,UPLOAD,CRITICAL
2026-10-25T12:08:38,-21.069627110445253,27.23605631226542,UPLOAD,CRITICAL
2026-04-18T16:02:26,83.99859998609068,85.41558946431553,UPLOAD,CRITICAL
2026-12-20T02:38:07,-4.786769169008679,-119.48422013996928,LOGOUT,LOW
2026-02-05T11:20:03,77.31848064514762,41.3725299592092,LOGOUT,LOW
2026-07-04T15:38:44,67.4305361512634,-63.59836468097963,LOGIN,LOW
2026-07-18T17:26:19,55.30218973118082,-26.853934233313822,ERROR,HIGH
2026-04-28T12:02:52,0.0675189256767652,-137.77326131851794,UPLOAD,HIGH
2026-05-27T12:46:47,49.30553204860814,74.24805291602073,PURCHASE,HIGH
2026-11-22T16:46:45,3.9574268240850046,11.046782643734474,UPLOAD,LOW
2026-03-06T12:18:58,80.18818791269194,120.09777620423756,LOGOUT,HIGH
2026-08-06T16:06:24,-10.503572760396978,70.2359116377489,PURCHASE,CRITICAL
2026-02-16T16:42:58,10.422915234842762,-23.251185754290503,PURCHASE,LOW
2026-01-10T19:46:17,65.90491895246274,127.93403273662415,PURCHASE,CRITICAL
2026-06-14T16:41:34,-51.519607074146315,21.52584817607803,LOGOUT,HIGH
2026-05-26T07:51:05,-57.778991997430936,89.14625822274257,LOGIN,LOW
2026-06-21T16:29:22,-25.021552036103117,-109.84010158463394,UPLOAD,HIGH
2026-05-08T13:23:25,-73.06047287592787,-47.20772646598104,PURCHASE,CRITICAL
2026-12-24T21:35:55,-87.6609895436511,-81.70998117275428,PURCHASE,CRITICAL
2026-07-05T22:07:56,-18.307079613915633,178.46562542304144,PURCHASE,HIGH
2026-08-31T19:56:33,-79.69913993175832,25.985130491832308,LOGIN,CRITICAL
2026-12-27T05:37:26,-5.254328105586154,38.716656175303655,ERROR,HIGH
2026-03-09T11:39:46,-4.779285080816763,134.9772592866231,UPLOAD,LOW
2026-01-15T19:59:24,-23.4839053065281,40.65137715589589,LOGOUT,CRITICAL
2026-10-13T21:50:44,-58.1566189470561,126.3395202710729,LOGIN,HIGH
2026-11-20T22:02:38,62.2445643059672,-159.8227220802301,LOGIN,HIGH
2026-02-07T20:32:13,64.42025481116045,-80.10786031167784,LOGOUT,CRITICAL
2026-08-27T10:55:48,42.74165379257053,-60.240604419868674,PURCHASE,CRITICAL
2026-03-07T17:11:04,73.03045479602105,31.265096217161357,PURCHASE,CRITICAL
2026-01-06T12:05:06,79.2981290788141,-34.857689515528534,LOGIN,LOW
2026-03-16T22:19:49,58.50855780417288,0.549249746687849,PURCHASE,LOW
2026-03-09T00:36:39,-10.188203245315577,-80.81083611346449,LOGOUT,CRITICAL
2026-07-16T07:16:58,-16.334727770579775,48.70789579196446,LOGIN,HIGH
2026-04-17T07:39:26,10.900689684772942,-137.62275425402154,ERROR,CRITICAL
2026-11-21T17:04:09,35.33259328825132,23.828143886463522,ERROR,LOW
2026-02-15T03:38:14,75.24199661836855,-114.29965032161671,LOGIN,LOW
2026-05-04T07:19:35,16.406735426131533,167.67561441092676,LOGOUT,LOW
2026-03-26T11:29:16,24.83021115821093,-14.274324556745796,LOGOUT,HIGH
2026-11-22T04:16:45,32.56030705285913,159.3566704134085,LOGOUT,CRITICAL
2026-10-21T12:52:11,42.859884380491565,-68.22465763091515,ERROR,CRITICAL
2026-04-22T11:44:50,-57.95927353044294,-129.44661346514238,PURCHASE,HIGH
2026-03-29T18:06:12,60.349547519416745,-81.79220737453785,LOGOUT,LOW
2026-04-25T12:58:07,-43.316263813074926,-21.744603401152403,LOGIN,HIGH
2026-05-18T22:16:00,14.165309559184124,-54.41068918963229,UPLOAD,HIGH
2026-11-19T03:30:03,23.584753302240188,119.4229589504813,LOGIN,CRITICAL
2026-05-30T18:48:16,-61.97323920703844,24.736069707860054,ERROR,HIGH
2026-09-08T21:13:50,55.96349807652231,106.65770429319173,LOGOUT,HIGH
2026-09-29T17:14:46,84.32828195898043,18.58003421685669,PURCHASE,LOW
2026-07-19T08:02:45,49.21361921675472,-87.04301417938048,ERROR,HIGH
2026-01-13T05:07:01,75.94548777307327,6.130734957751486,LOGOUT,HIGH
2026-02-24T07:10:22,-5.895563024075813,-63.72325558944205,UPLOAD,HIGH
2026-09-13T15:50:43,15.910340713184183,-167.81407716830125,LOGIN,CRITICAL
2026-05-20T09:02:33,66.47923828798778,-177.1566112551825,ERROR,HIGH
2026-05-10T23:44:47,-29.399068529765053,145.07275459226048,LOGOUT,HIGH
2026-04-29T22:41:44,-60.705784231190236,16.840118371083264,LOGIN,HIGH
2026-11-11T06:29:22,20.99021868527099,33.68691062441073,ERROR,CRITICAL
2026-06-05T02:03:28,-4.757026656438768,-92.30805895531988,PURCHASE,CRITICAL
2026-05-12T05:15:13,-3.139633371382587,-35.58488228870641,LOGIN,LOW
2026-10-24T09:17:16,78.25580017384732,153.67910878737172,LOGIN,HIGH
2026-06-15T09:37:18,49.333040628470286,163.43349850100037,ERROR,CRITICAL
2026-01-12T02:09:12,-60.475326089584954,-120.10149589145709,PURCHASE,CRITICAL
2026-09-28T22:23:48,79.7123397464706,-108.55362845556591,UPLOAD,LOW
2026-02-20T10:40:12,29.41315546606839,103.88499129987349,LOGIN,LOW
2026-05-01T02:38:17,52.71541951483607,-129.0740593631844,PURCHASE,HIGH
2026-06-03T18:55:49,-60.23842541198589,-179.69644459263165,LOGOUT,LOW
2026-12-09T21:44:04,-59.027681840726586,-69.2903689374395,LOGOUT,LOW
2026-11-30T02:55:23,-53.40204329357447,-147.53991797053533,LOGOUT,LOW
2026-09-23T21:59:35,9.962681622954534,99.2190672064782,LOGIN,HIGH
2026-03-03T21:03:41,-27.951864615198794,-10.511749998193494,ERROR,CRITICAL
2026-03-24T12:34:04,74.30994827311537,60.6372661550713,ERROR,CRITICAL
2026-04-05T06:31:10,47.35011119433457,-145.50304934735144,LOGOUT,HIGH
2026-10-24T08:05:17,78.34723162676937,-36.04191870708945,PURCHASE,HIGH
2026-11-15T09:00:23,31.454929943881766,134.16616672913193,UPLOAD,HIGH
2026-07-27T10:18:51,-77.10177673074534,-4.208641639682668,UPLOAD,LOW
2026-03-28T02:20:17,69.40586320708707,-115.8623883394613,LOGOUT,HIGH
2026-05-21T16:41:54,-28.826828820541017,116.36573106477374,UPLOAD,CRITICAL
2026-10-19T22:12:25,-18.3274632347712,-152.1829319565906,LOGOUT,LOW
2026-07-14T03:52:07,-56.16530114438665,-103.95635613279308,ERROR,LOW
2026-05-12T21:10:37,-20.868023799895596,-115.2447677161092,LOGOUT,HIGH
2026-05-01T19:35:17,-20.373207170150224,115.65900514300716,LOGIN,HIGH
2026-06-13T18:52:21,-57.686767954843376,-36.64218928186358,UPLOAD,LOW
2026-06-30T13:23:37,55.121208540166066,-55.33672744792982,LOGIN,CRITICAL
2026-12-01T22:46:12,-17.19476115227458,110.48962268531926,LOGOUT,HIGH
2026-02-19T23:56:21,13.4427977446815,-41.76349724033841,ERROR,LOW
2026-07-08T19:08:50,27.687102502478567,61.270173673430236,ERROR,LOW
2026-04-28T15:44:26,-13.503383796238708,87.14340350242094,LOGIN,CRITICAL
2026-11-10T10:57:03,54.435311134740374,-17.902821147872743,PURCHASE,HIGH
2026-10-04T12:32:23,-29.688568473232458,12.608699722865879,PURCHASE,LOW
2026-11-02T01:20:29,-57.8088784476205,-27.33655518728358,ERROR,CRITICAL
2026-02-01T01:44:20,-62.93030037543021,-58.638351698574155,UPLOAD,HIGH
2026-03-18T17:53:13,2.681331681537017,41.22724162002169,ERROR,HIGH
2026-01-19T20:27:32,-6.342628667440181,-165.65599915565164,ERROR,HIGH
2026-05-23T13:39:30,-80.98676800690691,35.758161001649086,PURCHASE,HIGH
2026-06-15T07:50:06,-29.256885934626098,-73.38799658372889,LOGIN,CRITICAL
2026-04-14T18:48:56,-57.82892754090471,-51.521269752519714,LOGIN,HIGH
2026-05-07T01:47:40,-36.416997354649865,-167.17857260644135,LOGIN,HIGH
2026-10-12T05:50:33,-83.40977686920513,85.92491017756794,LOGOUT,LOW
2026-02-02T15:22:24,6.297336049549756,-134.62033404675526,LOGOUT,CRITICAL
2026-07-11T15:17:24,-12.40190162741392,-81.10935595378983,ERROR,CRITICAL
2026-08-28T17:06:15,-46.061873246881945,117.20570747024544,UPLOAD,CRITICAL
2026-06-28T00:46:48,-82.68462349640947,-62.42814828301729,LOGIN,LOW
2026-08-25T15:35:10,85.83179988179978,49.61321393021592,LOGIN,HIGH
2026-07-19T02:04:44,86.4479676676678,-151.64464830161495,PURCHASE,HIGH
2026-06-05T15:09:49,-85.97097446689412,162.12919703748918,PURCHASE,CRITICAL
2026-09-11T13:25:35,43.68328466211679,-151.45801885972028,ERROR,LOW
2026-11-05T05:18:20,-55.504145303658234,-86.04873062543105,PURCHASE,CRITICAL
2026-07-19T15:11:45,7.048373026876561,105.74044769816743,LOGIN,HIGH
2026-08-11T15:52:44,-4.874687949287392,93.85885638573893,ERROR,HIGH
2026-10-18T01:19:51,33.995390982148166,-113.14315006384724,UPLOAD,CRITICAL
2026-01-18T18:20:52,18.832062272434783,147.50870753268708,PURCHASE,HIGH
2026-01-02T23:04:45,-16.707097461189775,-173.2611784224346,ERROR,CRITICAL
2026-02-20T09:30:56,-40.54164120503076,-13.52115887650399,PURCHASE,LOW
2026-03-27T22:53:10,-49.531541144452056,75.24306354566798,LOGOUT,LOW
2026-08-26T10:31:59,-38.19036386110252,76.3320974957482,ERROR,CRITICAL
2026-06-13T09:48:43,24.259079300921684,-61.64927456583938,ERROR,HIGH
2026-12-28T03:02:30,10.378282087013872,-56.53774110515005,PURCHASE,HIGH
2026-11-16T11:27:18,-10.011048560439406,-13.698881361125785,ERROR,LOW
2026-07-26T16:50:23,35.590565581637705,62.274942550227394,PURCHASE,HIGH
2026-01-13T12:44:44,28.925729046855125,25.672784957144415,LOGIN,CRITICAL
2026-07-08T22:52:03,11.038632521707527,-55.692290738872316,LOGOUT,CRITICAL
2026-07-25T16:09:10,-23.54553807731054,-74.9437046773083,PURCHASE,HIGH
2026-09-19T22:48:30,-5.871580799507939,-123.87582074887628,UPLOAD,LOW
2026-08-31T10:34:22,-26.707251953477886,-24.648915011126746,LOGIN,HIGH
2026-08-05T02:23:30,43.92936340224918,176.2848863340816,ERROR,CRITICAL
2026-02-21T03:30:31,-21.882808139309944,161.5748732230108,LOGIN,LOW
2026-06-03T16:39:16,-50.705031469204066,177.1671262370631,UPLOAD,HIGH
2026-03-11T08:52:54,65.68079194904232,96.07487022808851,ERROR,CRITICAL
2026-06-08T15:38:48,-26.635568326483927,-101.60906351696852,UPLOAD,HIGH
2026-05-05T01:03:22,48.68994090982855,46.8992376180735,PURCHASE,CRITICAL
2026-07-28T00:24:21,5.8515117361486375,-98.9642835463556,ERROR,HIGH
2026-10-21T22:08:59,-6.495490435279791,117.40983704356938,ERROR,LOW
2026-12-25T19:28:13,67.20154145339723,-35.98043036589914,LOGIN,CRITICAL
2026-11-19T06:54:52,-29.87012731039315,-12.952264873470227,LOGOUT,CRITICAL
2026-12-19T08:28:14,-72.30184429136206,28.856818341594362,ERROR,HIGH
2026-06-09T08:12:55,-56.00250769738081,-169.54524112645277,LOGOUT,LOW
2026-08-25T18:52:20,21.58565305624174,179.6075581683374,UPLOAD,CRITICAL
2026-10-12T08:06:50,-16.420451475769113,-171.7798975333027,UPLOAD,LOW
2026-03-06T15:30:32,12.475106511929042,-10.111124170044832,LOGIN,HIGH
2026-01-09T19:45:40,43.73376748145867,138.06449297336303,ERROR,CRITICAL
2026-07-18T13:59:30,65.41888903636993,126.11124492253686,LOGOUT,HIGH
2026-05-24T07:55:43,40.150819401718934,-93.84648305866156,ERROR,CRITICAL
2026-12-24T19:56:13,-54.038645639342406,-132.24597941731298,LOGIN,LOW
2026-03-22T09:26:51,13.968404702934066,-14.690546630196991,UPLOAD,HIGH
2026-04-04T22:31:08,53.41564023374036,170.20990346451282,UPLOAD,CRITICAL
2026-02-13T04:03:39,54.66365522683577,121.63516222874313,LOGOUT,LOW
2026-06-29T12:07:48,39.9683273825446,-154.85678223909446,LOGIN,CRITICAL
2026-09-20T20:54:28,-16.85759264177615,7.116305518093952,ERROR,HIGH
2026-01-28T07:51:18,50.947691761524425,164.72693393834328,UPLOAD,LOW
2026-10-05T23:41:29,49.78737510186318,52.95216229643799,UPLOAD,CRITICAL
2026-01-10T05:05:15,-11.066198300232287,117.99137965866498,LOGIN,HIGH
2026-11-12T05:14:30,-18.28858741301751,116.03367284725749,LOGIN,HIGH
2026-06-05T02:57:07,38.9924324075146,4.161491889778858,ERROR,HIGH
2026-11-02T19:19:09,-67.66976759841933,-127.4458537627359,PURCHASE,CRITICAL
2026-10-20T15:51:16,52.49133750886523,79.91791740673222,PURCHASE,HIGH
2026-09-12T23:22:06,-28.82976766265172,148.67085253823342,ERROR,LOW
2026-04-13T17:23:25,-72.51737326827183,51.13280571801795,LOGIN,HIGH
2026-12-16T05:06:27,37.63491890194898,90.90089029149885,PURCHASE,HIGH
2026-04-25T16:19:17,34.05494093925485,-60.96196321059301,ERROR,CRITICAL
2026-04-11T04:00:18,12.281614166154071,33.99412671378306,LOGOUT,LOW
2026-07-22T15:20:07,-38.082522566100316,-100.43224575473808,PURCHASE,CRITICAL
2026-05-21T20:50:05,38.48456332399914,-69.60141703393248,LOGOUT,CRITICAL
2026-09-04T04:19:32,-35.14655451810904,76.70838146172792,PURCHASE,LOW
2026-10-16T20:05:43,54.93575740691165,-133.72088899650123,UPLOAD,HIGH
2026-11-30T15:50:10,-20.839198631681228,49.234438851851905,LOGIN,LOW
2026-08-15T12:06:03,-35.46781788240818,30.32451871293793,PURCHASE,HIGH
2026-10-08T01:30:21,1.5464809103481656,133.28372149618195,UPLOAD,HIGH
2026-07-05T05:43:22,21.322798445826166,-118.65235455285617,PURCHASE,CRITICAL
2026-03-02T12:52:39,15.684376608355976,0.39430434366050804,UPLOAD,HIGH
2026-05-27T19:01:01,65.77356388192484,-5.3115177645121605,LOGOUT,CRITICAL
2026-07-07T05:03:17,-58.430275864007214,142.9680983480368,LOGIN,CRITICAL
2026-01-26T03:32:16,-28.373940881576154,-68.64901755515834,LOGOUT,LOW
2026-04-19T02:05:20,19.555422365982693,82.35425534947757,LOGIN,CRITICAL
2026-03-18T11:38:03,-25.829736517502056,-14.6441837773705,LOGIN,CRITICAL
2026-11-25T10:55:24,57.40136743303938,103.56674871357228,LOGOUT,CRITICAL
2026-03-20T15:42:58,-24.55914035764384,-168.17740899729102,LOGIN,HIGH
2026-07-17T01:27:52,-77.90440910409957,19.182413117559406,UPLOAD,CRITICAL
2026-07-28T19:59:54,67.07081045434259,169.35739910044077,LOGIN,HIGH
2026-08-09T02:02:49,4.1307832645993585,-91.91079160432561,LOGOUT,CRITICAL
2026-12-30T15:15:36,27.145298826352274,-91.76866142300983,ERROR,LOW
2026-01-16T14:59:48,86.28794826302519,-84.32519794470642,PURCHASE,LOW
2026-10-16T14:17:29,-55.79745000600291,119.04925681865262,LOGIN,LOW
2026-07-22T22:35:26,-35.50304613295407,-105.21646349183436,LOGOUT,CRITICAL
2026-10-23T19:22:36,14.628678753307568,-12.862334583868972,UPLOAD,LOW
2026-05-04T19:58:30,52.202902839355346,-153.70036340718497,ERROR,LOW
2026-06-21T14:47:18,-74.99048243696656,-108.93735292587189,UPLOAD,CRITICAL
2026-03-25T11:53:19,17.692878601711385,-72.01405432106156,LOGIN,CRITICAL
2026-06-16T21:36:46,65.00503855122619,-139.85139534478395,ERROR,CRITICAL
2026-03-17T15:39:21,16.008757539375523,48.57571885875447,ERROR,LOW
2026-04-08T18:27:33,45.820845017510635,36.487492751088354,ERROR,CRITICAL
2026-03-10T13:23:46,-30.844908123368512,-6.019323579131964,PURCHASE,CRITICAL
2026-04-27T08:49:18,-42.44401726046969,11.58840961492001,PURCHASE,HIGH
2026-09-21T05:57:01,11.027577150994617,-68.83055370053786,ERROR,LOW
2026-10-21T20:08:13,80.22546330684759,-4.471041244669124,PURCHASE,CRITICAL
2026-07-02T17:26:12,-0.7581730979416079,-115.63373995124246,ERROR,CRITICAL
2026-04-29T07:27:35,-72.97776425962778,130.33076077365428,PURCHASE,CRITICAL
2026-09-24T18:55:16,6.946217030736662,-114.24395837117449,LOGIN,LOW
2026-03-24T19:19:16,-34.703939033148146,-70.06182525153677,UPLOAD,HIGH
2026-02-09T23:15:25,33.25433756419311,153.9185391323984,LOGOUT,CRITICAL
2026-09-18T22:26:34,-62.17242301793563,-123.70041885163293,ERROR,LOW
2026-11-28T00:32:44,-61.57023050023482,58.53266758149681,PURCHASE,CRITICAL
2026-07-03T23:54:17,27.628313356200863,103.94950769906711,PURCHASE,LOW
2026-12-29T06:43:55,-42.686025463367265,156.35879209820564,PURCHASE,HIGH
2026-02-26T07:22:20,-34.878170191720216,81.6154692129499,PURCHASE,HIGH
2026-04-30T14:55:31,-13.446375717285648,-38.324805836600916,ERROR,LOW
2026-10-24T00:25:51,79.19771487068087,-160.0893268829228,ERROR,HIGH
2026-09-08T19:13:27,54.96673617651649,170.994873378279,PURCHASE,LOW
2026-11-14T21:16:52,36.781003746378104,-104.90074486777439,PURCHASE,HIGH
2026-11-20T07:56:40,-22.774466393424433,-64.13551364914028,ERROR,HIGH
2026-08-05T17:34:20,10.79500714706667,-108.19722766361491,LOGOUT,CRITICAL
2026-07-15T07:46:20,-10.781433029825848,-81.3733127827909,LOGIN,LOW
2026-03-04T07:12:13,-31.413053347819698,-7.314228572414123,UPLOAD,HIGH
2026-01-18T20:45:02,50.621029873902216,-39.5773144989584,ERROR,LOW
2026-04-19T19:07:06,87.64725557868832,31.001171283474747,LOGIN,LOW
2026-01-22T19:01:32,25.13315991822293,-80.62336062161285,PURCHASE,HIGH
2026-12-25T16:37:57,-38.837640732634505,-10.137287912201145,LOGIN,HIGH
2026-10-29T01:47:15,41.840823698639326,116.75185154853858,LOGOUT,CRITICAL
2026-04-27T01:32:10,13.3358616828842,22.26109856130074,ERROR,LOW
2026-05-08T07:42:35,13.091970223079073,94.60337786263733,PURCHASE,CRITICAL
2026-07-26T05:32:05,57.11579868536805,68.24524646898098,LOGOUT,LOW
2026-12-05T03:44:53,51.4621277590486,76.10496838436251,PURCHASE,HIGH
2026-12-18T12:10:33,49.08653781005194,89.01835142411795,LOGOUT,LOW
2026-05-05T18:25:36,-5.701248191425137,-14.110671502401203,PURCHASE,LOW
2026-09-21T04:19:51,84.85895996340255,-86.75070425921083,UPLOAD,CRITICAL
2026-12-29T05:13:09,-85.83510454558888,-137.09144271011291,ERROR,HIGH
2026-06-03T21:51:29,55.091665890398275,107.314919958198,UPLOAD,LOW
2026-12-21T13:36:39,88.13575410997197,-45.54923053210638,UPLOAD,HIGH
2026-01-13T11:02:40,82.7618866470313,134.30911874309305,PURCHASE,CRITICAL
2026-07-11T01:51:38,-39.12364405790877,-59.84907486755711,LOGIN,CRITICAL
2026-01-30T08:12:03,11.755225036932757,170.72191328543892,LOGIN,CRITICAL
2026-03-03T10:45:13,53.746375832185606,124.66776301365297,LOGIN,CRITICAL
2026-12-25T06:17:38,-5.679576770919084,54.06263975398167,LOGOUT,LOW
2026-10-25T22:01:57,33.11156643607028,114.39207657926801,ERROR,HIGH
2026-12-12T09:23:48,68.49730565386221,86.01717214877834,PURCHASE,LOW
2026-03-12T13:19:21,26.611175414474886,-57.66850111293088,UPLOAD,CRITICAL
2026-10-15T04:15:13,57.63753481753665,-24.33701842887018,LOGIN,HIGH
2026-08-12T04:56:41,-37.113518259348645,44.52830894410721,ERROR,LOW
2026-01-04T07:34:44,-49.45861147322376,-26.226127042038968,PURCHASE,LOW
2026-08-15T22:47:00,31.416896270216924,-62.41705960295249,ERROR,CRITICAL
2026-09-16T09:59:41,-53.94032062152768,115.74891035853199,PURCHASE,CRITICAL
2026-12-03T19:17:30,13.834094013786753,-112.0149445662117,LOGOUT,LOW
2026-04-30T19:15:27,-57.314390255798635,-170.55918341851284,UPLOAD,LOW
2026-10-30T17:07:25,-67.08176242400913,-54.53294378759105,LOGIN,HIGH
2026-12-05T02:10:13,-33.239475137563126,-97.16261210337183,LOGOUT,LOW
2026-04-28T15:30:27,-60.60799631199947,176.7613057612483,LOGOUT,LOW
2026-10-27T22:46:49,-26.03794228350104,-130.56762042679244,ERROR,LOW
2026-11-20T22:54:32,80.64246526003262,-170.84740042818424,LOGOUT,HIGH
2026-01-20T02:42:37,-9.573770322364325,-36.295847657996546,LOGOUT,HIGH
2026-08-18T05:13:22,56.60989494947253,-146.57334574365794,LOGOUT,CRITICAL
2026-12-21T16:24:59,14.094636517862227,5.938625662128231,LOGOUT,LOW
2026-02-16T17:49:15,79.3252379301154,86.63112027753459,PURCHASE,CRITICAL
2026-05-04T01:31:54,-15.276983869250088,-104.28211394954656,LOGIN,CRITICAL
2026-05-20T18:07:26,-3.963788256412627,3.1446918868813327,ERROR,LOW
2026-01-03T19:37:37,-21.594756062223766,-28.79497718728331,LOGIN,HIGH
2026-05-20T23:06:03,80.23172107187443,121.1524684988708,ERROR,CRITICAL
2026-04-27T18:40:31,-48.71540933886782,72.43701629640555,ERROR,HIGH
2026-01-07T03:43:58,81.23564596147986,-81.10219342510048,PURCHASE,LOW
2026-02-24T15:45:10,62.534665501264186,-116.150981163617,LOGIN,LOW
2026-07-21T09:54:27,-61.96350332170975,70.22527582297153,LOGIN,LOW
2026-08-20T13:01:42,54.42844910747266,131.88422192890732,PURCHASE,HIGH
2026-08-28T20:01:48,-15.322253345063885,-123.30623007620801,LOGOUT,LOW
2026-12-30T14:52:12,3.3479426335843954,-125.50302008458972,LOGOUT,HIGH
2026-12-08T09:35:43,76.49180814393225,103.16044135730368,LOGIN,HIGH
2026-03-21T06:08:04,-34.908332879410885,45.11249552925142,PURCHASE,CRITICAL
2026-05-05T16:36:53,-84.87392737725078,-170.70118815176536,LOGIN,HIGH
2026-01-14T06:58:45,42.291151113547926,-128.0373074942254,ERROR,LOW
2026-07-29T12:16:14,-22.133381238204166,35.46269163569937,UPLOAD,LOW
2026-03-03T10:16:31,-71.97925550722388,-54.48009369531326,LOGOUT,LOW
2026-06-13T01:35:31,87.87447148515753,-139.53218766493393,ERROR,HIGH
2026-06-11T04:47:47,64.10527677585043,13.221792269868388,LOGOUT,CRITICAL
2026-11-11T08:23:20,24.633942694439668,-67.8848823052075,ERROR,HIGH
2026-02-19T18:53:51,-31.882237507795047,14.394992974473382,UPLOAD,CRITICAL
2026-10-06T04:32:32,-72.64830778537564,-2.591384727218724,UPLOAD,LOW
2026-02-18T20:50:54,-50.52399670591857,-133.26925955741785,LOGOUT,LOW
2026-09-14T00:16:54,-75.2059828208883,-145.87589160936696,ERROR,HIGH
2026-12-11T10:40:27,20.70261969373432,-90.07963417887373,PURCHASE,LOW
2026-10-11T12:22:31,28.68648465126354,-61.69472682650563,ERROR,CRITICAL
2026-08-18T10:30:43,3.585046626946209,27.78015908264703,PURCHASE,LOW
2026-05-08T08:39:35,-14.036228601196981,58.032658191618,UPLOAD,CRITICAL
2026-12-29T23:19:51,63.134715602998085,89.25693933788858,ERROR,CRITICAL
2026-01-19T15:33:51,52.95507412866729,172.63102282272342,LOGIN,LOW
2026-09-04T11:11:11,-83.85947294258897,106.11799810542584,LOGOUT,HIGH
2026-05-06T06:13:10,-87.89174807834915,-6.920505656420119,PURCHASE,LOW
2026-09-02T04:01:44,66.51465138091226,169.48071843231116,ERROR,HIGH
2026-03-25T10:25:06,-8.425152958659382,-85.39032998296177,ERROR,LOW
2026-10-17T07:32:04,-39.72506494832867,96.66397918177194,PURCHASE,HIGH
2026-12-13T14:57:11,-56.462508395677844,-57.24612198385702,ERROR,CRITICAL
2026-06-27T05:10:24,29.38465265460769,60.48456660089772,PURCHASE,CRITICAL
2026-04-13T02:03:50,-78.63880127108271,-48.44799195568842,LOGIN,CRITICAL
2026-02-19T00:31:54,-72.97496631084003,171.03163841870452,LOGIN,LOW
2026-08-02T18:42:12,38.28516388854695,-134.5322686851738,PURCHASE,HIGH
2026-06-25T18:12:35,-11.490460637258465,174.35221179006624,LOGIN,CRITICAL
2026-03-12T22:04:14,-18.439542147481518,158.84989916402645,UPLOAD,LOW
2026-02-25T00:49:05,61.2023069150998,-100.13144702219896,LOGIN,LOW
2026-10-12T19:53:53,44.027243731234734,9.206887903340657,LOGOUT,CRITICAL
2026-11-30T23:05:35,5.501077283234437,-163.0817204110802,UPLOAD,HIGH
2026-07-29T12:06:20,-48.52376189183404,160.97885995345518,UPLOAD,LOW
2026-05-26T10:19:59,-61.425036504679525,64.94288429341304,UPLOAD,LOW
2026-11-24T11:33:18,77.51679774521853,77.79094707025877,UPLOAD,CRITICAL
2026-06-14T16:06:47,64.49313533600645,-79.76830320352033,ERROR,HIGH
2026-06-01T08:56:31,72.17219154473202,169.92319130640539,ERROR,HIGH
2026-05-06T00:31:25,-65.49842201263775,157.73159882424437,LOGIN,LOW
2026-04-08T14:33:29,37.50139057663327,60.523261369600334,LOGOUT,CRITICAL
2026-08-27T02:40:01,16.917287652713327,-155.946670909822,ERROR,LOW
2026-02-25T20:14:04,-3.4322179254932337,-122.3089355583977,LOGOUT,HIGH
2026-11-02T08:58:01,-61.300258068030836,-29.156659686864344,UPLOAD,LOW
2026-04-07T12:52:15,60.17922478223829,-154.60861026145653,PURCHASE,LOW
2026-12-13T15:59:37,-17.740704251640636,81.3524260094448,UPLOAD,CRITICAL
2026-02-28T23:18:33,-52.95040354275224,-128.7329631894402,PURCHASE,HIGH
2026-01-05T04:22:28,24.616189309303167,7.423301279677503,UPLOAD,LOW
2026-10-27T16:22:26,23.13823243767297,-10.400640341749664,ERROR,HIGH
2026-11-16T07:50:08,-67.52439128289592,87.44822308132683,ERROR,LOW
2026-01-28T08:12:03,68.44083842798122,91.53009271459445,PURCHASE,HIGH
2026-01-16T21:52:59,-21.329692074388717,140.80202916236857,LOGIN,CRITICAL
2026-07-01T04:20:04,-13.336096664546858,-119.35583654457903,ERROR,HIGH
2026-03-29T05:44:06,4.111075539507183,-148.11373562263023,UPLOAD,CRITICAL
2026-12-02T23:10:38,-24.74111137216788,132.97006358196995,ERROR,CRITICAL
2026-06-17T22:58:50,-14.098658783752825,49.701566680285566,PURCHASE,CRITICAL
2026-10-12T10:51:36,-40.34418550989298,-89.39851022887564,UPLOAD,HIGH
2026-06-12T23:22:41,30.056127239266957,-89.55033575064557,PURCHASE,LOW
2026-01-06T00:28:48,-71.79642313452655,110.15693615971168,LOGOUT,CRITICAL
2026-07-12T05:30:41,-50.150135558879384,-23.843868079585945,PURCHASE,LOW
2026-10-31T06:43:11,58.72694855582145,-4.3696924906859635,UPLOAD,CRITICAL
2026-05-26T22:55:05,19.1930099831076,133.34164629196755,ERROR,LOW
2026-08-22T15:53:57,-70.59641773803722,121.75403360795963,LOGIN,CRITICAL
2026-02-06T20:39:30,-68.85479454687739,95.05104277954365,PURCHASE,CRITICAL
2026-09-19T05:10:26,37.674952765421025,37.370079397101335,ERROR,CRITICAL
2026-10-17T01:28:11,-82.82431391988098,52.9518506208739,ERROR,HIGH
2026-08-11T15:57:43,65.41402797473796,-166.58055440730664,ERROR,CRITICAL
2026-10-17T02:11:00,49.97353894802572,60.864611617544824,LOGIN,LOW
2026-08-09T04:10:14,-57.46721592287724,46.98765889213911,PURCHASE,LOW
2026-04-24T12:13:03,75.72054471214042,108.68228860359523,ERROR,HIGH
2026-05-20T06:17:27,57.306317857966604,-56.142099150596266,LOGOUT,HIGH
2026-06-23T05:05:11,51.06776437613249,-63.17553486709562,PURCHASE,LOW
2026-03-23T07:34:21,10.52599771876335,130.85384545490126,PURCHASE,CRITICAL
2026-06-05T20:34:53,45.597447773345124,101.14856104231626,LOGOUT,HIGH
2026-11-29T16:31:22,-74.00349810661832,-53.350307778231965,UPLOAD,CRITICAL
2026-11-09T16:35:41,60.52241693334767,-98.07446752524162,PURCHASE,LOW
2026-12-22T00:41:39,39.94932007996624,50.2026255889497,PURCHASE,CRITICAL
2026-07-13T02:10:18,25.105500768978786,92.36321224101408,LOGOUT,HIGH
2026-11-29T10:16:28,37.33129551544273,-53.78619431465533,ERROR,HIGH
2026-10-21T02:58:27,-61.34087299797312,-119.3244508192426,LOGIN,LOW
2026-03-15T16:58:07,14.732430397681625,147.17891739460032,UPLOAD,HIGH
2026-10-21T21:36:46,10.785827017469572,-115.95308286495774,UPLOAD,CRITICAL
2026-01-30T11:46:07,-54.24846979375585,-147.4048017248541,UPLOAD,CRITICAL
2026-06-07T03:29:27,63.397585804809694,-127.52444015652154,PURCHASE,CRITICAL
2026-05-18T09:39:06,-18.583786905215604,151.65299727534097,LOGIN,CRITICAL
2026-11-13T08:22:17,67.76360198662576,107.4554039970667,UPLOAD,CRITICAL
2026-02-01T22:16:03,-31.709466577328755,-99.06305164610613,LOGIN,LOW
2026-08-01T19:36:39,-62.097873239563135,177.3638211083694,LOGIN,HIGH
2026-03-29T04:11:56,59.9846336626577,173.974426082008,LOGOUT,LOW
2026-06-21T00:24:52,26.621109292466613,-102.25148549425892,LOGIN,HIGH
2026-04-05T15:15:50,83.62628686233842,128.71128365695017,ERROR,HIGH
2026-06-10T23:39:39,10.138022595798262,179.41413465522862,LOGOUT,HIGH
2026-03-14T06:11:11,62.6228595774088,29.122420727178877,UPLOAD,HIGH
2026-10-18T00:36:47,-42.931389605892704,106.8470379225152,PURCHASE,HIGH
2026-06-17T12:08:39,-23.3588696598067,144.01902953670987,LOGOUT,HIGH
2026-07-29T20:36:18,-25.726649061834223,164.9127934094642,LOGOUT,HIGH
2026-11-30T23:15:55,58.940620403930836,72.87653423013035,UPLOAD,CRITICAL
2026-02-20T00:10:25,-72.60814639492345,150.29260339080315,UPLOAD,CRITICAL
2026-07-04T18:11:48,6.364784512126889,-142.26925633392275,UPLOAD,LOW
2026-10-07T15:52:36,-27.298297962832343,72.77201497694656,UPLOAD,LOW
2026-06-30T16:47:02,-41.555981163929054,121.18082746231943,ERROR,CRITICAL
2026-06-20T01:15:11,-0.5160696328332648,-22.97366989197738,LOGOUT,LOW
2026-08-06T11:11:37,-9.275711025153939,54.09992531475774,PURCHASE,HIGH
2026-12-03T22:24:18,37.135622550684374,-157.04033996520548,PURCHASE,LOW
2026-10-07T04:20:34,-40.30373154166601,-89.2756535034895,LOGIN,CRITICAL
2026-08-21T03:19:36,-1.6542330566838217,73.51841505744656,LOGOUT,HIGH
2026-03-25T13:50:52,29.124148945362194,-68.46290086342061,PURCHASE,HIGH
2026-04-01T07:39:24,12.574325678608858,135.34873144972153,ERROR,LOW
2026-10-25T14:26:09,7.130270424724657,65.27582266385917,PURCHASE,LOW
2026-08-25T17:49:55,-80.46523415907869,91.60787529502676,UPLOAD,LOW
2026-10-28T19:59:24,85.92369282828577,40.986165574985336,UPLOAD,HIGH
2026-10-11T15:38:17,-60.98270049795405,-109.93717275881896,UPLOAD,LOW
2026-11-21T13:39:21,-57.37714331367791,53.78652493936883,ERROR,CRITICAL
2026-02-16T09:49:17,-30.277779727883413,-146.10188588043326,ERROR,CRITICAL
2026-09-30T05:07:41,80.8253802609708,-40.517589377097664,ERROR,HIGH
2026-09-28T11:03:31,-4.606638812037488,125.01559588004886,LOGOUT,LOW
2026-05-01T20:33:04,-26.0717486446055,74.61466249026296,PURCHASE,HIGH
2026-02-05T05:42:24,-56.77805150381475,-35.48600828484726,LOGOUT,HIGH
2026-09-09T08:34:36,23.941318651156948,-57.7007385893025,LOGIN,CRITICAL
2026-04-11T02:34:13,-86.32786290143262,38.21739362123844,UPLOAD,LOW
2026-09-23T03:19:09,-22.833543291775456,-119.33527975810765,UPLOAD,LOW
2026-01-02T19:26:38,-31.165260603609447,-69.74500082466545,UPLOAD,CRITICAL
2026-05-26T13:43:29,64.68455234535082,164.05621247039335,LOGOUT,CRITICAL
2026-08-30T02:57:00,-0.3237557953476511,12.677037705589726,PURCHASE,LOW
2026-12-05T16:32:02,32.97259512745316,-124.31837993935801,PURCHASE,CRITICAL
2026-03-10T17:05:28,70.45861795042131,74.29232377223892,LOGOUT,CRITICAL
2026-02-27T19:22:48,56.58506533070789,-19.761679091133203,UPLOAD,LOW
2026-12-30T05:33:46,6.766172497585671,164.89129309142447,LOGIN,HIGH
2026-12-30T03:08:04,-37.542430166904,-54.34055234572635,LOGOUT,CRITICAL
2026-07-21T08:39:58,-59.8706443455703,-144.10023496184965,LOGOUT,CRITICAL
2026-03-02T07:03:33,89.52154301385946,151.19969041245287,ERROR,CRITICAL
2026-08-01T19:32:52,59.71862249070591,102.26255388004188,LOGIN,CRITICAL
2026-08-04T07:57:32,-78.21655511184105,-91.36001846455288,LOGOUT,LOW
2026-11-14T12:26:57,-1.6617328382936734,105.8594255562312,LOGIN,HIGH
2026-01-23T18:25:01,74.98989028351167,151.60487333649712,UPLOAD,LOW
2026-11-26T05:49:40,3.571884456065476,58.86453595555935,PURCHASE,CRITICAL
2026-08-07T15:30:34,13.515622663476023,11.493245570378093,ERROR,CRITICAL
2026-09-07T19:02:40,-53.832224228523074,-64.68608879468411,ERROR,LOW
2026-04-24T18:34:37,79.96451044634782,-26.525088060455715,ERROR,HIGH
2026-02-01T23:55:12,-1.7162382283050874,-3.1538134995500684,PURCHASE,CRITICAL
2026-07-08T00:10:51,19.739382490408104,-69.8768703703489,PURCHASE,CRITICAL
2026-09-29T10:14:08,-80.07920283854737,119.25259273490093,LOGOUT,LOW
2026-04-30T06:33:51,70.57665680158564,89.22649893238753,UPLOAD,CRITICAL
2026-03-09T07:49:14,25.36783707482853,86.13253904330855,UPLOAD,LOW
2026-01-19T08:00:22,84.01827599503298,-41.43549928243425,PURCHASE,CRITICAL
2026-01-21T08:43:55,58.27430314251009,66.29953410129153,ERROR,CRITICAL
2026-07-17T10:23:48,4.317198938576453,-115.81555766501718,PURCHASE,CRITICAL
2026-09-29T12:51:32,-81.95027244151251,-102.7824610805939,ERROR,LOW
2026-12-13T13:21:41,-50.11791401927246,-64.68821058968565,LOGOUT,HIGH
2026-03-22T06:55:40,12.806159520714019,40.68613622794581,LOGIN,HIGH
2026-03-22T00:20:14,72.05772581763648,-138.12083085810838,PURCHASE,LOW
2026-12-18T05:34:47,-46.73027069325036,112.90958918249748,PURCHASE,LOW
2026-06-01T10:16:42,58.78299803366457,-46.15784011535251,ERROR,LOW
2026-03-02T13:21:48,-64.49950450826216,-91.37766134861897,PURCHASE,HIGH
2026-09-22T05:44:51,12.69715195768353,130.94761643373675,PURCHASE,LOW
2026-12-08T05:54:03,27.600544635907113,148.94502534077594,ERROR,CRITICAL
2026-01-04T23:19:34,-15.140273509622475,-31.089652659241608,PURCHASE,LOW
2026-11-14T04:25:31,50.26056221037334,-88.76682597363991,LOGIN,CRITICAL
2026-09-26T22:47:00,-18.815674725742042,70.56063589577062,ERROR,LOW
2026-09-15T11:15:47,34.10988703470994,-154.61123235870198,LOGIN,LOW
2026-03-03T17:16:38,72.39908533106899,-4.126750052421471,LOGOUT,CRITICAL
2026-05-08T03:23:21,-59.873987661074395,86.43345931425466,ERROR,HIGH
2026-07-28T06:18:22,-38.44098738397012,127.98291359274833,PURCHASE,LOW
2026-10-23T12:56:03,-68.50787303534804,116.23589306187529,LOGOUT,LOW
2026-08-04T10:38:40,62.36177332426681,-107.7162584233179,UPLOAD,LOW
2026-07-02T02:59:45,-3.8124381029464303,-139.89361463254522,LOGIN,HIGH
2026-03-13T15:27:45,-74.95055468933693,69.7020448022133,LOGIN,LOW
2026-06-19T07:20:08,20.757748833018113,-22.280917869473427,LOGOUT,HIGH
2026-08-20T20:27:25,48.44278162262842,58.63563430385,UPLOAD,LOW
2026-10-26T11:23:52,-52.12235562142858,-65.54832804387183,UPLOAD,LOW
2026-03-01T07:21:55,-28.557451406808504,162.14918352878675,LOGOUT,HIGH
2026-06-29T10:28:56,-53.88312636106234,51.88866123791138,ERROR,HIGH
2026-03-01T10:58:20,80.4278321007267,2.014054826749657,LOGOUT,LOW
2026-09-01T14:03:17,-55.0189635123316,56.88439801056077,ERROR,LOW
2026-12-05T09:27:08,-10.70451101296456,123.63202906012089,UPLOAD,CRITICAL
2026-04-22T18:33:04,10.233563698810627,-128.38915797349512,PURCHASE,LOW
2026-02-13T06:00:16,33.25730913671583,-32.42729942130276,UPLOAD,LOW
2026-08-29T05:38:29,39.68684323567703,80.66857051706467,PURCHASE,HIGH
2026-01-15T22:11:37,-64.17243419383817,-142.63466472660022,LOGOUT,LOW
2026-05-29T01:09:58,-89.38422842854189,-158.9696847428815,ERROR,CRITICAL
2026-02-16T11:08:42,64.26054224679805,94.38345004754643,LOGIN,CRITICAL
2026-07-31T21:11:52,-76.69367772666513,53.59054637431666,ERROR,CRITICAL
2026-09-08T09:52:47,-20.51014519598843,66.81959496272853,ERROR,HIGH
2026-12-20T12:03:42,44.65249331876953,65.83722216339737,UPLOAD,HIGH
2026-05-15T00:59:46,86.42359880980808,49.21112570013358,ERROR,LOW
2026-06-26T09:40:01,6.56184180304389,-50.351347024870364,LOGOUT,HIGH
2026-09-05T10:08:20,41.57613628643429,166.6942878682405,ERROR,HIGH
2026-12-09T12:15:11,-61.14300320853252,86.40200709951938,ERROR,HIGH
2026-02-25T22:01:33,-82.34012005636266,-32.26627785081496,UPLOAD,LOW
2026-06-06T05:03:51,-67.4956402836415,45.539967172286595,LOGOUT,HIGH
2026-06-13T13:18:55,69.05192267291704,-14.190645932840255,ERROR,HIGH
2026-05-31T20:32:59,-6.566912193292026,-58.39152040061391,ERROR,LOW
2026-10-08T21:42:59,5.388618536775667,-91.43743814449499,LOGOUT,CRITICAL
2026-03-17T13:49:17,80.64090085960257,82.55044786153252,UPLOAD,HIGH
2026-12-16T15:54:38,-6.5923325816020935,130.4779263960687,ERROR,HIGH
2026-09-08T02:30:55,-34.758183073755646,-38.581358113293845,ERROR,LOW
2026-07-30T19:31:48,27.402739386391374,-71.88470120963918,UPLOAD,HIGH
2026-01-20T18:17:21,-54.106245494693034,-58.43406499468159,LOGOUT,CRITICAL
2026-05-30T05:50:49,78.68195573352392,-24.557825141299645,ERROR,LOW
2026-09-27T12:15:56,-52.83840932343364,24.261446000022232,LOGOUT,HIGH
2026-10-17T16:57:36,32.513429980021115,96.92641091427237,ERROR,CRITICAL
2026-10-31T15:27:11,54.150624540491066,-125.75402745556607,PURCHASE,HIGH
2026-04-06T10:04:32,66.24541784021127,-133.0001697350793,ERROR,HIGH
2026-08-26T00:56:57,77.94363913991057,40.436963073996594,LOGIN,CRITICAL
2026-02-07T16:42:27,51.653206138049256,-149.1299789568202,LOGIN,LOW
2026-05-09T17:53:03,63.46816656135363,-67.21420276639948,PURCHASE,LOW
2026-10-16T18:42:29,-62.89147144234043,-103.31573195217356,LOGIN,HIGH
2026-08-31T00:56:25,73.66420892469588,30.041467589329528,ERROR,HIGH
2026-05-12T12:10:27,36.648579027796075,-75.69322236503234,LOGIN,CRITICAL
2026-03-04T01:33:34,72.14707045630394,-125.27391807159465,ERROR,LOW
2026-07-26T17:26:37,73.8416683025062,-32.515239291035016,UPLOAD,CRITICAL
2026-09-02T03:44:43,-5.4778182061369165,173.9890872034763,LOGOUT,LOW
2026-09-15T19:42:30,80.17232735750324,147.30653673533646,LOGIN,LOW
2026-02-22T15:52:18,68.4417240960214,-9.787288482687558,ERROR,LOW
2026-10-25T22:14:43,-86.40825848645295,67.72373911439104,PURCHASE,HIGH
2026-08-16T03:34:52,12.943844741061767,-18.959969864519707,LOGIN,HIGH
2026-09-18T21:16:23,12.020941092738411,138.81739051878145,LOGIN,HIGH
2026-01-27T18:06:04,-58.09761535905442,44.651195615810394,ERROR,LOW
2026-02-13T02:19:56,88.7214244030803,104.74831391684103,LOGOUT,CRITICAL
2026-05-05T13:07:38,-37.37709665258623,105.40147201384781,LOGIN,HIGH
2026-08-23T02:37:12,87.04276505021139,-1.8900373150111136,UPLOAD,CRITICAL
2026-06-12T05:36:23,88.50632496499142,-48.522247773028795,PURCHASE,LOW
2026-07-19T09:26:50,-39.55574872518667,7.355378609454249,LOGIN,HIGH
2026-05-04T17:15:53,73.0469975623395,-161.27601479153455,LOGOUT,CRITICAL
2026-04-30T02:03:20,-42.63958975071021,178.61541536347477,PURCHASE,LOW
2026-04-16T23:01:15,44.99957218108625,93.51542291350376,ERROR,CRITICAL
2026-02-01T03:55:48,-30.074604457398216,-168.70542938236932,UPLOAD,LOW
2026-10-13T07:21:10,13.257468517558195,-71.0242311876893,LOGOUT,HIGH
2026-05-28T14:00:52,-20.08851568045492,70.3037819406793,PURCHASE,CRITICAL
2026-05-26T16:34:35,-29.58571578545198,109.13257110513985,ERROR,HIGH
2026-10-02T16:19:56,-28.41683623327895,159.4462520230269,PURCHASE,CRITICAL
2026-03-16T21:59:25,-2.0105244912549693,-83.99788923568873,ERROR,CRITICAL
2026-02-02T22:20:58,54.98553112089684,148.80301054344335,UPLOAD,LOW
2026-01-09T22:26:42,55.93591483782714,110.2415954645187,LOGIN,LOW
2026-01-29T21:35:40,-58.12070081226608,-156.6146989506319,UPLOAD,LOW
2026-10-30T11:39:24,-74.2703262309412,-152.85184440409924,LOGIN,CRITICAL
2026-11-10T09:39:25,-28.595734561765752,147.20811353836837,LOGIN,LOW
2026-08-15T07:40:10,22.702748133361183,133.68577650844685,ERROR,CRITICAL
2026-12-06T04:41:29,-30.437885213615807,59.37770544066862,UPLOAD,LOW
2026-01-22T19:30:32,36.74657348520077,-108.17232839404957,LOGIN,LOW
2026-02-05T14:44:31,39.28579234518517,-147.02906637353593,ERROR,CRITICAL
2026-04-01T12:25:24,-52.16057264059966,78.11250350317584,ERROR,HIGH
2026-08-31T21:37:57,5.280026604793548,-8.624120545995737,LOGOUT,CRITICAL
2026-07-12T08:32:02,18.98240854687478,-113.01664315971911,PURCHASE,CRITICAL
2026-09-20T14:15:42,16.52616914884358,129.9236138318172,ERROR,LOW
2026-07-17T03:01:46,-88.86358950793375,-116.69367141493763,LOGOUT,HIGH
2026-02-25T21:10:40,68.07179672688036,27.156269179139542,LOGOUT,CRITICAL
2026-02-18T03:51:35,36.51625705584864,-152.71928647345706,LOGOUT,HIGH
2026-10-21T17:05:55,88.55647430560586,-121.52751250505099,UPLOAD,HIGH
2026-08-22T14:53:21,-15.789242452399435,50.61419146318053,LOGOUT,HIGH
2026-04-08T11:01:17,58.40434269649256,84.75953554121736,UPLOAD,LOW
2026-09-12T07:34:16,70.30009339947273,66.07116915733025,PURCHASE,LOW
2026-01-26T02:36:46,-78.90847689434189,-2.187702626583217,LOGIN,CRITICAL
2026-10-21T11:10:10,57.18663198811606,-151.2174197833791,ERROR,LOW
2026-10-17T01:05:13,31.410201906276512,-65.37670275770202,PURCHASE,CRITICAL
2026-09-22T12:07:59,18.991234317982176,165.3465961196748,UPLOAD,HIGH
2026-10-10T09:31:09,61.15053174966212,-17.716697686012793,ERROR,HIGH
2026-07-14T01:29:39,-35.95550837059136,-3.9285153683209444,UPLOAD,CRITICAL
2026-03-15T21:35:06,-48.93990676327615,-118.60094178190968,PURCHASE,HIGH
2026-06-30T13:35:59,68.39543732326655,-63.22760066061791,ERROR,HIGH
2026-12-04T08:42:22,71.83612274818617,-17.216493077825447,LOGOUT,CRITICAL
2026-10-19T11:39:08,-20.598450038377294,161.86827785382218,LOGOUT,HIGH
2026-05-29T03:26:24,88.15718409899688,47.58949349655367,ERROR,HIGH
2026-01-06T10:01:29,-11.811371874455233,114.26572679160489,LOGOUT,LOW
2026-08-19T06:34:29,80.28772810923851,-101.88223664354805,LOGIN,HIGH
2026-07-03T10:02:43,-63.01803105503162,-58.56652147179592,LOGIN,HIGH
2026-06-02T07:51:58,-61.50305900995446,118.72013914488605,UPLOAD,HIGH
2026-03-30T10:41:02,-55.809709373293394,38.4569998125919,ERROR,HIGH
2026-06-18T23:29:47,80.51956037646141,-122.46456611571335,LOGIN,HIGH
2026-02-11T04:05:55,-77.95690572611201,-63.61829985552524,ERROR,CRITICAL
2026-04-23T08:40:30,-64.53399686271374,6.7545719415074075,ERROR,LOW
2026-06-11T16:37:13,-1.7087629263537707,164.46841739775806,LOGOUT,HIGH
2026-09-02T20:18:14,-34.08985374025731,42.652867096953656,UPLOAD,LOW
2026-08-21T16:09:51,-66.7029460122093,-78.51703582111742,PURCHASE,CRITICAL
2026-12-02T13:58:22,-66.93596715836111,23.517967979275085,ERROR,LOW
2026-01-07T21:04:01,-9.52592248766473,-29.879791672531184,LOGOUT,HIGH
2026-09-25T07:15:04,-47.981097073657054,133.8745609292348,PURCHASE,CRITICAL
2026-12-22T15:17:45,72.33119618188601,-8.572434460742699,PURCHASE,CRITICAL
2026-05-13T08:05:18,13.899563572460721,-60.81814071984117,LOGOUT,LOW
2026-05-05T23:41:55,50.687122150381725,26.01898573047552,LOGOUT,CRITICAL
2026-08-19T05:37:14,19.689680953794834,112.79588203934219,LOGOUT,HIGH
2026-08-07T18:19:05,-5.44454246535696,-173.01697527732244,UPLOAD,LOW
2026-05-30T04:28:31,45.03461812961089,44.49851897206736,LOGIN,CRITICAL
2026-07-10T15:53:48,-6.715932723373484,144.15499330109213,PURCHASE,LOW
2026-06-24T13:30:11,-19.876233935818234,-110.45458015157756,PURCHASE,CRITICAL
2026-02-25T13:38:00,-24.519157762832194,99.9933396372769,ERROR,LOW
2026-03-28T17:37:02,23.95256773046836,-62.202823994899134,UPLOAD,HIGH
2026-08-07T05:04:53,-63.69836463732147,-81.80727582871658,PURCHASE,HIGH
2026-05-03T00:15:38,18.85878442956826,13.071660339988739,LOGOUT,CRITICAL
2026-08-23T23:46:03,-68.33476473978519,84.0311704710324,LOGOUT,CRITICAL
2026-11-07T05:48:27,0.743264636711217,-90.63847091305742,ERROR,HIGH
2026-09-30T02:29:41,57.3455762377842,-176.0709545959255,PURCHASE,LOW
2026-02-25T22:43:58,-36.7013927955101,-169.62435547568958,ERROR,LOW
2026-05-24T03:53:45,-6.310893448863624,147.53038464093737,LOGOUT,HIGH
2026-09-01T01:42:59,-21.23649776020956,-123.48776956063345,ERROR,HIGH
2026-02-11T20:15:17,78.6425363215757,-15.860434924499685,LOGOUT,CRITICAL
2026-08-24T13:23:08,-8.399972831775997,-121.35560653259665,LOGOUT,HIGH
2026-01-07T14:02:36,-67.69531034353207,132.38557128275698,UPLOAD,HIGH
2026-05-24T05:40:12,-64.4844885412725,119.44956257477736,ERROR,CRITICAL
2026-01-10T21:21:12,23.20026098315961,52.67819431869924,ERROR,LOW
2026-05-07T20:13:48,20.354770351150606,93.79134008610424,PURCHASE,HIGH
2026-08-08T15:55:53,46.16844745230176,-165.82266958077656,UPLOAD,LOW
2026-10-08T16:46:00,39.108641508665244,-132.5279675513239,LOGIN,LOW
2026-02-24T08:04:08,-62.71741331811563,8.201010069380857,LOGOUT,LOW
2026-10-21T01:56:13,-25.142952240873157,-51.45082710879373,LOGIN,HIGH
2026-05-14T10:20:00,45.153124723760584,-2.7159474477056165,UPLOAD,LOW
2026-07-23T18:21:57,-15.05647483820195,104.302330781195,LOGOUT,CRITICAL
2026-11-16T13:28:48,-73.89472986321489,-105.38835494623086,LOGOUT,LOW
2026-10-24T05:28:35,74.05638751655601,-86.12831114334902,LOGOUT,LOW
2026-09-08T09:35:07,33.033948841566016,-171.2789286755479,LOGOUT,HIGH
2026-01-17T11:08:54,-82.40834236577034,93.06998732506952,LOGOUT,LOW
2026-07-14T09:46:47,-32.49737711153146,-40.490904210904944,ERROR,LOW
2026-07-18T03:50:46,47.79660159450091,-2.798184987420399,ERROR,CRITICAL
2026-01-27T09:26:50,-82.77659627778536,32.28071818472452,LOGOUT,LOW
2026-08-15T07:31:22,-1.5362915300769657,-54.22264775144522,LOGIN,CRITICAL
2026-12-09T09:32:42,-23.738718542108288,143.4884293262154,LOGOUT,HIGH
2026-03-24T15:14:16,-62.593946631838406,-177.35401980972117,UPLOAD,HIGH
2026-04-14T04:00:24,10.127289499149484,3.9166645693117346,LOGOUT,LOW
2026-10-20T21:23:15,19.371332273856396,-59.585133265867285,PURCHASE,HIGH
2026-06-02T11:35:58,-68.54982110050862,-77.26257709716322,LOGIN,HIGH
2026-08-23T07:47:45,84.19225929121339,61.86469364352402,ERROR,LOW
2026-03-13T18:45:34,-69.7151719965129,-40.5172567839258,LOGIN,CRITICAL
2026-12-29T08:58:08,67.3621776476873,-107.94865136211112,UPLOAD,CRITICAL
2026-10-18T05:05:22,-36.250238791649465,68.30993505354434,LOGOUT,CRITICAL
2026-11-14T15:00:37,-35.393291078739644,-13.039282712546623,LOGOUT,CRITICAL
2026-12-12T17:19:33,69.18847718716552,-89.16027219556139,UPLOAD,LOW
2026-05-01T08:29:31,-87.7751395184082,118.65138936885364,PURCHASE,LOW
2026-07-14T00:32:29,80.4231133281408,-40.11418000467913,PURCHASE,HIGH
2026-06-01T18:05:41,18.32633626233455,-120.50737581033394,ERROR,HIGH
2026-08-06T19:18:47,17.413267428887224,106.20114322931494,LOGOUT,LOW
2026-08-28T08:59:15,-70.69291383628382,-179.90253428395613,LOGIN,CRITICAL
2026-01-20T10:17:42,64.28987593962358,160.84336086156424,LOGIN,HIGH
2026-06-22T20:15:56,-21.34423515815527,24.519928589724145,LOGOUT,LOW
2026-01-21T19:00:31,-23.751042345497353,52.477961694320726,ERROR,CRITICAL
2026-12-07T09:03:22,-22.892226027712894,-79.20767493325971,LOGIN,HIGH
2026-10-27T05:03:20,-83.70130433340442,-136.77245386885076,LOGOUT,HIGH
2026-06-27T10:52:27,77.42263501736682,139.45030774162637,LOGOUT,LOW
2026-12-24T01:29:18,24.607761308304177,162.8729975630216,LOGIN,HIGH
2026-03-09T19:12:56,-87.41807326476561,-149.00570228002036,LOGOUT,HIGH
2026-12-04T19:02:49,69.55920103460446,70.17068774014808,PURCHASE,HIGH
2026-01-09T18:15:52,36.517811129849534,-7.2990013451711775,LOGOUT,LOW
2026-01-26T07:18:51,-18.44299165872137,-44.12699184743079,LOGIN,HIGH
2026-06-17T23:04:33,59.481218932764875,-31.52726901316464,LOGIN,CRITICAL
2026-12-15T12:26:59,-82.073932005541,-157.31631170664434,PURCHASE,CRITICAL
2026-04-20T08:24:34,39.396750675520394,-107.02849262432186,PURCHASE,LOW
2026-09-18T16:26:02,-41.0467605786463,133.91696473736414,LOGOUT,CRITICAL
2026-06-23T23:33:40,55.863706919183926,178.5014837538123,LOGIN,CRITICAL
2026-11-21T10:25:20,64.25967885823553,21.219982674514597,ERROR,LOW
2026-10-05T21:35:22,62.722182077576775,-162.97396940629068,PURCHASE,LOW
2026-08-21T06:13:17,-23.88651235307495,115.45711256631512,UPLOAD,LOW
2026-05-25T23:06:17,28.548241722045532,-46.34197964197773,UPLOAD,CRITICAL
2026-02-26T13:58:56,-32.27197712410173,50.15310648712207,ERROR,LOW
2026-08-14T07:57:57,-17.67974535390897,-11.705696627016323,PURCHASE,HIGH
2026-02-27T08:02:27,56.560946710992084,90.5973222866242,ERROR,CRITICAL
2026-07-30T14:18:34,-16.59135993675001,166.0991096155053,LOGIN,CRITICAL
2026-04-09T07:59:52,69.25902236085733,-60.190532707431444,PURCHASE,CRITICAL
2026-07-01T04:36:33,-8.861625971894,14.116245733559026,LOGOUT,LOW
2026-05-14T09:13:15,1.14351812968971,129.49615533483825,LOGOUT,CRITICAL
2026-05-13T16:24:27,7.237987472754256,119.52471277211458,LOGOUT,CRITICAL
2026-02-24T04:25:57,85.90175604020413,105.22000785240976,ERROR,LOW
2026-11-16T19:02:54,-14.58430783055617,-139.72321453257342,UPLOAD,CRITICAL
2026-01-17T07:16:02,3.5223923525717424,27.1672529090537,PURCHASE,CRITICAL
2026-09-16T02:51:54,79.61217485104754,86.29605503113294,PURCHASE,HIGH
2026-02-15T09:47:09,-31.41228622396406,121.12876241571212,PURCHASE,CRITICAL
2026-12-30T20:48:09,-18.907106562243527,56.48108255095721,ERROR,LOW
2026-08-13T02:12:39,-26.79581556492495,-33.12055880123128,LOGIN,LOW
2026-09-06T17:36:25,25.902408224774405,-123.94757464255588,LOGOUT,CRITICAL
2026-01-01T05:33:22,70.77303635214952,168.94096658843745,LOGIN,HIGH
2026-02-26T01:29:28,74.85186526922286,70.1774613711224,PURCHASE,LOW
2026-10-21T12:34:18,-16.898423325163378,117.0835041651714,UPLOAD,CRITICAL
2026-02-07T12:15:29,81.27910291112201,-111.23763435734793,LOGIN,LOW
2026-04-25T20:54:26,-68.20640372279486,-113.14291791650373,LOGIN,LOW
2026-04-09T10:10:30,-8.532114988697487,-137.17694407783222,PURCHASE,CRITICAL
2026-06-06T12:14:23,-88.0976785301616,35.12191048322296,PURCHASE,HIGH
2026-05-26T14:28:11,-52.47928712754258,-25.73140306075814,UPLOAD,HIGH
2026-09-04T16:40:32,20.66457187235737,-164.92504205940463,ERROR,LOW
2026-07-14T04:17:23,-32.46626747198812,-168.82548472224488,ERROR,HIGH
2026-10-20T09:42:14,7.023114551318656,-144.71754556765708,UPLOAD,CRITICAL
2026-12-09T00:07:12,-26.810114153906603,169.69044600833456,ERROR,LOW
2026-05-28T13:33:06,-83.03911646233286,-4.518576016591453,LOGIN,HIGH
2026-04-08T22:16:04,7.87229162878387,-150.13271414980127,LOGIN,HIGH
2026-05-28T12:28:08,44.82939988917772,-93.10368972048803,ERROR,LOW
2026-05-06T09:23:23,-34.23355594670298,99.7789577652099,ERROR,LOW
2026-08-27T08:15:33,-16.090723297807003,-176.29417772459567,LOGOUT,CRITICAL
2026-12-02T01:06:08,31.543684307860445,-169.83513074521912,UPLOAD,HIGH
2026-01-27T20:03:18,0.3730700360386692,-13.255207993784467,UPLOAD,HIGH
2026-11-08T04:43:43,76.49648514702415,55.33283398120946,LOGIN,HIGH
2026-08-16T10:45:24,-68.81965796888635,6.02507693168252,LOGOUT,HIGH
2026-04-24T22:35:17,63.63991118441754,-165.66606235129242,UPLOAD,HIGH
2026-06-15T17:25:36,-70.25857728998868,-124.27337148276482,LOGIN,LOW
2026-07-07T05:55:41,-2.4754586456143954,-177.95070007868617,LOGOUT,HIGH
2026-01-18T00:56:29,-35.59020703373848,-99.56784633975221,UPLOAD,HIGH
2026-03-30T19:56:29,38.48903074890339,111.0306636413992,LOGIN,LOW
2026-03-05T20:37:45,-64.94304460466043,86.52830148016585,UPLOAD,CRITICAL
2026-01-10T04:41:48,-11.142487009568384,-47.99676831095334,ERROR,LOW
2026-10-03T02:50:55,4.531539690376093,69.77235237198909,UPLOAD,LOW
2026-06-12T13:51:50,-4.741559430683907,-79.59520580571294,UPLOAD,CRITICAL
2026-06-13T23:42:14,-77.95106104216306,-148.5925360426366,PURCHASE,HIGH
2026-06-05T20:38:18,1.2804422189995677,-92.43649477972208,LOGOUT,LOW
2026-01-10T08:42:53,-60.84084201195871,25.35142471823582,LOGOUT,HIGH
2026-09-14T06:21:33,89.37367944617122,-45.605928296948605,PURCHASE,HIGH
2026-01-26T22:47:49,84.75576745122424,56.254570981738425,UPLOAD,HIGH
2026-02-14T23:47:55,10.73998471465734,-96.39061456262309,LOGOUT,HIGH
2026-02-21T17:39:07,44.39558659691588,-39.34448716022297,PURCHASE,LOW
2026-07-18T03:22:17,51.85567663751374,-139.4090700980818,PURCHASE,CRITICAL
2026-07-26T00:47:53,-88.40565163938743,136.93847218249903,LOGOUT,HIGH
2026-12-24T13:50:27,-46.13829348306789,-7.059899207643383,LOGOUT,LOW
2026-09-15T21:16:02,-4.5432805561305685,-7.655632815628536,LOGIN,LOW
2026-05-31T15:05:39,9.545858010734463,45.73072638291876,LOGIN,LOW
2026-09-17T01:39:29,-67.14799512615642,3.552441390938611,LOGIN,HIGH
2026-07-19T09:05:28,88.1760468909525,-153.86756596105795,LOGOUT,LOW
2026-09-01T11:30:47,45.61447452330253,122.31754113155944,PURCHASE,LOW
2026-11-18T13:17:32,-42.75567849613382,-158.5177139129226,ERROR,LOW
2026-12-05T03:13:14,-32.31223567937495,-37.933618352119026,LOGOUT,CRITICAL
2026-10-10T03:25:35,77.54039665507378,-39.32055799709113,UPLOAD,LOW
2026-10-18T17:32:13,73.35142152695909,-7.428311844449695,UPLOAD,HIGH
2026-09-08T21:32:17,66.93681490404478,48.72400355802958,LOGOUT,CRITICAL
2026-07-22T10:28:52,-38.22701789823155,98.31570108994799,ERROR,CRITICAL
2026-01-13T00:08:22,-14.883041292875163,22.207202244873002,LOGOUT,CRITICAL
2026-01-16T12:20:50,-23.486196920796516,-38.423756501823306,ERROR,CRITICAL
2026-11-10T08:01:37,87.60220293015195,-57.06625171557906,UPLOAD,CRITICAL
2026-05-08T00:40:44,75.47882255513619,127.93640510334478,ERROR,CRITICAL
2026-07-09T10:30:32,-20.503106442576765,133.61725913154163,UPLOAD,CRITICAL
2026-08-06T13:19:39,76.22171985203835,37.873734353207595,UPLOAD,LOW
2026-07-02T06:27:17,-29.32645383195741,68.91266715737572,PURCHASE,CRITICAL
2026-07-20T18:46:00,20.94599868093323,-157.34362653960693,PURCHASE,HIGH
2026-12-06T17:16:30,-37.98954705150361,4.866447761827715,PURCHASE,HIGH
2026-12-19T07:52:52,-46.90533726004746,-111.14403243761694,PURCHASE,LOW
2026-11-17T16:24:36,-29.70027273013506,63.39604160304461,PURCHASE,HIGH
2026-08-21T03:31:54,-13.707339759593964,57.28000631784647,UPLOAD,LOW
2026-11-08T13:27:35,48.58362528607094,-73.79449227163364,PURCHASE,CRITICAL
2026-07-30T19:02:17,9.52257467661535,-106.39278495839963,ERROR,CRITICAL
2026-07-21T23:48:05,-58.7851902760719,80.85337147256217,PURCHASE,CRITICAL
2026-04-06T22:27:35,-52.96791145456118,104.38020935684386,PURCHASE,LOW
2026-12-11T13:59:10,26.545920265644384,-1.095952279869465,LOGOUT,HIGH
2026-07-08T02:24:24,39.06746095965272,155.6942096691443,ERROR,CRITICAL
2026-05-13T14:04:24,-63.65881483368108,38.15415252699023,PURCHASE,LOW
2026-05-27T05:48:44,56.360615038298164,174.19232384494802,LOGIN,LOW
2026-03-15T08:56:14,56.158413202628196,-88.26808978609701,ERROR,HIGH
2026-12-30T00:30:39,88.3536755972799,30.090098497397918,PURCHASE,CRITICAL
2026-08-09T09:03:04,-14.311224998129902,-84.34756622942173,ERROR,CRITICAL
2026-07-10T03:01:34,17.148919399486857,-8.507464249566198,ERROR,HIGH
2026-02-16T09:18:21,-64.84907468707226,-135.75002513765864,LOGIN,LOW
2026-11-26T00:14:26,-77.34960354921161,-141.31381394373886,UPLOAD,HIGH
2026-02-19T11:39:36,51.09671486363047,153.26921155667543,ERROR,LOW
2026-01-16T12:14:36,70.43607696036585,23.964242201721362,LOGIN,LOW
2026-05-12T02:42:53,85.83052704024911,79.04590472417004,PURCHASE,HIGH
2026-04-04T11:18:09,-48.51210028172457,42.59228451041923,UPLOAD,HIGH
2026-12-27T08:12:11,9.470842954808901,122.6764786622706,LOGOUT,LOW
2026-08-04T00:57:12,15.1416013912052,94.4464406308087,LOGOUT,HIGH
2026-03-20T21:24:47,7.508029572169434,-173.72139406494503,LOGOUT,LOW
2026-08-10T20:20:42,43.282099593757124,172.3220988413018,PURCHASE,HIGH
2026-02-18T09:00:50,-72.77694147590748,124.33761675882931,LOGOUT,LOW
2026-06-28T10:54:43,19.72929708522304,141.07866393383978,LOGOUT,HIGH
2026-02-11T16:55:06,-89.42969498799195,61.61817394985201,ERROR,CRITICAL
2026-12-01T08:07:31,17.94894019459275,-40.78681438699758,LOGOUT,LOW
2026-02-08T23:29:04,62.510797640379394,-32.92753892784563,ERROR,HIGH
2026-02-28T09:41:41,43.04958999053622,-41.58881257317145,UPLOAD,HIGH
2026-01-09T22:37:24,7.427631897554178,-82.17961137111222,ERROR,HIGH
2026-11-03T15:29:28,67.52640839150823,-56.77605542578692,LOGIN,HIGH
2026-07-17T02:47:45,20.81481017039806,121.75882309070386,UPLOAD,LOW
2026-05-25T20:14:56,-63.98716757728048,-152.15149658662622,ERROR,LOW
2026-11-03T01:20:39,-17.278863956901702,-101.5457904851717,PURCHASE,HIGH
2026-04-17T11:11:11,-45.222181166052216,-75.3556272130986,LOGOUT,HIGH
2026-08-22T04:27:56,67.99150202086824,165.8358282501947,UPLOAD,LOW
2026-09-08T16:17:02,35.5645641062043,-17.19150947999151,LOGIN,HIGH
2026-08-11T00:13:29,-27.866852993416025,-42.850464229450495,ERROR,HIGH
2026-10-09T05:49:57,-9.841039749578783,-27.310386060134164,ERROR,HIGH
2026-05-16T05:44:21,-48.85976949004908,-48.02588873970873,PURCHASE,HIGH
2026-03-03T09:34:55,-59.66250181611913,127.3129005043063,UPLOAD,CRITICAL
2026-07-26T04:41:14,55.825587624521546,124.52491710383885,ERROR,HIGH
2026-01-19T15:11:32,46.92784340042198,-147.6098995316205,LOGOUT,LOW
2026-08-28T00:24:33,35.156303044470576,-161.97657398774624,LOGIN,CRITICAL
2026-12-28T22:57:49,-44.07384066612907,-126.3494379406049,LOGOUT,HIGH
2026-04-19T03:56:00,66.78156886155395,-113.03277460879147,ERROR,HIGH
2026-03-06T17:05:34,3.691434502752145,-96.54637132695586,LOGIN,CRITICAL
2026-01-21T06:02:27,13.0696289079781,101.91626818727445,LOGOUT,HIGH
2026-08-01T19:09:26,-5.355294573583478,-27.62495605519473,LOGOUT,LOW
2026-01-07T16:08:45,55.39117137373674,-109.66139780768486,LOGIN,LOW
2026-10-28T03:21:23,-71.7281454173629,114.22431380995874,LOGOUT,CRITICAL
2026-02-18T05:02:35,50.230677003090705,19.23791553012805,PURCHASE,CRITICAL
2026-03-11T11:41:32,-62.510650634331114,155.57403763570198,LOGOUT,LOW
2026-05-07T09:40:24,63.97331916483503,95.88586701483632,UPLOAD,LOW
2026-07-14T12:50:54,0.811754324070165,-159.53397436611323,LOGOUT,LOW
2026-01-19T18:36:11,-5.567959933998495,124.75336110312304,LOGOUT,CRITICAL
2026-11-21T00:03:08,-23.9056470744639,101.9366838078181,ERROR,LOW
2026-06-26T16:23:12,-58.47389900805315,-140.4445739326277,LOGOUT,LOW
2026-09-06T14:30:03,19.08193600038028,-164.7815267432731,ERROR,LOW
2026-01-01T05:20:39,-38.3035507579216,10.401498731834437,ERROR,CRITICAL
2026-10-20T22:11:56,-18.896954364651194,14.928823273215983,ERROR,CRITICAL
2026-07-01T05:12:56,83.17888182791759,159.5827232828454,PURCHASE,CRITICAL
2026-08-13T06:25:40,39.3040540126934,89.7635885020457,PURCHASE,CRITICAL
2026-12-30T20:15:44,-16.617907359889188,1.1349173549835427,ERROR,LOW
2026-11-09T13:38:26,-83.44499873190566,-153.5698540812183,PURCHASE,HIGH
2026-02-14T20:52:31,18.791235705835632,-31.53131859208628,ERROR,HIGH
2026-05-26T02:25:21,-85.70234703557097,-4.6002266441805375,LOGIN,LOW
2026-06-19T03:30:14,49.512970409703684,90.12510130540471,ERROR,CRITICAL
2026-11-04T00:13:13,46.57611530170257,-129.65575848768896,PURCHASE,HIGH
2026-04-05T22:49:42,-64.383240916222,144.18128789771896,ERROR,HIGH
2026-07-09T01:04:46,-18.13694652957598,76.64050018395255,PURCHASE,LOW
2026-06-29T22:15:45,-66.52546037104723,165.4626096672166,LOGOUT,LOW
2026-12-15T09:00:29,25.2041171945215,-143.53745709098496,PURCHASE,LOW
2026-05-17T03:24:37,-6.283904882590733,-40.839534704858465,ERROR,LOW
2026-08-21T07:58:04,-37.088813305948776,115.59391874463961,UPLOAD,HIGH
2026-01-16T17:42:53,78.1158922362651,132.70645339029164,ERROR,LOW
2026-05-17T21:22:27,-30.338573196334586,-68.27696105901374,UPLOAD,LOW
2026-01-05T07:03:03,88.57792107935614,-127.46194997458477,UPLOAD,HIGH
2026-01-24T06:11:13,-85.55696836329098,-101.27023289320753,UPLOAD,HIGH
2026-01-10T08:59:58,-9.295441563321887,-59.74526489180313,UPLOAD,HIGH
2026-05-15T17:34:56,21.919080903962538,-77.42621889361507,LOGIN,CRITICAL
2026-08-16T10:23:05,-67.8063969385926,-22.176775686016015,ERROR,HIGH
2026-10-24T13:38:14,2.5148955472414514,59.87520605736103,UPLOAD,CRITICAL
2026-10-18T20:36:06,11.943103604544646,-155.77589482432586,LOGOUT,HIGH
2026-05-09T05:14:24,28.910927091306505,-21.649874573037494,PURCHASE,LOW
2026-02-25T05:30:17,47.17957768365045,-109.3196723345797,UPLOAD,HIGH
2026-04-18T02:16:04,-19.00810689000221,-164.91900611039378,PURCHASE,LOW
2026-02-21T15:06:34,-54.99117973962683,24.946156365566935,ERROR,LOW
2026-06-15T19:06:12,8.470074849379273,-88.14676257555587,LOGOUT,LOW
2026-01-26T17:17:31,-60.58954079008612,-166.51404279781306,ERROR,LOW
2026-03-27T02:06:29,-5.704809243052281,173.2310168416605,ERROR,LOW
2026-02-01T01:22:12,30.4950849915231,112.2083202286505,PURCHASE,CRITICAL
2026-10-10T16:43:25,86.3024640603434,126.21377921710513,PURCHASE,CRITICAL
2026-08-05T22:14:11,8.626564741512027,144.477332928605,PURCHASE,CRITICAL
2026-09-16T05:42:14,-31.224047729316,-123.98460298485558,UPLOAD,CRITICAL
2026-09-23T02:18:23,-39.786369315430434,33.78611534972933,LOGOUT,LOW
2026-11-13T11:42:55,-85.9994645558506,-5.977452263326427,PURCHASE,CRITICAL
2026-04-27T17:30:20,-0.20261276441063103,80.73964384848358,ERROR,LOW
2026-08-18T18:58:37,-35.93835156931519,130.72532931529895,LOGIN,LOW
2026-08-04T13:06:22,-49.74746188515519,102.05152242498787,LOGOUT,HIGH
2026-12-18T12:50:21,-62.41351390861501,-144.5049958597316,UPLOAD,CRITICAL
2026-05-21T23:20:20,-15.723895477844465,-36.053745516054704,UPLOAD,HIGH
2026-04-27T03:40:11,-75.39674353861099,-121.51962888016604,ERROR,CRITICAL
2026-01-26T18:09:09,49.49388739848328,153.404821754622,LOGIN,HIGH
2026-06-07T15:29:32,56.71095026873192,-124.54346068858919,ERROR,LOW
2026-05-10T15:06:34,78.76692389449786,-137.43849463103214,LOGOUT,HIGH
2026-12-08T09:51:37,89.60373378198548,154.02078587546004,ERROR,CRITICAL
2026-03-25T02:53:27,-17.04281451240918,125.80202195525226,PURCHASE,LOW
2026-08-26T02:57:00,54.815312100060254,-58.999937047741426,UPLOAD,HIGH
2026-08-19T11:19:04,-22.167423713387947,-150.163785247225,LOGIN,LOW
2026-11-06T05:04:07,42.73743734902274,-125.98335061569988,ERROR,HIGH
2026-12-15T04:44:36,-73.38329145172713,169.22167663046844,LOGOUT,LOW
2026-01-01T19:27:16,-5.182534516132236,-168.2335349317343,PURCHASE,HIGH
2026-09-21T14:18:45,33.41910649281026,117.63265559073074,PURCHASE,CRITICAL
2026-08-11T03:24:03,-74.24636582078509,-120.52023707749917,PURCHASE,HIGH
2026-02-08T19:48:00,-82.99039543169145,29.830861014459146,LOGIN,CRITICAL
2026-01-01T01:59:10,57.857360586965086,-110.7906663102257,LOGOUT,HIGH
2026-11-17T02:00:58,88.8266026099385,-141.28615039409024,UPLOAD,HIGH
2026-08-28T00:16:14,60.632968952475096,-154.19400886111862,UPLOAD,HIGH
2026-02-23T19:59:41,-78.31034643038676,38.22038372503485,PURCHASE,LOW
2026-09-07T21:31:09,49.693530097526974,5.3609233692531575,ERROR,CRITICAL
2026-03-28T21:53:30,34.025764994811,-168.4678546963509,PURCHASE,CRITICAL
2026-03-05T05:28:00,35.083578862837356,111.69748427646641,PURCHASE,CRITICAL
2026-04-29T23:50:36,-37.14241148808529,74.03667430035537,ERROR,HIGH
2026-11-10T09:28:01,77.48947741331543,105.93270238083244,PURCHASE,CRITICAL
2026-05-07T20:13:21,-52.101488684694246,-13.936765689108341,LOGOUT,LOW
2026-01-31T20:33:24,-79.42534457308832,135.0509864269087,LOGOUT,LOW
2026-06-24T08:14:22,-67.30024630666654,80.197102922493,PURCHASE,HIGH
2026-09-25T02:04:08,-32.40892958440889,-93.86854008800856,ERROR,HIGH
2026-06-09T04:21:49,-67.92866939770292,51.95196837616683,UPLOAD,CRITICAL
2026-08-17T05:29:19,-35.54171972916637,75.27987655638066,ERROR,CRITICAL
2026-01-14T03:22:32,-24.4423201071056,-39.314059697569206,PURCHASE,LOW
2026-01-19T23:53:40,-84.35168779341994,127.10432983417701,PURCHASE,HIGH
2026-03-14T10:53:18,56.253385615133084,-13.138579152534902,ERROR,CRITICAL
2026-12-01T23:46:34,-31.75567507050779,-132.15482850610294,PURCHASE,CRITICAL
2026-10-02T17:18:06,-13.97728801881621,-66.67618375343503,UPLOAD,CRITICAL
2026-03-13T10:38:56,-88.66103338858971,101.95440485406283,PURCHASE,HIGH
2026-02-06T04:50:21,-2.3590432286726752,175.8127829465289,LOGOUT,LOW
2026-12-10T09:31:10,-64.73862258192742,4.602387975244653,ERROR,HIGH
2026-12-19T08:42:47,-53.59403006925293,-115.01534767126091,LOGIN,LOW
2026-09-03T06:21:37,-25.06904432143466,-56.53332227412537,UPLOAD,HIGH
2026-05-11T22:44:37,-89.50728476921094,-6.192588226761785,UPLOAD,LOW
2026-03-23T23:14:17,-63.39494839420003,64.92805568217952,UPLOAD,HIGH
2026-07-26T04:03:31,-19.67576548363607,10.344657880866407,UPLOAD,CRITICAL
2026-12-26T20:20:06,20.200411047033825,-23.422441802201746,LOGIN,HIGH
2026-10-07T06:33:53,16.3755264765186,-75.53041701044734,ERROR,LOW
2026-04-21T11:35:55,-30.131026780421436,-33.358932344948556,LOGIN,HIGH
2026-11-19T03:59:31,68.0821874372968,154.45742671843993,UPLOAD,CRITICAL
2026-03-31T16:33:56,76.15611252734303,120.52878121079294,LOGOUT,HIGH
2026-04-13T19:11:15,-35.94914868122061,54.73969062253309,LOGIN,LOW
2026-09-17T14:14:23,72.78847742320201,-88.50891066988912,PURCHASE,LOW
2026-07-26T02:52:53,-48.74024788068276,-100.15166235921467,ERROR,LOW
2026-06-04T04:07:24,-89.59492551235903,-162.80504744418351,LOGIN,HIGH
2026-07-27T20:57:45,56.59644202820138,16.7565347132838,ERROR,LOW
2026-07-14T20:39:57,66.33826681574809,83.79003380288702,PURCHASE,CRITICAL
2026-09-15T14:32:11,-80.78477539573308,175.9926203553635,LOGOUT,CRITICAL
2026-09-14T19:39:22,9.42466595590325,100.68292768086343,LOGOUT,HIGH
2026-08-06T18:36:45,40.62982096631623,-116.19478168917621,LOGOUT,LOW
2026-09-24T01:26:45,-12.689912957386383,-61.64106135917105,LOGOUT,HIGH
2026-01-09T00:51:11,-72.0972108589266,155.18951229592926,PURCHASE,LOW
2026-09-13T07:56:41,-37.38300695325467,-87.44670488232948,LOGOUT,HIGH
2026-03-21T06:17:15,41.24912269043409,-49.88533500479497,PURCHASE,HIGH
2026-07-30T14:47:04,34.480348816234766,50.04813749113913,LOGIN,LOW
2026-12-06T03:00:40,-68.14064045589082,157.357014128552,LOGOUT,LOW
2026-10-30T09:40:57,48.6610996946452,93.04124131777138,PURCHASE,LOW
2026-02-14T00:41:31,47.682052710894396,-58.489257963612275,UPLOAD,CRITICAL
2026-06-30T16:53:04,1.9403275994773992,-6.752926107649387,UPLOAD,HIGH
2026-11-02T01:21:45,-75.01174178625175,104.0400099242541,PURCHASE,LOW
2026-05-31T15:18:35,55.188341692641586,16.30960360302521,PURCHASE,CRITICAL
2026-01-08T01:53:34,73.96558809651714,43.32310922127303,LOGIN,LOW
2026-03-05T00:40:20,-63.75367103831311,-122.27766165173642,UPLOAD,LOW
2026-07-05T21:43:02,88.4004363898076,92.63316919926768,PURCHASE,LOW
2026-05-13T02:42:52,63.63112054817435,105.35951370322903,ERROR,LOW
2026-11-10T12:20:55,2.2355551991998226,112.25139517251682,LOGOUT,LOW
2026-03-15T20:16:03,21.793515047044025,-5.9676742669432485,UPLOAD,CRITICAL
2026-09-28T19:49:00,-77.95789811235142,177.48800864871185,LOGOUT,CRITICAL
2026-12-29T15:36:41,74.31889653606558,-2.024937564992939,ERROR,HIGH
2026-05-06T03:15:07,25.654928731894074,-108.31929203875816,LOGIN,LOW
2026-06-25T21:25:18,-56.14550515510208,25.538147151110508,LOGIN,CRITICAL
2026-12-29T16:45:56,-22.94326903843114,-58.05877872115282,LOGIN,HIGH
2026-12-01T18:29:10,-6.573369984771716,-131.731337133884,LOGIN,CRITICAL
2026-07-22T03:32:37,11.054211839307285,-138.0621986579986,LOGOUT,HIGH
2026-07-11T23:37:59,9.645312125268731,18.577646772007057,PURCHASE,LOW
2026-08-31T16:55:26,55.949274792122964,103.01264003427036,PURCHASE,LOW
2026-05-02T04:35:34,6.67467689506428,-26.76938127247638,LOGIN,LOW
2026-01-22T07:49:34,79.02875031558364,59.33651974102912,LOGOUT,CRITICAL
2026-04-11T07:21:25,56.82480326536751,179.74106799880587,PURCHASE,HIGH
2026-11-27T00:07:22,-15.834630156786389,-153.21698970312897,UPLOAD,HIGH
2026-01-30T04:05:29,-0.3083315826257973,85.90622296881111,ERROR,LOW
2026-01-11T03:42:53,86.6256956109996,-62.008616428677655,LOGIN,LOW
2026-12-28T17:22:24,4.491782251917968,35.83653827432664,LOGIN,HIGH
2026-02-14T00:43:26,-72.87169221464518,-84.88805356264444,PURCHASE,HIGH
2026-12-12T00:33:58,-67.72914623564921,27.50808981382673,UPLOAD,LOW
2026-03-31T21:55:01,-81.1658331023702,-67.86413175666193,UPLOAD,CRITICAL
2026-12-21T13:31:37,64.66546441867473,112.16775668124103,UPLOAD,CRITICAL
2026-12-04T23:47:16,34.286799269107206,-73.0056955942885,UPLOAD,CRITICAL
2026-04-26T13:19:49,-71.92157073945816,-34.68607819953047,LOGIN,HIGH
2026-12-23T20:11:37,68.0335683795125,-146.53170796600654,PURCHASE,HIGH
2026-10-15T19:29:59,-80.63037585734953,-155.25088165735167,UPLOAD,LOW
2026-02-11T11:42:56,70.45242746066953,-164.69105475455285,PURCHASE,HIGH
2026-07-30T11:28:28,-70.75963193497952,-122.82949915001257,UPLOAD,LOW
2026-02-01T20:22:41,-29.868690443721682,-113.35348521579154,UPLOAD,CRITICAL
2026-12-03T14:09:24,-71.30271573699268,112.40935747373379,ERROR,LOW
2026-10-11T00:25:47,37.46906938254129,-119.02694981075675,UPLOAD,LOW
2026-06-08T10:00:04,-89.04843179394294,8.271044455663741,PURCHASE,CRITICAL
2026-11-05T14:46:38,41.37322932278525,123.06246718405174,ERROR,CRITICAL
2026-04-03T09:29:52,-79.31310104317843,-104.03729363700107,ERROR,LOW
2026-11-17T09:47:37,5.000606273763879,-56.06356733265683,ERROR,CRITICAL
2026-06-09T19:51:32,73.93432247712988,-76.44140856735645,LOGOUT,CRITICAL
2026-11-29T11:48:10,70.12218536761986,74.48557042539645,PURCHASE,CRITICAL
2026-08-24T01:23:38,-0.41809737487530185,172.01370419010414,ERROR,CRITICAL
2026-03-16T05:47:10,44.421414327088854,68.86798595002867,UPLOAD,LOW
2026-11-13T07:11:20,25.347700748121298,-136.808195202181,LOGOUT,LOW
2026-10-04T03:38:09,-82.76288478408742,179.3321923166405,LOGIN,CRITICAL
2026-01-29T00:56:44,33.132270358870755,-132.13365474731359,LOGOUT,HIGH
2026-02-13T17:38:03,13.423450294935549,54.6670788204207,LOGIN,CRITICAL
2026-01-06T08:15:06,-15.595949595781732,-57.11148474901886,ERROR,LOW
2026-02-27T02:01:23,40.37655783171505,102.81509343063755,PURCHASE,HIGH
2026-06-09T15:58:47,-21.829564878987966,6.791735924133889,PURCHASE,HIGH
2026-09-15T12:43:26,-53.721190732746415,48.61856589115837,LOGOUT,HIGH
2026-05-18T03:51:33,-56.1598752692998,59.708517707294874,LOGOUT,HIGH
2026-07-09T21:00:15,80.8457416989024,-22.517705130457642,PURCHASE,LOW
2026-06-18T06:35:13,-6.5551482994190025,-157.89434432013698,LOGIN,CRITICAL
2026-06-28T03:50:15,4.370759219177984,-106.6176436183932,LOGIN,HIGH
2026-02-24T15:23:56,-38.97968895525445,-116.25837181944536,LOGIN,HIGH
2026-11-02T03:12:36,47.274000311841235,-156.4937891726613,ERROR,HIGH
2026-04-28T17:59:19,25.96500262898826,-18.236494121457355,PURCHASE,HIGH
2026-06-01T16:36:30,-41.46489121852449,-7.073896531733624,ERROR,LOW
2026-01-07T15:48:36,50.58140637126394,52.27932881507965,ERROR,LOW
2026-08-03T06:39:02,1.7455878521496544,156.2314523167102,LOGIN,HIGH
2026-10-08T02:28:08,-23.24986581530362,-88.26797508920114,LOGIN,HIGH
2026-12-01T18:26:41,28.49288711671899,107.806081411825,ERROR,LOW
2026-01-25T10:54:07,12.08805614924239,138.53110431554086,LOGOUT,HIGH
2026-04-08T21:43:50,55.747827768124296,92.78529155823907,UPLOAD,CRITICAL
2026-08-12T01:55:24,53.81903742549957,10.77095457805612,LOGOUT,CRITICAL
2026-07-13T00:43:03,85.94131421371551,-178.78649850432078,LOGIN,HIGH
2026-10-26T10:52:30,34.1348001252381,19.39405941293697,UPLOAD,HIGH
2026-01-01T13:36:46,-3.4165345518630517,-112.54612833970904,PURCHASE,CRITICAL
2026-10-24T18:30:29,-13.527238032145902,70.56969649831615,PURCHASE,CRITICAL
2026-03-19T11:09:52,23.192467781541197,61.14106135880655,UPLOAD,CRITICAL
2026-08-08T01:03:58,-25.76024906861643,-43.22825484076435,UPLOAD,LOW
2026-12-12T17:47:50,-45.92086897456118,-163.51076372856858,PURCHASE,HIGH
2026-07-03T01:36:56,46.60677495159271,11.69495523001629,ERROR,LOW
2026-06-17T07:33:47,82.35032320945226,-174.08470535052908,LOGIN,LOW
2026-08-08T11:39:47,71.26655522480036,-96.7304042885847,LOGIN,LOW
2026-07-01T09:31:40,-15.77522250789012,178.54417939410752,LOGIN,LOW
2026-09-22T11:00:51,88.15942656745693,17.484500995734493,LOGOUT,LOW
2026-10-14T14:53:12,-51.38392672445862,-46.48428592929076,LOGIN,HIGH
2026-01-05T13:01:53,75.27662192098745,-32.71025476381271,PURCHASE,CRITICAL
2026-08-17T14:23:38,70.1642817331153,141.51698526196475,LOGIN,HIGH
2026-12-25T16:16:11,-47.392288222019936,-137.23952357721586,PURCHASE,CRITICAL
2026-07-28T12:11:15,44.35519243210001,157.77781720405716,LOGOUT,LOW
2026-07-04T20:45:27,34.01940546836457,14.78705093364107,LOGIN,HIGH
2026-11-14T07:36:05,88.60625206637783,106.46002313681868,PURCHASE,LOW
2026-02-04T10:50:19,0.6660817929972467,-97.44147797724621,UPLOAD,HIGH
2026-01-01T00:51:57,-13.120971282212182,-54.37482761982281,PURCHASE,HIGH
2026-08-05T00:58:09,35.269021016158035,-170.31622569259815,LOGIN,CRITICAL
2026-08-11T00:40:10,-86.15494787608277,-80.90714462611031,LOGOUT,LOW
2026-04-01T23:05:04,42.74550011855922,83.67848176196935,LOGOUT,LOW
2026-03-18T18:10:54,-66.12692987099295,-14.092157020724898,ERROR,LOW
2026-08-29T06:12:02,-65.78729282566636,-137.56455733427572,LOGOUT,HIGH
2026-09-01T13:16:49,46.18609010003465,93.99333795796116,ERROR,LOW
2026-09-25T03:51:08,-78.61176319381939,144.4163377379238,ERROR,HIGH
2026-01-03T23:02:58,-59.152472858008636,-167.3533777006665,LOGOUT,CRITICAL
2026-11-24T08:28:09,70.72206985700277,-140.93120880024262,LOGOUT,LOW
2026-01-29T10:23:41,-62.32685376175113,-140.96169921411092,LOGOUT,CRITICAL
2026-11-12T13:58:36,-60.08594745468187,76.93092455934186,UPLOAD,CRITICAL
2026-07-26T04:01:40,80.99403785291682,155.53884277497116,UPLOAD,HIGH
2026-12-11T05:44:12,-8.45007130256677,118.35919439046347,UPLOAD,CRITICAL
2026-09-14T12:27:40,12.112852177066827,163.30251784370154,ERROR,LOW
2026-08-26T06:27:18,60.60420530325902,-19.77271571380541,PURCHASE,HIGH
2026-08-24T10:57:05,-51.45352105261119,84.02918225071397,LOGIN,LOW
2026-06-07T14:28:50,-36.803840640226746,98.12090421290088,ERROR,LOW
2026-12-06T17:01:31,14.652453368623185,106.77664794047428,LOGOUT,LOW
2026-03-31T05:18:42,42.66064395046624,12.075441642422533,LOGIN,CRITICAL
2026-07-06T03:36:06,-18.970730724335198,53.87590057431487,LOGOUT,LOW
2026-07-21T03:41:06,-57.63733299803312,135.28767022079342,LOGOUT,LOW
2026-12-19T15:11:06,-80.86352905992513,128.98913635674495,UPLOAD,LOW
2026-04-04T18:53:38,7.020519222392991,-149.91556225657237,UPLOAD,CRITICAL
2026-02-06T07:49:25,-43.26152051236307,-60.452690142343386,LOGOUT,LOW
2026-01-18T02:16:57,-13.010272768948212,126.08820454511431,LOGOUT,LOW
2026-11-08T19:17:28,52.2050641454116,71.55918709225787,LOGIN,CRITICAL
2026-02-27T09:48:10,22.471208420564054,-154.28331679132532,UPLOAD,LOW
2026-10-14T12:14:43,46.82512699016655,-14.076286112752058,PURCHASE,HIGH
2026-01-12T15:14:54,-84.04089765409901,-175.84933846580148,LOGIN,CRITICAL
2026-09-26T07:30:04,-85.64270201832474,111.45509377354688,LOGIN,LOW
2026-05-06T05:53:10,-60.313691821988435,87.19129481069717,UPLOAD,LOW
2026-02-02T02:11:30,33.83215229418846,-6.919243759573163,LOGIN,HIGH
2026-11-01T08:08:39,70.97297457624703,53.117178184943015,LOGIN,CRITICAL
2026-10-18T16:15:44,84.35586056766465,-170.69714502303938,LOGOUT,HIGH
2026-05-02T11:55:03,-21.771889321564586,-138.54327912562908,UPLOAD,CRITICAL
2026-04-23T13:42:27,45.45527989107987,-86.11053632692396,LOGIN,CRITICAL
2026-11-12T15:31:37,-63.37014967156432,60.531684216101496,UPLOAD,HIGH
2026-04-22T12:44:49,-1.594948068261246,147.6912951206815,LOGIN,LOW
2026-03-10T05:52:31,58.38426424101857,-75.96820994831957,UPLOAD,LOW
2026-05-02T23:45:04,-21.69985350670376,-165.46206099859086,ERROR,HIGH
2026-01-11T04:40:49,-82.05364519463407,-162.41286813462966,PURCHASE,LOW
2026-05-27T18:14:36,-27.836610715089563,-57.06390804106087,PURCHASE,CRITICAL
2026-07-20T08:26:59,-40.48572349990652,-126.01490180294212,ERROR,CRITICAL
2026-02-17T17:54:20,-47.555680615193914,-126.2616988482174,PURCHASE,CRITICAL
2026-03-30T11:40:01,88.32015706520733,-46.95613326075221,LOGIN,HIGH
2026-05-01T10:35:14,57.88407840313329,102.65036678058704,ERROR,CRITICAL
2026-01-17T06:17:09,9.457798515050541,-165.8246416970634,ERROR,LOW
2026-06-07T23:00:58,-52.57502732224633,-32.33395295771285,UPLOAD,CRITICAL
2026-06-28T15:43:52,21.256398289754017,103.14836024900353,LOGIN,CRITICAL
2026-10-30T09:12:23,24.52409544258549,157.894928069534,UPLOAD,LOW
2026-02-18T20:13:49,-78.38738671743783,-83.58815305890339,LOGIN,LOW
2026-12-03T00:43:36,-19.498218852976564,120.56335740005437,LOGIN,CRITICAL
2026-12-22T10:36:28,5.272133595728263,-178.21017731592946,PURCHASE,CRITICAL
2026-03-10T21:54:28,8.545980533362467,-9.488962147824509,LOGOUT,CRITICAL
2026-03-17T06:52:14,-21.944174250419067,94.98701563154339,UPLOAD,CRITICAL
2026-01-25T22:04:11,-18.052431730896984,-92.79821145720828,LOGIN,LOW
2026-09-28T13:11:51,-17.985123906780473,64.04509563933607,LOGOUT,CRITICAL
2026-08-10T22:01:27,26.133494231917936,60.11242853849109,PURCHASE,HIGH
2026-04-26T13:42:33,-61.45328429544206,-92.62216004281791,ERROR,CRITICAL
2026-02-20T16:26:41,-23.713827356659593,81.08227688233745,UPLOAD,HIGH
2026-03-25T01:27:11,-71.2632796486817,165.87851494689392,PURCHASE,LOW
2026-06-29T09:49:42,67.21995463475727,115.93329027642511,PURCHASE,CRITICAL
2026-06-01T09:57:10,-61.79903802393606,160.61101846475498,PURCHASE,HIGH
2026-12-03T10:15:13,67.22405036998879,-112.82792847469075,LOGOUT,CRITICAL
2026-09-20T10:27:17,-23.571429392788346,15.648915811970966,LOGOUT,HIGH
2026-03-16T10:30:46,82.65931677657548,148.11586188173789,LOGIN,CRITICAL
2026-02-02T20:35:35,-5.4302308864235584,-69.21739050724372,PURCHASE,HIGH
2026-07-19T05:19:17,13.627693748436158,113.29989515936205,UPLOAD,LOW
2026-10-27T19:54:19,-49.344048414078266,-140.77253391881405,LOGOUT,CRITICAL
2026-09-28T20:17:47,0.174569587219068,-115.75633362718207,PURCHASE,HIGH
2026-10-09T18:06:01,85.0457012963719,-12.354228946311139,LOGIN,CRITICAL
2026-09-25T07:01:22,-28.812778690774927,-75.70937091665057,LOGIN,HIGH
2026-04-03T17:56:12,-53.16482272023363,-102.1919510124819,PURCHASE,LOW
2026-11-18T18:25:05,4.718255448259981,31.36376018394955,LOGIN,HIGH
2026-10-10T21:39:20,-50.061811467953795,-129.0902116139138,LOGIN,LOW
2026-02-06T17:30:06,38.034996002718316,-16.292192120581063,ERROR,CRITICAL
2026-12-08T05:06:47,51.727154718936845,15.976049731663721,UPLOAD,LOW
2026-04-04T15:10:50,16.797186556870955,47.114494475438164,LOGOUT,HIGH
2026-03-26T04:33:25,-65.75274681375168,51.85016420697613,LOGOUT,LOW
2026-12-09T16:24:12,-16.803552852076024,-167.48731061510824,LOGIN,LOW
2026-12-23T13:35:43,45.00763841075843,94.08729092597304,ERROR,HIGH
2026-06-01T04:55:05,-72.84459722706406,165.86637720648991,ERROR,CRITICAL
2026-10-07T17:33:09,65.52285726670422,141.05660232169555,LOGIN,LOW
2026-03-23T01:15:29,57.662794625628464,179.01471951490186,LOGIN,CRITICAL
2026-02-11T10:56:34,-29.774073361203506,-30.591832694968105,UPLOAD,LOW
2026-11-22T06:58:03,17.49539967102224,152.7575326317792,LOGOUT,CRITICAL
2026-05-27T12:36:29,-29.906647317043387,49.26003644631726,ERROR,HIGH
2026-10-11T05:12:23,-38.94314715156432,172.44062732596666,LOGIN,CRITICAL
2026-12-19T14:35:05,-15.208036713294831,-178.89332087620159,UPLOAD,CRITICAL
2026-03-24T23:50:41,-19.482946200498404,39.50734499953472,PURCHASE,LOW
2026-12-11T01:02:12,-79.56989218499251,-67.95797215902132,LOGIN,LOW
2026-12-05T04:49:55,4.673055373668106,97.87226890780141,PURCHASE,LOW
2026-07-29T09:58:53,-37.39617183318782,-96.71417696087981,UPLOAD,HIGH
2026-05-14T04:31:42,60.85174131950518,31.160550193084106,ERROR,LOW
2026-03-08T06:06:49,56.69035531678594,-123.23588237929309,LOGOUT,CRITICAL
2026-08-22T18:42:59,1.0534659521193532,-153.53944147787053,ERROR,HIGH
2026-05-11T04:12:32,-29.21495664649892,-152.37193529903215,PURCHASE,LOW
2026-09-28T01:45:25,44.28282137446038,83.06180466578468,LOGOUT,CRITICAL
2026-07-28T04:51:39,-16.69537254184344,88.97231441309481,PURCHASE,CRITICAL
2026-01-09T06:06:12,50.04331978086972,-58.502947646725815,ERROR,HIGH
2026-06-16T11:29:22,-11.633175060661003,104.663488475625,LOGIN,CRITICAL
2026-09-27T09:37:30,-72.72264032831583,88.68344877930821,ERROR,LOW
2026-12-31T14:40:18,-82.41146616717702,-110.54211381868667,LOGIN,CRITICAL
2026-12-10T16:12:49,-53.42720251502114,-39.38769382820345,UPLOAD,LOW
2026-11-14T17:55:06,66.82233555087831,-170.18297181232066,LOGOUT,CRITICAL
2026-06-26T22:46:04,-76.91770614930931,158.51132622553456,LOGOUT,LOW
2026-03-10T03:51:16,48.1670346807594,-88.55030921773835,PURCHASE,HIGH
2026-01-21T05:09:37,57.13158232989028,3.2672941543526974,LOGOUT,HIGH
2026-08-11T03:48:47,-70.42073721163347,45.49618411865393,ERROR,HIGH
2026-10-24T08:09:35,11.046755134665716,144.87043031554282,UPLOAD,LOW
2026-07-23T16:37:15,59.650476779646795,-75.45570351273714,LOGIN,LOW
2026-04-05T00:32:11,-35.27888475846583,19.63105828900069,UPLOAD,HIGH
2026-10-31T00:23:39,-55.06754635520526,-72.56150748228102,ERROR,CRITICAL
2026-12-21T11:12:24,9.05187839715525,141.74095861836417,LOGOUT,HIGH
2026-01-18T21:52:29,-51.84706507567658,52.24880765936476,UPLOAD,CRITICAL
2026-02-18T05:02:30,-80.3879390772771,60.12926916333001,ERROR,CRITICAL
2026-09-27T12:14:34,-86.7502481563183,116.01247084957993,UPLOAD,HIGH
2026-08-08T05:09:54,14.55185254930332,-156.6576259644095,PURCHASE,HIGH
2026-08-11T22:52:59,-57.279953596792474,-174.32161675933753,ERROR,HIGH
2026-08-15T09:00:48,55.31847305452962,-34.97217601359836,UPLOAD,CRITICAL
2026-08-11T10:45:55,22.279602808254722,45.3464862068418,UPLOAD,CRITICAL
2026-11-10T19:45:31,-22.343760158684873,100.98672953574084,PURCHASE,CRITICAL
2026-09-07T05:32:13,18.83880985311444,36.111847971132704,ERROR,LOW
2026-12-12T07:29:29,3.998235264409729,-127.73482238728363,PURCHASE,CRITICAL
2026-05-30T04:03:38,24.619861031683726,24.754032562317633,LOGOUT,HIGH
2026-08-08T13:20:58,-71.47008334850258,-172.3415884522511,UPLOAD,HIGH
2026-08-10T03:57:09,21.38105185787184,170.94734838948006,LOGOUT,LOW
2026-12-12T20:25:53,-55.73236838352773,-113.41634495476563,LOGOUT,HIGH
2026-10-31T03:02:57,-64.56740036809163,168.87961622144917,ERROR,CRITICAL
2026-08-06T10:10:07,82.91304579939862,-160.28189221907502,UPLOAD,CRITICAL
2026-01-09T22:00:32,88.20407674032106,-9.72808200269722,ERROR,CRITICAL
2026-02-15T17:11:55,-7.707330603282983,-29.626683070932927,LOGIN,CRITICAL
2026-06-21T15:38:21,-58.6953676129149,-102.27353281214363,UPLOAD,CRITICAL
2026-03-30T14:08:33,3.5988802404075386,-100.6569546663753,UPLOAD,HIGH
2026-09-10T12:12:22,-46.086876826480484,162.02352544125222,LOGOUT,CRITICAL
2026-12-15T09:15:32,11.007592352198046,-173.70026125796403,PURCHASE,LOW
2026-12-15T10:59:00,-27.957080358239303,-33.31001609994638,LOGIN,LOW
2026-12-17T09:33:56,35.12574867850698,39.602524908582524,PURCHASE,LOW
2026-08-02T07:24:05,54.825347161404125,102.26737836753767,ERROR,CRITICAL
2026-10-24T08:39:23,-25.430005505605976,63.55950812086769,ERROR,CRITICAL
2026-04-14T07:39:32,-73.17046909743435,18.22102202233819,UPLOAD,HIGH
2026-05-14T20:59:57,-16.753509838405932,-153.79050245548706,LOGOUT,LOW
2026-08-07T04:18:00,-3.2527660908283025,-26.656629775680614,LOGOUT,LOW
2026-11-10T11:57:06,5.130834255107047,25.7425260638214,LOGIN,HIGH
2026-11-24T12:11:55,-55.432637334619834,-83.86305910705498,UPLOAD,LOW
2026-04-04T10:33:43,15.770018125556717,98.3321463455809,UPLOAD,HIGH
2026-09-01T03:07:39,71.81890239790954,127.66929217132537,LOGOUT,HIGH
2026-10-20T04:15:01,-49.727756826757854,-177.6552003593901,UPLOAD,HIGH
2026-08-22T04:03:47,-19.678863411240116,138.68416264759793,LOGIN,LOW
2026-02-15T08:30:18,60.067849578984806,94.77142557045426,UPLOAD,LOW
2026-01-30T03:34:46,-75.38146108167837,-110.40015806888829,UPLOAD,HIGH
2026-11-16T20:08:26,84.5086609437947,127.60191507022614,LOGIN,LOW
2026-05-26T17:02:15,5.006227866392763,40.344344030191536,PURCHASE,LOW
2026-04-24T19:16:48,23.375164040744764,-153.66139181836508,PURCHASE,LOW
2026-06-25T23:32:31,-16.59761161165106,-116.21188528356362,UPLOAD,LOW
2026-12-05T14:08:37,14.843238673331342,-20.407097405594897,ERROR,CRITICAL
2026-02-25T18:53:51,-80.94614884707521,-47.39001930219027,PURCHASE,HIGH
2026-01-07T12:45:15,71.22932530305076,-21.366162006779206,UPLOAD,HIGH
2026-06-01T17:56:30,-60.783788781816085,77.15353294801065,ERROR,LOW
2026-10-09T23:00:29,-17.420538832739425,130.6858690693423,LOGOUT,CRITICAL
2026-02-23T06:43:56,-27.98091304672326,19.96721630930989,LOGIN,CRITICAL
2026-12-05T19:48:28,-1.4230611138204523,45.140287111417706,ERROR,HIGH
2026-12-25T11:49:22,-81.41487928661077,-122.05014852023356,UPLOAD,LOW
2026-10-26T16:39:14,49.99317785678994,-171.81537491813003,UPLOAD,CRITICAL
2026-07-27T04:54:58,-42.69616609745878,169.30691026372216,LOGOUT,LOW
2026-06-26T06:20:30,-48.21964177449323,157.4070081692907,PURCHASE,HIGH
2026-10-05T15:31:37,77.50998817998712,-107.05731418649258,ERROR,LOW
2026-07-01T10:33:08,8.043374768570246,-151.5057014887645,LOGIN,LOW
2026-11-26T22:20:16,89.29995538175484,146.74965038253538,LOGIN,LOW
2026-08-23T03:41:18,-60.59109359917343,-43.26136231017702,LOGOUT,HIGH
2026-04-03T10:04:08,58.53012645537402,172.6359164794373,PURCHASE,LOW
2026-07-01T15:32:17,-0.7653448112286583,26.43683367606934,PURCHASE,HIGH
2026-02-17T02:15:51,-55.73030427630492,-18.903833428316062,UPLOAD,HIGH
2026-04-30T06:21:47,-42.37223903343154,-162.29368491951237,LOGOUT,CRITICAL
2026-05-06T10:47:22,-81.39858733599482,131.0842172981193,PURCHASE,CRITICAL
2026-01-17T16:48:02,85.15414258199212,-145.97415242182086,PURCHASE,HIGH
2026-01-21T13:03:53,-47.42864846205,-106.23948629545013,PURCHASE,LOW
2026-06-04T16:58:49,-5.3283550131862825,-141.01825763310327,LOGOUT,HIGH
2026-10-15T17:50:30,52.36862830771875,60.219488328849366,LOGOUT,LOW
2026-01-30T04:42:54,-87.47756637549092,-121.86830259813006,LOGIN,HIGH
2026-12-14T07:09:55,57.71427635862494,13.047838641972845,LOGOUT,LOW
2026-09-01T23:51:36,-55.19062901289982,6.992816440841494,ERROR,LOW
2026-08-11T08:16:16,8.302512923067496,84.43726970783666,ERROR,CRITICAL
2026-09-24T17:14:47,19.168935707416978,-95.80877488228498,ERROR,LOW
2026-12-06T17:06:17,58.057942368721825,-92.50941875881327,LOGIN,CRITICAL
2026-03-10T19:46:42,7.832115610507955,178.52942343532283,ERROR,LOW
2026-05-12T10:46:51,-48.79650784256635,90.09764166080635,LOGIN,HIGH
2026-11-02T02:23:39,36.50747795365815,16.05541004915426,ERROR,HIGH
2026-09-22T09:00:22,76.8789754733755,-137.16181365187066,ERROR,CRITICAL
2026-01-24T17:23:24,-17.521318681815828,157.74997784739128,LOGOUT,HIGH
2026-07-21T06:41:42,50.37945557660623,-127.24409796568472,LOGIN,HIGH
2026-10-24T21:59:32,-89.59473648890086,14.623433438737777,LOGIN,CRITICAL
2026-11-23T11:42:42,-59.230752047294274,-99.3930433206039,PURCHASE,HIGH
2026-09-19T17:02:42,-61.34091306094794,177.17428849345765,PURCHASE,LOW
2026-10-29T20:50:09,-29.690816573549718,175.99441439674524,LOGIN,CRITICAL
2026-04-13T21:07:37,-17.111756484972517,-125.87741357314384,LOGIN,CRITICAL
2026-09-10T22:34:18,48.61623725795806,-117.28269766128678,UPLOAD,LOW
2026-05-08T03:31:10,12.216066506709737,168.8099539609347,UPLOAD,LOW
2026-08-05T12:31:22,16.313887955000325,98.12552068732919,PURCHASE,LOW
2026-06-16T23:31:39,22.218659889795077,15.068750262032978,UPLOAD,LOW
2026-03-03T11:48:26,-67.16266542232201,150.69096307161243,PURCHASE,LOW
2026-08-24T00:33:39,34.52278831105397,-97.27233589863118,UPLOAD,HIGH
2026-10-07T07:19:36,17.680119641238377,68.9063150456374,UPLOAD,HIGH
2026-09-09T19:15:09,-66.60212879132698,137.6968206317361,PURCHASE,CRITICAL
2026-08-25T19:05:42,2.1970142397087358,46.625770209477935,LOGIN,HIGH
2026-05-15T16:13:04,-8.664541447968404,16.449259688798804,ERROR,LOW
2026-09-28T00:28:57,27.86991715023666,-147.00034433232526,LOGOUT,LOW
2026-12-14T15:49:55,7.914402725529655,-18.871498550633902,ERROR,LOW
2026-07-29T10:21:41,48.439314775017806,56.42162432695906,LOGIN,CRITICAL
2026-06-25T13:00:18,-40.517992016071894,100.88925382552344,UPLOAD,LOW
2026-10-07T09:22:31,23.00741716820444,170.4086578347247,ERROR,CRITICAL
2026-07-26T16:26:18,-1.3551882713631471,15.111641093866098,UPLOAD,CRITICAL
2026-12-22T11:23:04,-11.436376638375307,-0.9986113110609267,LOGOUT,LOW
2026-05-05T07:41:59,2.9010351287183767,-109.38470946396458,LOGIN,CRITICAL
2026-07-26T15:54:37,-32.714305649092125,8.77923488792527,ERROR,CRITICAL
2026-03-14T07:51:22,32.82097080749294,105.26588444034297,PURCHASE,LOW
2026-09-28T02:32:42,-41.521101303818206,-169.23680842753322,PURCHASE,HIGH
2026-05-28T22:36:38,40.9839480483312,-60.52430475636969,ERROR,CRITICAL
2026-01-15T21:07:44,-84.4858547960071,-135.06282761356925,PURCHASE,CRITICAL
2026-03-10T07:34:26,50.10823454234824,-56.65266434182695,PURCHASE,HIGH
2026-04-08T13:24:25,-57.13991278289592,8.490555148887694,ERROR,CRITICAL
2026-06-03T00:58:14,-54.70069553506562,-52.912825513417815,UPLOAD,HIGH
2026-03-14T02:44:45,24.89421922260867,48.22164671562868,LOGOUT,CRITICAL
2026-07-26T21:09:10,43.084894148182684,124.82752186753515,ERROR,LOW
2026-12-03T10:25:40,79.3089404331312,16.62555177339081,UPLOAD,LOW
2026-05-13T02:45:50,-17.117809432775715,-86.13777437315511,PURCHASE,LOW
2026-07-27T00:17:42,47.06967741861811,80.07150289548343,ERROR,LOW
2026-12-21T22:40:02,80.10438994916618,-39.93244841423217,UPLOAD,LOW
2026-06-06T18:18:13,80.29165272446247,-100.20523434430103,LOGOUT,HIGH
2026-07-25T17:32:35,19.428763096800907,67.11749116494263,LOGIN,LOW
2026-12-01T03:58:37,88.45726973656042,1.6132470833944126,UPLOAD,CRITICAL
2026-06-01T22:25:41,-23.538342968786083,-170.7626627192929,ERROR,CRITICAL
2026-04-13T01:56:00,82.12661601253029,161.84774775835876,UPLOAD,HIGH
2026-01-07T01:42:16,19.779093844290472,92.1556444138036,PURCHASE,HIGH
2026-03-29T01:45:28,-88.63158095666232,-69.61703906859468,UPLOAD,LOW
2026-12-07T21:13:24,31.576808399677887,4.431671327041727,UPLOAD,LOW
2026-12-26T17:54:55,59.831481429751506,148.9969427379835,UPLOAD,HIGH
2026-03-06T00:11:10,-81.55982959384765,7.7553333333792125,PURCHASE,CRITICAL
2026-04-02T15:50:50,-41.555919179161876,-166.4314044195141,PURCHASE,LOW
2026-06-03T05:17:35,-34.635513753613054,-62.911445008859076,ERROR,LOW
2026-05-07T21:41:48,58.967881493254794,-107.17301190942528,LOGOUT,CRITICAL
2026-03-09T09:13:38,-24.100178245542097,138.99559883183485,ERROR,HIGH
2026-10-10T15:58:33,62.257574134410106,8.82892038714914,LOGOUT,HIGH
2026-06-23T17:23:18,63.28067911503942,-163.51481880411185,UPLOAD,HIGH
2026-11-25T18:55:52,-63.056430328766524,131.13317900592335,LOGIN,HIGH
2026-10-26T22:40:38,52.64176782730718,-167.33081162363192,PURCHASE,LOW
2026-06-27T08:07:40,-21.07216946162748,10.516362050705055,LOGIN,CRITICAL
2026-08-18T19:22:05,4.269779660700166,22.13481472172765,UPLOAD,CRITICAL
2026-11-21T05:56:43,-66.30580845178915,-7.915024441320099,PURCHASE,HIGH
2026-02-20T09:35:56,-47.698211282146026,5.132078451230427,UPLOAD,HIGH
2026-06-06T04:42:58,-60.6978858989973,-130.73408352835008,PURCHASE,CRITICAL
2026-11-11T05:20:19,74.32071377106394,99.30928613345799,ERROR,LOW
2026-05-07T00:08:28,65.52619560902266,30.08416460691538,ERROR,HIGH
2026-07-29T07:03:03,-10.40373183550794,-72.48593724866684,LOGOUT,LOW
2026-07-11T08:24:26,37.09829718485693,3.675010810961709,PURCHASE,CRITICAL
2026-09-03T12:16:25,-28.88348347008376,31.795639037394977,PURCHASE,HIGH
2026-11-02T21:02:11,38.28170725318597,40.913215456096395,LOGOUT,CRITICAL
2026-02-20T01:24:20,-35.18249144821673,41.177709756607015,LOGIN,LOW
2026-11-12T12:17:00,34.77244255735954,174.73899274785907,LOGIN,LOW
2026-12-29T04:13:28,63.18236500863998,137.69639800626624,LOGIN,LOW
2026-11-08T07:39:13,-34.76857105604822,50.099413712668564,UPLOAD,CRITICAL
2026-12-08T03:21:12,-48.223878345678244,165.0460765146587,LOGOUT,CRITICAL
2026-12-07T17:41:50,58.647139660679784,176.83204783311066,LOGIN,HIGH
2026-12-04T06:52:04,-32.87215581190838,-104.99618767198108,PURCHASE,HIGH
2026-07-06T14:51:24,-83.9179254031059,-106.52714261389953,ERROR,CRITICAL
2026-10-14T16:06:15,-57.21317363709891,-143.86702282572233,PURCHASE,HIGH
2026-11-27T13:01:59,3.5656220798383487,42.08708448636767,ERROR,CRITICAL
2026-08-29T18:28:01,89.11807588497362,-3.373413891598176,ERROR,CRITICAL
2026-12-30T18:14:23,-50.02460706119971,-18.35843083565868,ERROR,CRITICAL
2026-04-24T15:51:54,25.76620693795607,-126.10631325182288,LOGIN,LOW
2026-05-23T06:06:30,62.273385172758424,174.5243902947712,LOGOUT,HIGH
2026-04-22T19:32:46,-52.3528536338615,165.12897241900527,UPLOAD,LOW
2026-11-09T18:43:48,56.442104064802095,74.72368654319118,LOGIN,CRITICAL
2026-02-21T22:24:52,-55.723730694197435,-157.3503887246076,LOGOUT,CRITICAL
2026-02-25T14:50:17,68.1595241383468,52.2532403659101,PURCHASE,CRITICAL
2026-02-05T23:07:57,-79.38279160940544,85.78672172815607,LOGIN,CRITICAL
2026-04-06T01:13:16,-15.23375997520786,-3.766373562408347,LOGOUT,CRITICAL
2026-08-03T15:57:57,-6.626504196962145,-171.27886033278168,LOGOUT,HIGH
2026-06-06T21:47:21,3.3626340859383532,-148.64691943335063,ERROR,LOW
2026-11-02T14:39:12,-57.480263695319785,-53.96842589357013,ERROR,HIGH
2026-04-12T02:33:03,44.42878734464409,-49.25253627944838,PURCHASE,HIGH
2026-02-22T16:30:17,-21.796271295429122,130.58558438449182,LOGIN,HIGH
2026-02-25T07:41:26,21.350072743312495,3.934140309694982,ERROR,HIGH
2026-12-16T09:21:33,28.3820153749284,-93.2079790335875,LOGIN,HIGH
2026-01-21T14:53:41,8.887334439348166,-114.60509763222882,ERROR,LOW
2026-09-08T15:45:11,-5.620953652271496,-157.20410283967834,LOGOUT,LOW
2026-06-22T00:06:41,51.698097803406284,82.18924431664624,UPLOAD,CRITICAL
2026-08-15T05:48:02,83.99164016177295,164.4087611260262,LOGIN,HIGH
2026-03-12T14:23:55,-58.94210481692481,27.593305586795537,UPLOAD,CRITICAL
2026-03-25T03:32:33,43.379023627558695,137.36113564393912,LOGIN,CRITICAL
2026-06-15T20:51:39,53.892533174543416,56.608956958296034,UPLOAD,LOW
2026-09-06T16:33:52,-35.42426137232058,19.129103111007908,LOGOUT,LOW
2026-12-15T05:54:39,-60.018511276554676,55.195080123314426,LOGOUT,CRITICAL
2026-11-29T07:41:33,71.01389704070567,-106.85285750572884,UPLOAD,HIGH
2026-04-14T14:33:13,-14.782428875653608,-3.9228387108223046,ERROR,CRITICAL
2026-10-16T19:24:49,68.85114199488103,-101.20823220787788,ERROR,HIGH
2026-04-06T23:28:04,79.54170229674023,25.575738249307136,PURCHASE,HIGH
2026-08-13T07:42:19,55.937423345103355,98.97514476867207,UPLOAD,CRITICAL
2026-10-09T13:46:02,-69.03379684326886,141.57788545532236,UPLOAD,CRITICAL
2026-06-20T09:52:30,-89.51614533645623,25.575555434517582,ERROR,LOW
2026-03-04T22:47:03,-80.02124592960068,-91.26383364186151,UPLOAD,HIGH
2026-10-23T01:20:33,4.8600124114708905,-0.8276714477295855,LOGIN,LOW
2026-07-10T10:11:00,37.42535711205669,114.30008767303553,LOGOUT,CRITICAL
2026-08-05T19:50:50,80.24477217120332,6.8201688490047445,LOGOUT,LOW
2026-01-11T21:42:33,56.21773795440578,90.98963312767955,LOGIN,LOW
2026-11-05T01:28:23,-24.424690965684476,82.51311186411135,LOGIN,CRITICAL
2026-03-15T04:23:32,-58.81206075267287,138.01373285060833,PURCHASE,CRITICAL
2026-07-09T21:18:06,19.18439377807013,158.30167924586857,ERROR,CRITICAL
2026-07-15T12:35:38,1.0647710818957137,24.811671061912023,PURCHASE,CRITICAL
2026-03-23T18:48:04,34.797529676531255,79.93601302640911,PURCHASE,CRITICAL
2026-07-19T17:56:43,-25.674431672408303,-94.75349225495931,UPLOAD,HIGH
2026-12-25T23:07:28,-79.04141825612956,121.6276026674887,LOGIN,LOW
2026-01-07T17:35:33,-39.93656608433894,-71.24272968572798,ERROR,CRITICAL
2026-02-01T20:23:14,56.64109098225728,127.866825505566,UPLOAD,HIGH
2026-02-12T12:26:07,-7.161341071475178,-55.12051149706346,LOGOUT,LOW
2026-12-05T15:41:26,41.032400747335714,143.47430508042459,LOGIN,LOW
2026-10-30T12:17:31,-63.14123246279286,27.7878387294175,UPLOAD,CRITICAL
2026-05-16T05:54:08,29.52150556687556,-146.70897879448057,LOGOUT,HIGH
2026-04-18T15:32:37,27.675846488879998,84.57196402622128,LOGOUT,LOW
2026-08-26T17:00:02,58.18485062822603,148.1955993307269,UPLOAD,HIGH
2026-07-02T13:37:04,-75.12339295539948,67.23847011964457,ERROR,LOW
2026-08-25T09:28:08,84.13462862916757,-127.7337418257071,LOGIN,CRITICAL
2026-02-28T14:47:08,41.71597724647617,-138.39854602062388,LOGOUT,LOW
2026-12-03T14:31:02,33.62147112427466,72.14471955329952,ERROR,HIGH
2026-07-01T04:35:14,45.47877385342795,-129.7313822860923,LOGIN,CRITICAL
2026-10-27T13:45:13,44.283793428680184,-147.8748282660827,LOGIN,HIGH
2026-06-06T09:24:05,-71.18900415815081,148.78270048688734,LOGIN,LOW
2026-08-28T19:35:28,39.90072373855949,-19.26323854211543,PURCHASE,CRITICAL
2026-10-16T09:20:38,76.59551765954447,93.58271626792327,LOGOUT,LOW
2026-12-26T10:07:35,22.135322499417924,82.68513647520632,LOGIN,HIGH
2026-08-11T02:20:37,-55.35997675612018,-43.097902525717444,LOGOUT,CRITICAL
2026-01-06T04:58:53,28.860699327221397,-16.07642952929777,PURCHASE,CRITICAL
2026-02-10T05:53:51,-63.06628065120569,102.6003642494693,LOGOUT,LOW
2026-02-04T23:47:49,-38.79892182284819,104.34131980701665,ERROR,CRITICAL
2026-07-23T19:38:35,-64.68998114804016,-58.62397529524728,LOGIN,CRITICAL
2026-09-16T05:32:09,-31.204931015095923,-131.53166998888474,UPLOAD,HIGH
2026-05-26T20:37:50,-66.81466606944292,122.39689749751795,UPLOAD,LOW
2026-09-30T02:18:17,62.43715663262378,178.0441518751046,PURCHASE,CRITICAL
2026-05-28T18:28:34,61.13629119378035,-156.23367330605345,LOGIN,LOW
2026-10-05T22:33:32,30.051100420926616,34.63298949812321,LOGOUT,CRITICAL
2026-08-15T14:13:51,-0.6195489449139302,-173.84812623641884,LOGIN,LOW
2026-06-26T05:06:37,-68.64294003294243,-80.83370306586986,ERROR,HIGH
2026-08-02T11:31:42,-31.204990616924476,-47.99138084461728,PURCHASE,LOW
2026-03-24T08:06:02,62.34157968213847,-86.63138435077252,LOGIN,CRITICAL
2026-10-30T08:20:32,-61.88929882186504,-129.2955020335615,ERROR,LOW
2026-06-14T01:36:38,-67.83968653434468,41.13041503953477,ERROR,LOW
2026-08-05T12:32:28,-0.9257238356207438,-158.28877285207318,UPLOAD,CRITICAL
2026-01-24T21:23:40,-10.239376206760298,79.75709965108217,LOGIN,HIGH
2026-06-15T12:27:41,65.15357215960532,-171.9430587556749,LOGOUT,LOW
2026-02-19T02:54:17,64.8019623059912,11.176992014303295,LOGIN,HIGH
2026-05-05T01:21:05,-43.00886622425467,131.0598622046071,LOGIN,LOW
2026-09-30T07:40:01,37.85970997781885,-77.23591438190734,LOGOUT,LOW
2026-02-18T10:14:19,-86.96517489176472,-49.252760657124355,ERROR,HIGH
2026-08-08T04:51:10,74.55717994506841,50.341926235932846,PURCHASE,HIGH
2026-12-13T19:45:34,51.63112249587982,44.24630748747035,PURCHASE,HIGH
2026-08-18T04:20:38,31.87232464632733,179.29423395761523,PURCHASE,HIGH
2026-06-15T02:52:21,61.830955677083494,160.47725534882483,PURCHASE,HIGH
2026-11-23T20:04:56,-70.84349539403135,121.23727389895623,PURCHASE,HIGH
2026-06-18T14:53:46,-89.50823560430973,-164.1155034320138,LOGIN,LOW
2026-11-06T14:59:34,51.04810977394092,-135.85074563366965,LOGOUT,LOW
2026-11-10T01:21:58,74.06421938987785,105.31077167783815,UPLOAD,LOW
2026-02-08T23:34:59,-9.121360840239376,-80.57880316048919,LOGIN,HIGH
2026-03-04T20:46:42,-13.715049975139024,-164.65556088109204,LOGIN,CRITICAL
2026-02-07T20:05:52,56.220510086546454,61.270009963570516,ERROR,LOW
2026-02-27T12:41:29,16.69452760731255,132.63573392573994,LOGIN,HIGH
2026-10-01T12:35:13,-79.05556065274804,-149.60340447444568,UPLOAD,LOW
2026-06-08T16:18:19,-8.466636700183457,-91.2589187964953,ERROR,CRITICAL
2026-03-31T00:11:46,-30.214927536641348,168.75911159222886,PURCHASE,HIGH
2026-07-26T02:25:40,81.69975302814396,-2.868074565491355,LOGOUT,HIGH
2026-03-09T22:56:15,-69.44294566861053,-109.24070828464292,LOGIN,CRITICAL
2026-06-18T23:23:22,-57.28934479647844,11.409009019923445,UPLOAD,CRITICAL
2026-05-18T23:56:54,-9.572430575910886,73.22679366629248,UPLOAD,HIGH
2026-07-12T16:40:41,-84.65687172993168,-136.6213053311942,LOGIN,HIGH
2026-03-19T06:29:10,89.95657191268455,109.31523318574216,LOGOUT,CRITICAL
2026-06-06T08:18:58,-61.814795374383195,111.55177720639284,ERROR,HIGH
2026-11-22T13:48:30,-11.254522352408088,-38.29533459804071,LOGOUT,LOW
2026-05-18T04:22:37,15.326493766407808,8.86172955183099,LOGOUT,CRITICAL
2026-11-28T13:31:23,-4.4993895037732585,-168.44953342728977,PURCHASE,HIGH
2026-06-11T02:15:13,-13.39856193937294,-68.18353692122444,PURCHASE,CRITICAL
2026-08-17T20:48:23,-85.51199141206378,-155.58795298459216,LOGIN,LOW
2026-06-23T13:42:08,15.932571645212619,59.953150214620706,LOGIN,HIGH
2026-01-15T12:08:02,-86.4633857099408,55.8371497286104,UPLOAD,LOW
2026-07-31T05:18:36,48.28908554811616,18.732467475981167,UPLOAD,CRITICAL
2026-11-30T04:23:48,37.35133449430333,70.71770203888605,UPLOAD,LOW
2026-05-03T08:27:02,-45.12770578125311,179.09460078762777,LOGIN,HIGH
2026-11-01T15:40:32,-59.01829713870998,-88.01219180374576,UPLOAD,CRITICAL
2026-01-15T17:13:59,55.409749195994664,-72.85360967539059,UPLOAD,HIGH
2026-12-27T21:20:25,74.26366665288833,101.99731065481359,UPLOAD,HIGH
2026-09-06T02:48:29,-49.73746957894531,-156.55728614688695,ERROR,CRITICAL
2026-06-20T11:56:17,33.32802833355983,112.91950933074543,ERROR,CRITICAL
2026-08-05T03:20:51,44.98321646951797,-143.2600493139074,ERROR,LOW
2026-02-27T15:33:35,-51.0689545624556,-76.80418891521775,LOGIN,HIGH
2026-07-06T08:54:59,12.783222108418812,-90.63294973978704,LOGOUT,HIGH
2026-06-19T16:08:40,-57.05724002444465,85.30846691130324,UPLOAD,CRITICAL
2026-08-18T12:17:12,17.12184140115275,29.831017886448706,LOGIN,CRITICAL
2026-06-23T05:39:17,55.2624133425868,-155.88158535856547,PURCHASE,LOW
2026-12-10T02:07:03,-12.458339388207534,175.69625335985108,LOGOUT,LOW
2026-03-25T05:48:52,-5.891674539621604,5.605649097763319,UPLOAD,LOW
2026-02-11T01:06:47,-73.97589270820063,-160.22791160069497,LOGOUT,CRITICAL
2026-09-16T09:35:09,28.667492903301806,47.09686733163758,PURCHASE,LOW
2026-11-26T23:01:35,77.55999090037156,157.14458462945487,LOGIN,LOW
2026-05-24T10:50:34,33.182308720998904,90.33324198033966,UPLOAD,CRITICAL
2026-08-20T06:13:09,0.8022177166579212,177.49846935878833,UPLOAD,HIGH
2026-12-16T20:22:01,-63.61093922301808,-139.695587530283,ERROR,LOW
2026-10-11T21:00:37,60.5304509159202,1.313828120722178,UPLOAD,HIGH
2026-12-27T07:45:15,29.067542340451098,-169.00711705152105,LOGIN,CRITICAL
2026-12-27T10:17:34,-18.17970170863387,-86.38713874309461,UPLOAD,LOW
2026-03-04T09:59:04,46.40988053115993,-17.535115921131336,PURCHASE,CRITICAL
2026-07-19T06:51:40,42.74020259736784,-96.0703846395646,ERROR,CRITICAL
2026-05-26T04:03:42,-11.219787688171465,-175.84775124433702,LOGOUT,LOW
2026-11-12T07:10:46,-85.37527049548834,14.434192604244032,ERROR,HIGH
2026-05-05T08:27:46,-4.810453802458014,-146.26905487200747,LOGOUT,LOW
2026-05-28T16:11:09,11.417237187348633,-72.15995837416546,ERROR,LOW
2026-10-24T22:40:39,26.63135916171278,-149.7482927419728,LOGOUT,CRITICAL
2026-12-13T00:37:41,-0.05681767030594642,114.17117605026647,PURCHASE,LOW
2026-08-21T23:29:21,30.674221636544246,21.488007645101703,UPLOAD,LOW
2026-06-29T22:49:10,40.71697991630569,-38.8423680641163,ERROR,CRITICAL
2026-09-04T18:15:02,-80.99543237623422,-164.47151026142387,PURCHASE,LOW
2026-10-05T01:12:07,-68.77548257591383,145.6997442585938,LOGIN,CRITICAL
2026-06-14T11:31:06,-69.75126069910968,-26.22612464541473,ERROR,CRITICAL
2026-09-07T10:55:11,-45.33992683987863,-4.497556818408611,UPLOAD,CRITICAL
2026-03-29T01:02:58,-30.004755481215163,-44.140737299208894,LOGIN,HIGH
2026-08-14T15:37:37,53.61555289193089,109.73216054668438,ERROR,LOW
2026-04-24T17:33:31,25.199752063528905,138.516289127684,ERROR,CRITICAL
2026-09-06T10:00:26,-39.05280254546115,39.536928649792486,ERROR,CRITICAL
2026-04-07T13:37:54,39.663887677115554,156.80034205503324,ERROR,LOW
2026-04-14T03:59:16,-8.449242024823192,-67.53827739798886,LOGIN,HIGH
2026-01-05T12:15:43,-62.46913402564849,-58.313551867041866,ERROR,LOW
2026-03-04T01:30:41,86.62073171150064,-51.99430906177267,LOGOUT,CRITICAL
2026-06-07T22:04:30,-40.46089829749214,16.81628409788587,LOGIN,CRITICAL
2026-08-11T20:51:33,82.82773526073953,100.31949937284685,PURCHASE,CRITICAL
2026-06-05T09:29:13,5.886619578330269,0.6511631761695185,UPLOAD,LOW
2026-12-08T21:18:36,-11.536517405936948,174.60447708570484,ERROR,HIGH
2026-02-28T18:34:43,88.30713583345823,91.04229979064576,ERROR,CRITICAL
2026-08-12T14:22:52,-77.73302512999923,-172.06025999511735,LOGIN,LOW
2026-04-27T11:16:03,-76.70645148604123,179.53588618852683,LOGIN,CRITICAL
2026-12-14T23:52:55,46.20394840061502,80.91750718193242,PURCHASE,CRITICAL
2026-10-21T09:41:13,87.68444037395872,50.43492207937547,LOGOUT,LOW
2026-10-05T13:48:39,-16.671691094093887,-96.24639483687459,ERROR,CRITICAL
2026-06-08T07:24:36,70.99964439925844,-56.977554059260115,LOGOUT,LOW
2026-12-23T15:38:54,-44.187744872129265,20.265758812246332,LOGIN,HIGH
2026-05-10T02:39:54,50.35659379817977,72.11942648809483,LOGOUT,HIGH
2026-12-19T00:31:52,82.10668705489485,90.17152539455697,ERROR,LOW
2026-04-12T19:43:12,-67.57752037845304,-144.9498784958543,PURCHASE,CRITICAL
2026-01-13T06:12:52,67.1475432424601,70.92523801397365,PURCHASE,LOW
2026-11-02T21:52:37,12.099480293321278,-35.25669109637991,LOGIN,HIGH
2026-10-21T10:45:13,43.26040168973151,142.76725328087406,LOGIN,CRITICAL
2026-02-19T05:38:59,36.0350291920046,34.036989761639006,UPLOAD,CRITICAL
2026-09-02T20:33:50,-82.47043774718951,14.775055530022058,LOGIN,HIGH
2026-06-29T07:35:22,59.99902888542064,-127.63433192012221,PURCHASE,LOW
2026-06-21T23:40:12,-41.24338601182473,6.109774002468015,LOGIN,LOW
2026-11-23T02:53:38,-31.23935362653023,-113.50513122318671,ERROR,CRITICAL
2026-05-27T05:31:49,80.49328735250802,16.529406547446797,UPLOAD,CRITICAL
2026-07-29T02:17:12,21.133198327257787,149.44970436119496,UPLOAD,HIGH
2026-09-28T11:39:27,21.338117412622125,-21.475212930279355,UPLOAD,HIGH
2026-08-09T06:53:11,-33.77694454815952,141.30835139769022,LOGIN,HIGH
2026-05-13T03:41:09,15.903394274558096,172.40262771308448,LOGIN,LOW
2026-02-18T04:51:09,20.46547892882066,80.0573719715992,LOGOUT,LOW
2026-11-25T02:16:44,33.741472963901444,-8.007582142306546,PURCHASE,LOW
2026-09-28T16:25:33,77.17469892403619,140.09537555363778,LOGIN,HIGH
2026-02-14T00:51:27,-77.33094181562552,-151.70172280003447,LOGIN,LOW
2026-11-20T07:41:10,17.281177020126165,90.97427962470994,UPLOAD,HIGH
2026-03-22T10:41:56,-14.175211365596638,-90.52096703734809,LOGOUT,LOW
2026-07-19T21:03:05,14.268393418065912,-62.04461653486035,UPLOAD,LOW
2026-05-28T04:22:36,-2.6085367695830826,-162.30537854940928,UPLOAD,CRITICAL
2026-09-10T22:48:39,13.031972901552138,110.51768160551211,PURCHASE,CRITICAL
2026-08-14T09:23:00,-44.96080463970485,-163.09500943426605,ERROR,HIGH
2026-09-23T00:30:26,65.73310322549122,102.7861678979595,UPLOAD,CRITICAL
2026-06-18T21:38:11,-12.358799058566845,-32.234291598194545,PURCHASE,HIGH
2026-04-12T19:14:10,-60.87072996360129,115.26889476613007,PURCHASE,HIGH
2026-06-14T12:09:04,65.73210824693555,-3.589450774670638,ERROR,HIGH
2026-07-28T18:01:49,70.6434497628596,25.635653750774708,PURCHASE,HIGH
2026-03-27T17:22:39,-55.388246770004116,2.311870529467342,UPLOAD,LOW
2026-06-15T02:41:55,-66.44595054050541,128.53343756201116,PURCHASE,HIGH
2026-11-07T06:34:01,-17.201418298040224,-42.746255681064156,LOGOUT,CRITICAL
2026-03-13T14:02:12,48.67644679078546,-58.8573600931806,PURCHASE,LOW
2026-02-12T02:20:56,-18.6317307213521,-59.75925045226393,UPLOAD,HIGH
2026-03-30T21:31:20,76.56341232110435,-176.70380465592956,ERROR,LOW
2026-11-29T06:32:29,-56.38715057585708,-117.03315276819397,PURCHASE,LOW
2026-10-23T22:41:44,53.67454216887609,-25.85448602467605,ERROR,CRITICAL
2026-09-13T00:22:01,-4.689282805391201,-35.55500560729834,PURCHASE,CRITICAL
2026-01-27T03:34:56,-19.77416750047503,-142.68373199952077,LOGOUT,HIGH
2026-10-03T09:40:22,87.02890782046799,-146.77194346410533,UPLOAD,HIGH
2026-07-27T03:43:52,53.438750602845175,50.190434901179145,LOGIN,LOW
2026-10-23T08:18:28,72.79870522243672,13.266160230376158,LOGIN,HIGH
2026-08-17T16:06:22,2.92866778937082,-37.41085459864044,ERROR,CRITICAL
2026-02-19T15:40:06,-54.74091427451831,-151.51242925047808,UPLOAD,CRITICAL
2026-12-09T17:17:46,79.51834339280191,-20.128197855792394,LOGIN,HIGH
2026-06-23T06:05:47,-65.71619690240263,78.58019580749811,PURCHASE,LOW
2026-09-06T00:07:40,56.15801823510134,-152.5897117479227,LOGIN,LOW
2026-01-21T18:23:16,-53.29962972419606,-89.55773262403369,ERROR,HIGH
2026-03-30T12:53:23,-12.584930939752908,70.7163456972479,ERROR,CRITICAL
2026-01-19T16:15:56,-6.983231009994654,-53.872412215672085,LOGOUT,HIGH
2026-04-13T19:26:07,80.63783997692241,-117.0617661512296,LOGOUT,LOW
2026-09-18T21:09:20,10.348574854797874,90.42427781017022,UPLOAD,HIGH
2026-12-08T05:36:40,-44.42079659428261,106.88972734564334,PURCHASE,LOW
2026-01-13T05:00:01,31.64771400409262,-25.474587890451545,PURCHASE,CRITICAL
2026-05-23T16:40:12,-38.66274925025355,-11.799339638098246,LOGOUT,LOW
2026-11-25T08:43:25,68.40980540071936,-139.89468238964878,LOGOUT,LOW
2026-12-29T23:36:49,38.32654190995237,-18.918214866759286,UPLOAD,CRITICAL
2026-10-25T05:34:44,42.566216823272384,171.7741892997268,UPLOAD,CRITICAL
2026-11-13T17:55:57,86.9920837527217,-17.72995831206586,ERROR,LOW
2026-04-05T07:57:24,29.609648680869995,52.22336494137076,LOGOUT,HIGH
2026-03-07T21:54:53,-84.47308276226323,132.3395405690182,UPLOAD,CRITICAL
2026-05-28T09:15:40,33.314939219868705,115.07318814247361,ERROR,HIGH
2026-10-05T08:58:58,-87.72919403083725,15.444714888037396,LOGIN,CRITICAL
2026-11-01T11:45:55,-20.33552308964049,-91.10232936134514,LOGIN,HIGH
2026-05-08T18:02:54,38.65647326679152,-110.02970954811538,ERROR,CRITICAL
2026-11-04T21:40:31,86.19495422630007,-63.0001042864682,UPLOAD,CRITICAL
2026-11-19T05:46:12,-63.93125751601339,44.68642534141182,LOGOUT,HIGH
2026-11-26T05:47:36,-48.68668974490924,-69.98987313916157,LOGIN,CRITICAL
2026-11-02T23:11:38,24.18645466309141,-142.61869262685778,LOGIN,CRITICAL
2026-12-05T21:05:59,-18.658975517023464,-9.298570887324729,PURCHASE,CRITICAL
2026-12-18T11:14:21,-77.94704339160899,-27.005525497179235,LOGOUT,HIGH
2026-04-09T16:24:28,-44.209205768837364,61.20933729398354,PURCHASE,HIGH
2026-04-12T16:58:08,-13.050454187186844,117.30666482020399,LOGOUT,CRITICAL
2026-12-08T08:57:00,-24.906282544746077,-156.25534108996308,UPLOAD,CRITICAL
2026-03-26T10:42:46,-8.939438262404337,102.34015851385578,LOGIN,LOW
2026-09-07T05:53:17,33.523273744910725,92.03463500533542,PURCHASE,LOW
2026-09-07T23:14:49,17.23615558594399,-127.04991762945717,ERROR,CRITICAL
2026-07-19T00:46:29,28.992685571180417,134.68804712587598,ERROR,CRITICAL
2026-08-09T13:11:52,14.270350311735939,175.74191697744504,UPLOAD,CRITICAL
2026-10-29T12:40:37,-62.09936023306952,139.2209326860331,UPLOAD,LOW
2026-04-29T20:49:34,88.77738071494613,-66.7792515959836,UPLOAD,CRITICAL
2026-02-21T14:12:15,60.751879262040774,-142.32451395149008,ERROR,CRITICAL
2026-02-23T09:52:30,-44.31723916656086,-96.28156980041783,LOGIN,CRITICAL
2026-08-21T07:47:23,7.280464430047687,166.8624849414964,PURCHASE,LOW
2026-04-15T00:04:24,-66.20378909393743,-106.6553677663881,UPLOAD,CRITICAL
2026-03-29T22:03:11,16.63072109904499,-121.41574719751743,LOGOUT,LOW
2026-08-09T14:15:59,52.622780491237364,-125.65876460609638,LOGIN,CRITICAL
2026-09-14T03:16:27,8.947013094979894,-169.16991754559444,LOGOUT,CRITICAL
2026-03-23T14:10:59,87.01297827834222,6.149197161914856,UPLOAD,LOW
2026-10-04T09:26:16,14.053331615539264,152.6842927661002,LOGOUT,LOW
2026-02-17T00:58:53,-81.93922186703549,-137.88972880419328,LOGOUT,LOW
2026-03-10T05:54:51,70.01345917865834,-174.1401187875042,UPLOAD,HIGH
2026-06-29T03:42:45,-11.88530617734466,-138.73884099489857,LOGIN,CRITICAL
2026-11-23T17:15:06,23.64823570427275,61.7302917869452,UPLOAD,CRITICAL
2026-07-06T17:48:49,38.6758720094121,-136.1870249805341,UPLOAD,LOW
2026-11-14T14:43:36,-36.81509275672474,-45.83831535177143,LOGIN,HIGH
2026-01-24T23:11:45,75.108451622807,-95.31655160198522,UPLOAD,HIGH
2026-12-27T14:46:15,-32.521554105150585,-92.17129475761071,LOGIN,CRITICAL
2026-07-18T04:39:52,45.92108673248916,103.02076349952534,PURCHASE,HIGH
2026-11-01T02:26:47,45.19352509050208,128.23723791628572,LOGOUT,LOW
2026-05-03T06:43:30,-34.32059650450763,131.88764507829484,UPLOAD,HIGH
2026-11-20T03:20:17,31.73061819537719,-144.8430686253837,LOGIN,LOW
2026-10-12T19:10:47,49.15704309214149,-173.9153888483654,ERROR,LOW
2026-01-02T08:41:59,-23.389509267162154,113.6089278788952,PURCHASE,CRITICAL
2026-08-17T11:35:54,-21.74590707751902,120.27281125509614,PURCHASE,LOW
2026-12-17T16:00:18,34.02568957428555,-23.07180288563447,ERROR,HIGH
2026-04-15T08:12:34,-73.43504448765043,-175.3049113914717,ERROR,HIGH
2026-04-27T03:43:42,66.15067195577558,75.22515648980928,LOGOUT,HIGH
2026-01-01T14:46:45,55.39731428372687,14.99538389306636,LOGIN,HIGH
2026-08-27T11:59:57,57.23008309327861,149.8708308706676,PURCHASE,CRITICAL
2026-07-02T07:26:23,-82.4476202271678,41.46319095355258,PURCHASE,CRITICAL
2026-10-23T05:39:34,-54.963479210575144,-28.91144903477644,LOGOUT,HIGH
2026-08-04T03:17:29,-64.65119177083884,12.346499720376812,UPLOAD,CRITICAL
2026-08-30T11:52:35,-17.05384546015405,-40.17086074876812,ERROR,LOW
2026-07-25T00:53:32,-47.86562847205692,-23.95834773115203,UPLOAD,CRITICAL
2026-12-15T15:13:38,24.350232793655167,-137.40721963277286,UPLOAD,CRITICAL
2026-09-14T11:29:04,25.350968892522985,101.37214139976709,LOGIN,HIGH
2026-01-12T21:32:15,-23.22076481198421,32.890286105510256,LOGOUT,HIGH
2026-06-26T03:14:45,61.90073187616605,24.965890076826838,ERROR,LOW
2026-09-27T05:13:03,17.046287526298755,-134.45848876223192,LOGIN,LOW
2026-06-17T14:55:27,68.61231436042183,95.04018452592499,PURCHASE,HIGH
2026-11-26T19:46:16,83.4106072305944,7.911584733667951,UPLOAD,LOW
2026-05-28T15:09:56,-87.35534284643369,172.00003019211698,UPLOAD,LOW
2026-10-23T13:31:21,79.84945890658946,143.036044581162,PURCHASE,LOW
2026-01-29T06:54:53,51.11371519399725,-49.96551095827533,UPLOAD,HIGH
2026-02-15T17:46:32,-7.0972839921830655,-15.509465152893682,LOGIN,CRITICAL
2026-10-18T11:25:45,-65.16544619284574,-73.15277055923072,UPLOAD,LOW
2026-11-01T11:57:12,-76.56690837902607,15.051839964618779,UPLOAD,LOW
2026-04-19T20:52:23,-73.457629311537,76.59723649322558,ERROR,LOW
2026-06-19T05:24:50,-42.07119649749467,-121.42123601787705,UPLOAD,HIGH
2026-05-10T19:35:53,2.200817657815506,-153.19867162599806,LOGIN,CRITICAL
2026-12-09T09:29:37,89.22659430216498,138.1966225442303,PURCHASE,HIGH
2026-12-22T20:02:55,-66.25973702264993,116.39069854675796,PURCHASE,CRITICAL
2026-04-25T01:00:07,-22.887286189949663,120.03803149314967,LOGIN,HIGH
2026-06-18T23:35:25,50.31041242959776,-134.48914378107332,UPLOAD,LOW
2026-02-19T01:28:02,62.02153560918441,-47.81920687183603,LOGIN,CRITICAL
2026-08-12T02:56:20,-86.74887307839508,84.35423983574788,LOGIN,CRITICAL
2026-06-05T01:43:52,-50.47968740343052,73.48563077637189,PURCHASE,HIGH
2026-04-17T20:12:05,81.11504591637404,-14.631063477667084,LOGOUT,LOW
2026-04-19T03:18:21,62.57129725525536,-10.799026809062013,LOGOUT,CRITICAL
2026-03-05T06:51:02,75.51762909291836,39.9695554235235,PURCHASE,LOW
2026-01-23T16:25:40,-73.98730674843888,7.261433561905278,UPLOAD,LOW
2026-03-04T11:51:44,33.99251496141524,78.14763339567651,LOGOUT,LOW
2026-02-22T21:56:21,88.86344399708025,-153.9043234272675,UPLOAD,HIGH
2026-01-03T10:13:34,-3.335341573774855,-158.78971663811487,PURCHASE,CRITICAL
2026-09-07T03:01:51,35.64269107245251,161.564893284743,LOGIN,LOW
2026-08-12T01:25:55,-23.075729493421164,-179.63074937648605,LOGOUT,HIGH
2026-12-11T01:15:59,55.30721708876871,173.17975620822142,LOGIN,HIGH
2026-03-14T04:59:28,-13.067338656211291,89.11135164529304,LOGIN,CRITICAL
2026-05-21T20:51:49,-49.06570188357855,114.09856669895402,ERROR,LOW
2026-11-15T18:33:18,12.512137774449357,-108.14055460850857,LOGIN,HIGH
2026-01-28T12:39:03,55.73915777678661,33.713436968681464,LOGIN,LOW
2026-07-07T21:57:59,-43.843376613489006,72.23798229390201,LOGIN,CRITICAL
2026-08-11T22:05:27,51.3373656288274,22.238776207682065,PURCHASE,CRITICAL
2026-04-24T19:17:22,-49.139398441232224,52.509501656187496,UPLOAD,CRITICAL
2026-07-01T21:06:26,-15.623214939552142,19.919850575256078,LOGOUT,HIGH
2026-05-14T20:01:59,-66.32908890297988,-87.44729801676965,ERROR,LOW
2026-06-10T13:20:59,60.53982683931619,-148.28732024609283,UPLOAD,CRITICAL
2026-07-19T21:04:32,76.62518371213318,171.86551578855938,LOGOUT,HIGH
2026-11-11T22:28:43,6.915565094915337,-103.24173894069533,LOGIN,LOW
2026-04-11T03:01:40,-30.187774239683847,-124.65753520543723,UPLOAD,CRITICAL
2026-08-26T04:49:30,-17.409295738337747,66.45685185449807,LOGIN,HIGH
2026-12-13T13:47:17,-36.581414651867505,169.49527291501693,PURCHASE,HIGH
2026-04-10T10:24:21,4.323224406759124,137.2712217017136,LOGOUT,HIGH
2026-12-05T09:38:12,75.31132375634542,-28.55632997469391,LOGIN,HIGH
2026-12-01T18:50:03,-40.858470825683725,16.44120750391349,LOGIN,CRITICAL
2026-06-16T17:03:27,-9.395162352352557,31.782963255519604,LOGOUT,CRITICAL
2026-04-08T14:56:48,70.37923510315738,155.1416182152862,UPLOAD,LOW
2026-08-01T11:55:25,-35.34484822913154,-116.3243732269778,LOGOUT,HIGH
2026-12-24T17:37:20,86.6515071958516,146.79136266577177,PURCHASE,HIGH
2026-12-22T08:27:36,-65.1780458000706,-162.9241767592326,PURCHASE,LOW
2026-06-23T00:30:38,56.93479269728087,153.72431412050184,LOGIN,HIGH
2026-05-20T20:25:55,-9.182584646512325,-59.19712448955987,LOGIN,HIGH
2026-06-04T04:55:20,-61.297962687327,23.245576812312066,LOGIN,CRITICAL
2026-01-14T05:02:10,7.351587479152684,-60.009660684818016,PURCHASE,LOW
2026-01-17T12:10:36,-1.1907886474584757,71.94138222493518,LOGIN,CRITICAL
2026-08-22T01:13:45,-71.69099464932845,-95.91443958950973,LOGIN,LOW
2026-06-29T16:40:26,50.20365246647498,158.90536322924555,LOGIN,CRITICAL
2026-09-24T16:18:12,-86.56261082277925,-61.72777406901963,PURCHASE,CRITICAL
2026-06-22T21:25:36,32.75588937127378,-160.56597227435157,LOGOUT,LOW
2026-09-04T03:52:19,-85.71725865377395,78.15123337174725,PURCHASE,LOW
2026-05-03T09:11:48,57.16307480324119,155.5803115404973,LOGIN,CRITICAL
2026-03-10T18:56:18,89.67796057549867,141.46877221591382,LOGOUT,LOW
2026-06-20T00:00:29,72.20104512925789,102.57608626633174,UPLOAD,HIGH
2026-12-05T14:54:38,83.15620698566576,-176.1927567657298,ERROR,CRITICAL
2026-12-23T21:26:52,-80.86069722317768,-64.97728556426046,PURCHASE,LOW
2026-12-02T02:05:57,39.505365993754964,-114.08659930272393,PURCHASE,CRITICAL
2026-09-24T13:34:31,33.55084945169163,-86.5333187695173,UPLOAD,HIGH
2026-01-13T10:10:27,-11.148896434504394,-164.22268074668804,ERROR,LOW
2026-10-25T02:10:36,-10.27039597367343,-111.14538025834464,LOGOUT,HIGH
2026-08-20T01:26:00,9.13401610339541,155.07011806511582,UPLOAD,CRITICAL
2026-05-23T04:50:06,25.90439382977081,148.84390326601164,LOGIN,LOW
2026-01-04T18:37:21,86.86209090561175,-76.37557458384825,UPLOAD,LOW
2026-04-29T02:04:02,49.115043355868664,-175.60626482088242,UPLOAD,LOW
2026-01-02T04:00:04,-40.06185291202542,-134.61965756440486,LOGIN,LOW
2026-06-16T09:03:15,-81.79071641589098,40.16687848823281,PURCHASE,LOW
2026-01-28T23:10:09,7.696992114041294,45.669958448671764,LOGIN,LOW
2026-09-11T23:10:26,-29.374067347571092,41.53450445812794,LOGOUT,CRITICAL
2026-05-20T11:44:45,-27.70052867536446,90.01539385100568,PURCHASE,CRITICAL
2026-08-09T05:35:21,-28.715830099795568,-163.546341880526,ERROR,LOW
2026-01-13T21:59:02,-79.32152186810767,166.95147823752012,UPLOAD,CRITICAL
2026-01-06T01:37:05,25.94255762889894,-36.79795350410444,ERROR,CRITICAL
2026-01-23T19:57:38,-76.736206126121,-40.731340213370515,ERROR,HIGH
2026-04-13T01:10:28,-82.0640103512041,70.36266507475003,LOGOUT,HIGH
2026-07-14T13:13:41,-41.929941289202326,64.87850848667546,LOGOUT,CRITICAL
2026-03-17T06:46:12,12.649679725543024,-75.96862889504112,UPLOAD,CRITICAL
2026-05-26T14:57:39,65.13984412331203,-172.61596976965316,ERROR,HIGH
2026-06-28T01:18:30,-22.14414897130952,125.30384886819178,LOGOUT,HIGH
2026-05-08T10:02:11,-88.55101004813675,-122.15515950442912,PURCHASE,LOW
2026-01-29T07:16:37,-1.2185514103399129,174.73255289058284,PURCHASE,HIGH
2026-02-20T11:45:40,71.79191045768067,-113.8878385505612,LOGIN,HIGH
2026-07-28T15:25:46,-44.14118995458899,29.560663268069845,LOGOUT,CRITICAL
2026-08-11T09:47:04,36.442161055190155,-126.19741321518535,LOGOUT,HIGH
2026-05-09T13:25:22,64.08206386227013,-154.89215787139534,LOGIN,CRITICAL
2026-01-16T11:16:41,25.767186590324613,141.24492668980167,LOGIN,HIGH
2026-04-05T20:54:14,-88.98865211980635,95.14995385160358,UPLOAD,CRITICAL
2026-12-21T18:39:55,-15.47918310851891,-88.8203289548214,LOGIN,LOW
2026-12-11T05:49:56,72.51352489737187,-148.1809507440821,ERROR,HIGH
2026-03-27T10:01:37,53.02409533034705,41.85586880077881,LOGIN,HIGH
2026-12-15T02:54:39,32.10089117446624,164.76759814545085,ERROR,HIGH
2026-10-20T21:59:57,67.76231601300873,22.52621203909868,UPLOAD,HIGH
2026-05-06T13:09:56,64.29777578865628,129.85335101920737,LOGIN,LOW
2026-08-19T11:04:00,42.65039642786536,97.58377278193223,PURCHASE,LOW
2026-06-03T11:54:58,-81.64328246138895,163.17045229330012,LOGOUT,HIGH
2026-09-18T14:30:47,54.739233544580316,-115.49486125229136,LOGIN,CRITICAL
2026-02-24T22:33:07,-7.636837314010279,-52.65967676462331,LOGOUT,LOW
2026-04-10T08:33:01,-6.850125812034278,-13.187772926880967,LOGIN,CRITICAL
2026-08-20T09:36:36,-67.30517908783611,146.6391253484067,LOGIN,LOW
2026-11-08T03:17:17,-28.03459501613922,-121.64304911170964,UPLOAD,LOW
2026-03-12T06:24:48,-55.971877145313975,72.15265352038051,LOGOUT,LOW
2026-09-09T06:48:09,53.147104750864145,81.20057521530367,LOGOUT,LOW
2026-05-17T22:12:21,73.24278506539343,8.79585327836486,LOGIN,CRITICAL
2026-08-11T11:21:20,73.77494817964688,80.20418376877404,PURCHASE,CRITICAL
2026-02-06T16:27:43,-11.927727020123001,98.20891976612239,UPLOAD,HIGH
2026-03-24T02:43:34,6.395498565264845,-60.36633105512182,UPLOAD,LOW
2026-10-11T15:10:09,15.937426973360914,-67.33895328021782,ERROR,CRITICAL
2026-07-02T16:52:00,-59.85370914104591,68.66348619692542,ERROR,CRITICAL
2026-07-20T16:35:23,-81.99772769518682,-161.8761856097841,PURCHASE,LOW
2026-07-05T22:16:31,6.296040101392691,110.98650106617146,UPLOAD,LOW
2026-01-27T02:03:28,8.548001618952298,-44.84242395224919,LOGOUT,CRITICAL
2026-12-19T20:54:15,14.739203202177094,143.71728704911595,UPLOAD,HIGH
2026-05-09T19:39:26,83.06008710542486,-68.04297334072182,LOGIN,CRITICAL
2026-02-07T06:32:49,89.17720759290796,-130.28324111905926,ERROR,LOW
2026-01-01T11:21:48,-80.28461894412483,18.431942440200714,UPLOAD,HIGH
2026-07-28T09:58:59,-67.05705111809843,153.58364449386113,LOGOUT,LOW
2026-09-15T06:48:39,80.19258743515365,-158.70254896054917,LOGIN,HIGH
2026-04-19T06:05:17,-2.2905555536408997,-79.6459955294421,LOGOUT,CRITICAL
2026-02-21T03:20:17,76.41985740419545,129.69154230478568,LOGIN,LOW
2026-06-13T16:17:36,85.30885526260388,164.36105943891818,UPLOAD,CRITICAL
2026-10-03T22:42:52,-54.66904471667006,-176.3251626318287,LOGOUT,CRITICAL
2026-09-01T14:53:08,42.2615544672924,-134.07095780222383,LOGOUT,LOW
2026-04-18T13:48:37,78.67883122407599,70.51627854806458,LOGOUT,LOW
2026-02-20T17:08:08,39.0491135344148,-0.7102721236416016,LOGOUT,CRITICAL
2026-12-07T03:08:44,-71.41762477259438,-45.74494407753022,LOGOUT,LOW
2026-12-15T22:43:51,49.832296942731205,-132.96860083042293,LOGIN,HIGH
2026-05-11T06:45:42,69.54045838464998,-33.4231211897162,ERROR,LOW
2026-01-02T02:53:52,32.79274774480619,116.95624366908373,PURCHASE,CRITICAL
2026-11-04T23:44:08,17.07674131948977,156.5649814765427,ERROR,HIGH
2026-06-28T11:46:18,-25.9453935055505,145.11361129911535,LOGIN,CRITICAL
2026-07-28T15:42:38,-49.63590842661672,96.44585002641048,LOGIN,CRITICAL
2026-03-04T21:00:33,88.32030227540949,-147.72281594830898,LOGIN,HIGH
2026-04-26T22:34:32,-21.93838048179417,38.92264555927801,LOGOUT,CRITICAL
2026-10-18T21:52:38,82.04159688621363,-101.45888475358943,LOGIN,HIGH
2026-04-07T06:58:55,61.58643449667812,87.07465823617883,PURCHASE,LOW
2026-08-29T19:38:45,-20.322112809577817,-121.60715062692113,UPLOAD,LOW
2026-11-08T06:08:02,66.35418606209998,157.99895288546054,ERROR,HIGH
2026-01-06T10:24:57,0.19569806797707656,-47.91870365954483,UPLOAD,HIGH
2026-11-23T16:54:42,-14.816871498091317,169.09648751220124,ERROR,HIGH
2026-10-20T11:48:02,67.86233142291346,-165.3914253567212,LOGOUT,CRITICAL
2026-06-03T00:21:27,77.37507974754942,-149.71943851323383,UPLOAD,HIGH
2026-05-21T14:33:28,-24.899309643506868,-70.84918968948077,PURCHASE,HIGH
2026-04-27T16:53:30,28.084875542759846,-21.248902473506064,ERROR,HIGH
2026-03-18T06:05:17,33.2744058602342,37.67729786988858,LOGOUT,CRITICAL
2026-03-29T06:32:22,12.159518860502587,-56.235634065620545,PURCHASE,CRITICAL
2026-08-23T18:31:11,-22.15281329967479,-16.698477951301726,LOGOUT,LOW
2026-05-30T15:37:56,-65.75586618415134,137.54311189240508,LOGIN,LOW
2026-04-25T18:25:28,84.35834502007401,-87.9384884393277,ERROR,CRITICAL
2026-02-23T09:05:03,75.53432754557397,85.98383280387634,UPLOAD,CRITICAL
2026-05-05T11:50:56,-42.020090362197884,-125.52999141433637,UPLOAD,CRITICAL
2026-09-05T02:06:50,69.53118184128971,-165.85531568401802,ERROR,CRITICAL
2026-09-24T21:34:20,21.18586523574217,86.365906180433,ERROR,LOW
2026-09-06T08:17:33,-46.781625521303134,-67.99143458397427,LOGIN,CRITICAL
2026-08-22T07:43:23,12.760853043837031,-43.10414690583127,LOGOUT,LOW
2026-08-06T08:50:04,-29.009614252301837,-93.80810141973078,LOGOUT,CRITICAL
2026-04-20T09:56:46,80.50224619334898,170.6789936488758,LOGOUT,HIGH
2026-09-16T22:11:30,-79.63142569630824,11.386350727871644,LOGOUT,LOW
2026-04-12T06:17:31,80.8623350889626,161.77098552499075,LOGIN,CRITICAL
2026-04-04T13:13:00,-76.04130138335077,74.30609956684242,PURCHASE,CRITICAL
2026-07-25T10:39:21,-0.08851503565757923,-169.92380876399326,PURCHASE,HIGH
2026-12-02T09:01:43,-5.957193224838662,81.99511453915795,UPLOAD,CRITICAL
2026-04-15T07:11:18,-0.11169210412703023,106.58377232604698,ERROR,CRITICAL
2026-10-04T13:18:43,71.08460835888505,107.09554729261384,PURCHASE,CRITICAL
2026-10-27T20:23:17,79.69345481893271,149.82718071983766,PURCHASE,LOW
2026-05-21T00:02:04,84.06978102912939,-22.828990716794323,UPLOAD,HIGH
2026-11-29T22:06:54,-41.24618760686411,-40.80267835237396,UPLOAD,CRITICAL
2026-05-29T11:21:59,83.20952359766355,-157.11042944247362,LOGOUT,HIGH
2026-02-19T02:48:55,-75.76584240887333,-56.42728252114168,PURCHASE,LOW
2026-07-27T23:05:42,35.59344458197482,-177.1490382688705,PURCHASE,CRITICAL
2026-12-23T03:39:56,79.18129827933689,2.8964050972000166,PURCHASE,LOW
2026-10-23T07:36:28,-18.16182786770152,-128.66566481951818,PURCHASE,CRITICAL
2026-05-29T01:51:03,-18.526520174923036,123.92621964817005,LOGOUT,LOW
2026-11-28T10:43:01,76.07483344610961,-175.12335387504012,PURCHASE,LOW
2026-04-04T01:12:32,-23.770309240776797,78.26560804143895,LOGIN,HIGH
2026-03-12T12:33:58,-20.734926595858,155.9250653751908,PURCHASE,LOW
2026-09-17T07:23:42,81.65824985250043,54.239455133722885,UPLOAD,LOW
2026-04-07T05:46:43,52.67493711044574,-123.33125905137427,ERROR,LOW
2026-04-27T21:29:57,49.81527907410472,139.00712185517443,LOGOUT,CRITICAL
2026-11-11T09:57:21,-79.94942291449806,23.965648625446306,LOGOUT,CRITICAL
2026-10-27T03:54:06,-7.578404242687043,-142.47006218151603,LOGIN,LOW
2026-07-27T10:42:45,26.210985955048486,83.11343136365332,ERROR,CRITICAL
2026-11-16T05:08:40,-25.871784943674086,-119.8756077054743,LOGIN,LOW
2026-05-24T01:22:01,41.38010351968484,-19.211710741697942,UPLOAD,HIGH
2026-05-04T15:06:11,-61.84468539326828,-49.410681324956045,PURCHASE,CRITICAL
2026-12-15T01:45:34,-58.280725345535565,140.10485236423972,UPLOAD,HIGH
2026-04-11T21:09:12,-41.92932820360754,64.8994713587706,ERROR,LOW
2026-02-13T15:54:38,-0.5003846070230082,51.41369273777627,LOGOUT,CRITICAL
2026-12-29T15:15:47,56.85621903692916,-170.88657342686986,UPLOAD,HIGH
2026-11-06T09:09:15,-28.541316557257076,87.10987370705669,LOGOUT,LOW
2026-12-18T10:37:36,-9.952276920498647,-16.93211460455899,UPLOAD,HIGH
2026-06-05T11:06:46,32.75434299040201,-33.57445159712361,LOGOUT,HIGH
2026-01-02T07:44:22,-69.93447847546399,147.96962605640545,LOGIN,CRITICAL
2026-09-29T22:57:06,-25.720214793440732,-125.09976586012763,ERROR,CRITICAL
2026-01-25T10:06:03,-85.57441020784616,156.97831937890908,PURCHASE,CRITICAL
2026-07-21T14:46:21,28.491353520266955,-163.57309778711235,LOGIN,LOW
2026-07-07T21:45:41,64.14027529087156,-115.85469586688458,LOGOUT,LOW
2026-05-01T01:50:53,-56.4644555929158,-13.278708468940096,LOGOUT,LOW
2026-06-15T05:13:34,-85.23544379503463,-71.59538923490571,UPLOAD,CRITICAL
2026-11-04T11:44:38,-67.78477848721232,150.6502932186574,ERROR,CRITICAL
2026-11-10T01:36:38,22.958374358288907,-148.73594509083208,LOGOUT,LOW
2026-03-19T01:46:35,-68.1078365768432,-43.88995540085159,PURCHASE,HIGH
2026-10-03T10:06:17,-62.248554577994774,99.20356140043998,LOGOUT,CRITICAL
2026-01-11T09:41:29,18.167948991638127,-112.86466891154015,ERROR,LOW
2026-05-14T14:01:37,-66.99230648991042,-45.529594213592475,UPLOAD,HIGH
2026-11-18T06:30:02,70.78523646865219,57.33859781800794,LOGOUT,LOW
2026-02-27T14:48:08,-59.584327584954124,50.37718720407037,ERROR,LOW
2026-09-29T14:02:47,20.870747374137764,141.70372954008343,UPLOAD,CRITICAL
2026-03-09T16:39:10,-89.74364882916738,-49.10739312297798,ERROR,CRITICAL
2026-09-27T07:49:14,59.09499347949287,101.41642793547209,LOGOUT,HIGH
2026-03-29T13:49:46,-66.74352153543613,-27.638336169304466,LOGIN,CRITICAL
2026-05-16T22:18:41,84.95871712458518,-10.96472454849956,LOGIN,LOW
2026-08-03T01:48:31,85.70217104733473,-163.5977969756556,LOGOUT,HIGH
2026-08-24T18:54:06,-0.38984327149246667,165.45920344803886,UPLOAD,LOW
2026-11-19T05:58:09,63.63722634302522,-42.792126134881556,LOGIN,LOW
2026-07-10T20:06:26,-67.55736821834174,-37.28673908174335,PURCHASE,CRITICAL
2026-11-25T06:58:11,81.3870363552331,172.97426074224654,LOGOUT,CRITICAL
2026-09-21T05:16:57,10.839719427984946,166.2871344822541,LOGIN,HIGH
2026-09-16T17:37:35,52.87604772691884,46.89607081195001,PURCHASE,CRITICAL
2026-11-30T19:23:37,-43.51128175643738,-35.08660515955469,LOGOUT,HIGH
2026-06-21T21:28:55,45.675297433719095,-132.83131292273478,LOGOUT,LOW
2026-09-26T07:12:15,86.84489091856722,-129.01161713285555,LOGOUT,CRITICAL
2026-07-17T10:14:33,-86.96028117646816,-141.79299271421675,UPLOAD,HIGH
2026-04-09T13:10:48,89.48489001180499,-55.40179817619389,UPLOAD,LOW
2026-10-06T14:13:56,56.82362347618289,176.6924679779865,LOGOUT,LOW
2026-10-13T03:43:44,82.5037761306242,-34.19014498161104,ERROR,LOW
2026-11-15T20:46:03,69.91701313277957,177.44500277564606,PURCHASE,LOW
2026-05-25T07:28:32,28.09614888485973,144.07854363516032,LOGOUT,CRITICAL
2026-11-03T22:38:59,39.970766202970765,131.21756976504395,LOGOUT,LOW
2026-11-29T01:57:24,26.595772211650498,11.366150527833923,PURCHASE,HIGH
2026-09-23T12:18:19,52.736903641519945,-80.71930440042246,LOGOUT,LOW
2026-07-08T13:48:39,30.420429533317346,-97.51853534253044,UPLOAD,HIGH
2026-10-27T21:08:52,-68.03556116241063,22.206462596544554,LOGOUT,LOW
2026-12-12T01:13:15,28.79844108903913,-100.88944465729142,ERROR,LOW
2026-06-05T20:19:06,28.997721152899757,3.138473648102803,PURCHASE,CRITICAL
2026-06-05T01:42:46,-48.73705131736472,118.14189716603039,ERROR,CRITICAL
2026-05-22T21:32:31,-20.499062602323605,-67.02085090444145,PURCHASE,HIGH
2026-01-18T11:44:14,-24.92421763155103,-89.48625888881305,LOGIN,LOW
2026-12-30T19:27:17,22.717659464060375,-155.7745956437031,LOGIN,HIGH
2026-10-07T18:25:37,-41.81973686096253,-152.10246053456135,PURCHASE,HIGH
2026-06-16T07:43:15,-41.108546532368244,25.047159612210663,LOGIN,CRITICAL
2026-10-07T23:14:33,-22.324453989889392,174.51573339214315,UPLOAD,HIGH
2026-06-25T02:18:47,8.48191536513869,-51.209027396535305,LOGOUT,LOW
2026-07-05T07:27:25,54.61706176470986,112.03325040155369,LOGIN,HIGH
2026-03-07T12:39:07,-11.772577496238114,-123.01354408265001,LOGIN,LOW
2026-08-30T20:26:40,66.03789923612186,-1.3930532739025807,LOGOUT,CRITICAL
2026-09-14T22:51:39,-73.83503014638421,-69.30684040199984,LOGOUT,CRITICAL
2026-04-05T14:59:27,45.341597713242805,-25.201271726658234,UPLOAD,HIGH
2026-06-29T17:12:42,5.756454482490625,53.01586064253118,ERROR,LOW
2026-08-08T23:10:52,81.88039209082402,-9.156071263380397,LOGIN,LOW
2026-06-15T13:59:09,-1.7010906280924019,-5.805817818070125,LOGIN,CRITICAL
2026-10-27T05:29:55,-56.63262900908822,-22.374320665505877,ERROR,CRITICAL
2026-10-24T22:58:02,-84.90269316085573,165.2917778647154,UPLOAD,CRITICAL
2026-07-27T16:22:21,21.89474005645347,53.549403221091495,ERROR,HIGH
2026-04-03T03:09:25,61.318812629077144,156.94897826672906,UPLOAD,CRITICAL
2026-09-27T02:56:16,-34.421870287189236,-138.4962712456104,LOGIN,CRITICAL
2026-10-27T00:34:44,-21.19837716827675,-68.84399005908224,LOGIN,CRITICAL
2026-09-19T00:33:06,40.51461801986983,28.15862856281035,PURCHASE,LOW
2026-04-01T13:20:50,-67.55594129821876,-163.55495231543307,LOGIN,CRITICAL
2026-01-27T21:29:07,-26.644887539821248,-171.53316796679448,PURCHASE,HIGH
2026-11-10T14:57:03,-21.935532770963476,177.54743443283274,UPLOAD,CRITICAL
2026-06-27T03:06:42,53.917361839852816,-77.7267332913156,LOGIN,CRITICAL
2026-01-20T09:29:24,-89.78568997047482,-28.488637890360906,UPLOAD,HIGH
2026-06-03T15:39:43,-34.889336260753666,16.111988421807126,ERROR,HIGH
2026-06-05T16:47:11,-36.40610230690798,-18.782612282701535,ERROR,HIGH
2026-12-10T15:03:34,79.37935632485775,-28.875748114007223,LOGOUT,HIGH
2026-12-12T20:18:27,-27.439428144742003,68.6254361019937,LOGIN,HIGH
2026-11-30T04:12:59,-30.487343475634418,-171.7007077752488,LOGOUT,HIGH
2026-05-03T05:32:24,35.82568675060824,-10.706481995398235,LOGIN,CRITICAL
2026-10-15T01:02:56,-20.498232576927037,-81.93614092903833,ERROR,CRITICAL
2026-03-14T10:02:24,83.31948968464548,-21.103405740349388,LOGIN,CRITICAL
2026-08-08T14:12:51,27.013294581002086,-130.5528530109561,ERROR,LOW
2026-05-05T16:50:01,-52.94004269750293,70.09973744709956,UPLOAD,HIGH
2026-10-07T05:42:48,-88.56773501437661,-47.51753653649058,LOGIN,LOW
2026-07-25T10:47:18,-61.00159031688381,-31.130831816854965,LOGOUT,HIGH
2026-04-27T09:29:47,-47.741267250920345,-151.78927162887803,PURCHASE,CRITICAL
2026-04-23T14:49:03,74.90972514758741,43.47537298484153,UPLOAD,CRITICAL
2026-10-24T11:52:33,-29.628145321381623,-38.3504676407193,PURCHASE,HIGH
2026-09-13T07:57:46,-11.767584199887054,-72.5266421582187,PURCHASE,HIGH
2026-12-06T16:24:45,72.20278270227627,152.40447420759165,LOGOUT,HIGH
2026-10-03T08:42:03,-43.66838409452419,-153.72218426306128,PURCHASE,CRITICAL
2026-02-17T02:42:44,-18.806052934457483,154.08109171132014,UPLOAD,LOW
2026-10-20T10:17:46,19.342971918303135,120.16202162241484,PURCHASE,HIGH
2026-08-13T14:19:36,-8.839727704852834,-98.49061692527557,PURCHASE,HIGH
2026-04-13T10:44:29,-86.90828401857304,93.26537134772377,UPLOAD,LOW
2026-02-26T17:47:21,-49.58482050453155,33.59555123856427,UPLOAD,HIGH
2026-02-19T19:52:37,18.97897534170005,-8.269905593420788,LOGOUT,CRITICAL
2026-09-17T19:36:18,57.163035392553724,51.316287796149595,UPLOAD,CRITICAL
2026-11-30T06:23:05,78.07635552085617,-144.08677362126264,LOGOUT,LOW
2026-01-04T02:20:33,89.58714485882908,93.68957315059379,ERROR,LOW
2026-01-24T18:27:43,34.428950482611924,-138.54832954889795,ERROR,LOW
2026-07-05T23:57:10,-31.171773118938916,143.7256010367367,UPLOAD,HIGH
2026-03-16T20:14:49,-38.328226853508475,75.51193477491171,ERROR,HIGH
2026-05-11T18:04:03,-4.928826212409717,30.81784164524231,LOGOUT,LOW
2026-04-05T22:17:19,-88.17108476367645,-71.36235341333185,UPLOAD,HIGH
2026-11-26T10:19:27,-35.21039926506386,154.40414088272888,LOGOUT,CRITICAL
2026-08-26T06:21:31,-49.77970777464483,-160.34123498003345,LOGIN,LOW
2026-12-15T10:52:20,42.7134086000583,-51.9222608328686,LOGOUT,LOW
2026-03-21T05:47:31,42.09099527805594,-13.870463669340012,ERROR,HIGH
2026-07-25T08:26:49,37.25618173988913,-39.021723057976004,PURCHASE,CRITICAL
2026-05-12T00:37:35,23.040799960176244,122.24983908002963,LOGIN,CRITICAL
2026-06-17T02:09:56,84.75342322222588,-151.60273185244773,UPLOAD,CRITICAL
2026-03-26T19:38:37,79.98873004601285,-86.0070740126531,PURCHASE,CRITICAL
2026-04-26T20:46:24,-55.95253730798154,70.47466455260056,ERROR,HIGH
2026-03-27T22:32:48,-74.7644277435078,-99.78397714765688,UPLOAD,CRITICAL
2026-05-25T01:50:45,-81.34957299155562,-106.30671689819975,LOGOUT,LOW
2026-11-18T21:06:08,-16.668776807465875,155.80373258493438,LOGOUT,LOW
2026-11-30T04:54:32,-45.24101365296168,-68.39014616081904,PURCHASE,LOW
2026-04-13T23:07:36,-16.816055495856645,56.16838066876912,LOGIN,HIGH
2026-04-01T02:18:36,29.391424366363907,77.11402303427758,ERROR,CRITICAL
2026-10-15T22:49:44,34.766358297046196,108.35864958831507,ERROR,CRITICAL
2026-11-19T19:17:59,-84.95632718592498,18.780810869701952,PURCHASE,CRITICAL
2026-10-02T21:36:23,71.49355057892421,24.869111699819257,PURCHASE,HIGH
2026-10-20T12:55:20,14.862006103004461,-161.95570666285883,LOGIN,CRITICAL
2026-09-15T08:28:39,85.0102027335256,-22.264496981079276,PURCHASE,LOW
2026-06-30T21:43:18,-42.570727065963645,177.67691741521918,PURCHASE,LOW
2026-11-23T19:05:28,-32.6633471956837,-124.14032785432696,UPLOAD,HIGH
2026-01-19T05:26:05,-60.59348591299606,113.42402518742108,UPLOAD,HIGH
2026-06-13T22:29:01,-19.64817970319629,-114.7773498189148,PURCHASE,CRITICAL
2026-12-05T16:56:23,45.70050571866841,93.15935028652768,LOGOUT,LOW
2026-02-21T20:05:30,3.656513384900464,-124.80551731214635,LOGOUT,LOW
2026-02-22T22:20:06,-87.07649123519981,-61.131938513680126,UPLOAD,LOW
2026-03-25T16:51:00,-53.2059879749518,-176.41410318985692,LOGIN,LOW
2026-03-18T14:40:34,-44.344999987688176,-11.35943026281629,LOGIN,CRITICAL
2026-09-26T20:18:44,-67.88596763715928,144.32533110677792,ERROR,HIGH
2026-12-29T06:27:46,56.841315790467775,-22.48574712779373,ERROR,LOW
2026-10-29T07:57:55,-3.8901383449058926,39.58601567934784,PURCHASE,LOW
2026-12-15T23:58:42,44.71070371717062,-117.51811996044336,PURCHASE,LOW
2026-01-22T18:25:27,-75.91645680754498,145.2641464940828,LOGOUT,CRITICAL
2026-08-14T22:02:04,10.103150148129785,-87.00655330879016,ERROR,LOW
2026-04-02T06:14:42,-84.77219060792575,-82.49283568541712,LOGOUT,LOW
2026-02-19T08:14:45,7.233077237612889,-14.957040663685717,UPLOAD,CRITICAL
2026-11-06T14:06:00,89.89231053820876,97.40615044458792,LOGIN,HIGH
2026-10-06T17:26:33,-60.65203210435712,-121.1736291774343,LOGOUT,HIGH
2026-01-21T05:47:09,68.59440749283118,-158.9437112348916,ERROR,HIGH
2026-09-14T12:48:29,68.95760832997871,-13.474818001143404,LOGIN,HIGH
2026-09-07T09:40:25,24.49121523184394,-1.730793747295678,PURCHASE,HIGH
2026-02-11T02:47:16,22.013746064892047,119.66567588045649,LOGOUT,HIGH
2026-01-20T10:27:59,-20.462877863966412,50.33475693303819,LOGOUT,CRITICAL
2026-12-05T19:19:51,75.6896752068931,-124.5289811201161,ERROR,CRITICAL
2026-02-27T14:36:35,-28.893888063415417,133.995544725718,LOGIN,LOW
2026-03-02T09:50:53,-33.00157839221137,-165.56283079863192,UPLOAD,CRITICAL
2026-05-14T07:14:54,-20.650070526029722,92.96980226158746,PURCHASE,CRITICAL
2026-04-09T22:11:07,74.6744578427373,80.89455415471741,LOGOUT,LOW
2026-07-08T12:53:15,-45.16132062005856,-112.45446560909582,UPLOAD,LOW
2026-11-05T12:36:59,-56.46476434207454,-133.2033381578842,LOGIN,LOW
2026-02-16T07:15:54,5.564853418023347,167.76369411397417,LOGIN,LOW
2026-09-28T15:28:37,-27.601989382105785,67.80960886931126,ERROR,CRITICAL
2026-08-27T12:40:21,-81.0006084998717,149.8790821485813,LOGIN,HIGH
2026-11-29T01:42:57,-81.09292451045145,116.77649926024117,PURCHASE,CRITICAL
2026-01-15T00:02:40,53.62879464976723,155.71166456634325,UPLOAD,LOW
2026-05-17T21:44:28,-71.35757903906517,169.78478985274944,UPLOAD,HIGH
2026-09-27T16:41:45,-26.107263773109743,35.343943794088005,LOGIN,HIGH
2026-02-09T14:55:46,-58.92057201571376,-128.84220893745297,ERROR,HIGH
2026-10-18T15:57:01,-44.1851110386908,-100.6876680201272,ERROR,LOW
2026-03-05T12:23:39,-86.13647725486025,128.57580441336404,LOGOUT,LOW
2026-02-13T21:06:50,-22.37751400689362,-44.32169702287172,PURCHASE,CRITICAL
2026-11-11T22:13:06,-43.07884554268071,136.4652254624488,ERROR,LOW
2026-12-19T22:21:55,-54.8462287097661,84.93860453771634,UPLOAD,LOW
2026-03-20T14:06:03,85.70915529267057,-74.00604852486335,ERROR,LOW
2026-04-29T08:19:11,0.3966032811344178,6.683376876074561,UPLOAD,CRITICAL
2026-08-14T07:01:21,76.04075342049339,-175.77231483499435,ERROR,LOW
2026-11-09T09:55:10,-60.082180635196046,129.66530453196737,UPLOAD,CRITICAL
2026-05-27T14:46:15,47.87194245567642,66.36769835479492,LOGIN,CRITICAL
2026-10-25T12:27:51,67.49207449242417,-111.79206368559431,ERROR,HIGH
2026-04-10T22:56:34,22.304528253960186,145.3585495456856,ERROR,HIGH
2026-09-04T11:28:03,28.427872640315826,-122.41500302295157,UPLOAD,CRITICAL
2026-05-03T22:17:45,-15.459328428127904,-83.51731489155333,ERROR,HIGH
2026-07-04T03:32:27,-32.596779144836425,-118.62131284470507,PURCHASE,CRITICAL
2026-03-01T15:45:28,-86.8433639756966,-151.00077182877055,ERROR,HIGH
2026-07-30T18:40:30,-74.93130798997896,111.42763568201013,LOGOUT,LOW
2026-09-12T00:50:19,-23.600620902427806,81.04598949760737,LOGOUT,LOW
2026-08-19T02:46:19,-38.54924424689553,-154.31908699774064,ERROR,LOW
2026-01-17T07:51:19,-62.70574237067827,-65.6113994591708,UPLOAD,HIGH
2026-04-01T07:54:31,-11.539503902305114,-13.221952910609389,LOGOUT,CRITICAL
2026-06-08T16:28:47,-58.97511520385547,44.072276802205664,PURCHASE,CRITICAL
2026-10-24T16:29:19,81.71196365639099,-164.6116561045706,ERROR,LOW
2026-05-11T04:31:07,29.384159346354068,44.46085590998783,LOGIN,CRITICAL
2026-09-17T17:53:02,9.220470794555837,-145.04542477405494,LOGOUT,CRITICAL
2026-02-11T13:01:29,-49.853646771265346,13.791518462463614,LOGIN,LOW
2026-04-16T20:55:19,13.30139306335063,126.60035629836409,LOGOUT,CRITICAL
2026-11-29T06:12:11,-61.73389426200226,114.8119371477651,LOGIN,LOW
2026-11-27T07:16:09,-62.66879829030472,161.91245331153902,LOGOUT,LOW
2026-05-25T12:20:46,44.85299120316694,4.090247143720518,LOGIN,CRITICAL
2026-05-25T15:51:12,6.898753104043493,133.10287204949913,UPLOAD,HIGH
2026-07-28T01:52:56,-0.08936316923715992,-35.473179018024155,LOGIN,LOW
2026-10-24T13:02:36,14.91284355336687,11.101787370577313,PURCHASE,CRITICAL
2026-07-28T15:22:52,-79.47222448808391,-68.6506006421458,PURCHASE,LOW
2026-11-22T03:00:19,60.62763021342067,-179.65440261864003,ERROR,LOW
2026-08-10T08:56:45,77.05235682759957,149.6038607930962,ERROR,HIGH
2026-09-05T21:12:34,4.395132709141649,-91.96129605556288,PURCHASE,CRITICAL
2026-05-08T02:35:04,49.668908809235774,165.51458105130524,ERROR,HIGH
2026-12-04T23:00:13,-18.1267577796565,-68.11480314265577,LOGIN,CRITICAL
2026-06-19T01:42:14,40.35968470032671,-101.62385086245878,LOGOUT,LOW
2026-08-26T02:24:44,-64.63631578777267,154.85831765087494,LOGOUT,LOW
2026-01-30T04:01:02,-55.20457124006815,-173.8412100819515,LOGIN,LOW
2026-04-21T10:04:26,-60.64287282442927,-88.94316798833675,LOGOUT,LOW
2026-04-20T06:52:48,41.89300617134239,157.55792635670872,UPLOAD,CRITICAL
2026-12-03T06:13:26,-69.85500219308906,-10.418601404336783,UPLOAD,HIGH
2026-03-01T14:01:03,58.56882301616113,-33.74954244698657,UPLOAD,CRITICAL
2026-08-27T01:15:34,-40.01668554867719,68.63568894315168,LOGIN,CRITICAL
2026-03-04T11:32:39,2.463707817313164,-108.30150574504052,UPLOAD,LOW
2026-01-23T03:24:00,-50.51876993825281,-24.48324567072541,ERROR,LOW
2026-10-14T10:00:09,33.874000863154876,-119.48705871222217,LOGIN,LOW
2026-01-03T02:10:11,-27.38960542884235,-109.18494858385276,LOGOUT,CRITICAL
2026-05-11T17:54:13,-55.18947796586955,-37.42931971044288,LOGIN,LOW
2026-05-05T23:04:17,23.72549465562689,-62.41051426931679,LOGOUT,HIGH
2026-04-05T20:46:41,69.5332653470548,143.69200739696316,UPLOAD,CRITICAL
2026-01-01T17:48:42,78.35716012083029,19.13426137030484,LOGOUT,HIGH
2026-11-24T04:12:54,55.85700892560183,-118.47020657662667,UPLOAD,CRITICAL
2026-01-25T06:03:19,-79.26456644238283,-36.681272147346505,ERROR,LOW
2026-11-16T11:30:48,-7.670045225832084,-22.986815749984544,LOGOUT,LOW
2026-03-10T20:39:09,61.890558898790175,177.4596393125708,LOGOUT,CRITICAL
2026-08-25T16:08:53,70.73223001782307,62.34298053575574,LOGOUT,LOW
2026-11-13T08:13:29,-2.9426067072777045,144.04618642415238,LOGIN,CRITICAL
2026-05-11T13:49:14,24.29995283877885,137.97821661232518,UPLOAD,HIGH
2026-03-10T18:04:06,-18.42310874255267,-142.28825323865135,ERROR,CRITICAL
2026-04-29T08:02:09,83.72380360852827,-140.88234185952416,LOGIN,LOW
2026-03-02T05:11:39,29.48832192310293,104.79669881214545,LOGOUT,LOW
2026-10-06T09:57:26,19.57928379940853,-144.30623350821674,UPLOAD,CRITICAL
2026-10-11T22:15:03,84.74696234080966,-54.24205837267533,LOGOUT,HIGH
2026-10-14T06:57:05,18.015592925981593,128.20979761174505,UPLOAD,HIGH
2026-05-07T08:38:19,37.48447305575908,95.13138432101863,LOGIN,HIGH
2026-12-14T20:05:29,-3.189872736174621,-41.168611688987255,LOGIN,HIGH
2026-10-21T09:56:05,23.24693985434844,-46.71573447296146,UPLOAD,LOW
2026-01-03T10:28:38,24.264731122506475,156.3596549165357,UPLOAD,LOW
2026-11-29T13:18:00,27.754054266060578,-84.09562580994951,LOGIN,CRITICAL
2026-02-19T11:47:11,-5.924001118497671,-19.94591486194662,ERROR,LOW
2026-06-28T21:30:58,75.27975999243733,70.12568175674107,PURCHASE,CRITICAL
2026-06-12T17:21:21,14.319971752026547,11.966763075966668,LOGOUT,CRITICAL
2026-09-27T01:10:09,-36.19645578421778,57.8668154708466,LOGOUT,CRITICAL
2026-09-20T08:38:49,-87.00546519218658,77.82857221280864,LOGOUT,CRITICAL
2026-06-01T18:25:10,-22.16332997117118,70.53521978261148,ERROR,CRITICAL
2026-05-30T07:32:26,47.46948592921112,40.18880064156605,PURCHASE,CRITICAL
2026-11-19T02:52:32,-73.04385762731846,-63.47779839218967,LOGOUT,HIGH
2026-08-28T12:27:29,1.3013643530889567,23.581584399933263,LOGOUT,HIGH
2026-05-07T15:56:27,-49.767173763946346,-81.78166149840884,ERROR,CRITICAL
2026-09-05T04:15:18,-88.3741565233519,-20.038446294198337,PURCHASE,LOW
2026-08-13T23:45:41,65.0975716815096,-171.9090670330923,PURCHASE,CRITICAL
2026-07-04T12:59:38,-64.31051047392346,42.243317874685374,ERROR,CRITICAL
2026-04-29T06:15:54,-78.67275537845067,-22.36580754314403,UPLOAD,HIGH
2026-07-08T03:13:34,-86.11313640148597,-178.61499429368615,UPLOAD,HIGH
2026-04-30T05:23:13,33.480298089599756,-0.7090117650655259,UPLOAD,HIGH
2026-09-24T06:06:19,21.205247887294576,25.55228756607761,ERROR,HIGH
2026-01-30T05:32:53,81.64949813209927,-110.325150124863,UPLOAD,CRITICAL
2026-11-25T22:25:29,-35.591584442123626,-32.05674434948267,LOGOUT,HIGH
2026-11-22T19:04:28,-7.499601890014432,159.74060108340495,PURCHASE,LOW
2026-06-04T19:51:18,41.95370468999815,13.116532646371525,UPLOAD,LOW
2026-05-28T21:30:20,-37.26588681524225,30.34076088766389,LOGIN,HIGH
2026-04-23T15:08:34,-33.11332269178528,105.24068607221602,LOGOUT,CRITICAL
2026-09-06T13:19:23,2.6585396015393314,-37.98054668827518,LOGIN,HIGH
2026-03-08T08:54:57,-68.71183700542923,139.54670902468757,LOGIN,LOW
2026-06-04T18:01:27,-64.88262137016426,-14.874865903925723,ERROR,HIGH
2026-04-23T13:51:31,9.51785034186598,144.62344960893955,LOGIN,CRITICAL
2026-03-11T13:43:11,-41.29927637997694,120.08297570763943,PURCHASE,CRITICAL
2026-02-10T12:50:32,48.63103940977987,-179.80388343139361,UPLOAD,CRITICAL
2026-08-04T18:03:00,-55.808299351572074,59.66114170565632,LOGIN,HIGH
2026-07-07T08:55:26,-35.07817134248978,113.32926537624411,UPLOAD,LOW
2026-08-29T08:08:26,17.10079068422914,-9.458345366357776,LOGIN,CRITICAL
2026-05-16T00:10:27,-15.121072700883175,131.5777352836912,LOGIN,LOW
2026-12-26T09:51:34,82.82364175076836,103.78900418729245,LOGIN,LOW
2026-01-01T05:53:22,-51.686268238228806,64.67653605467697,ERROR,CRITICAL
2026-06-06T15:00:03,-71.6719473407321,139.89763284473082,UPLOAD,HIGH
2026-09-08T12:17:43,-53.40496344036065,148.0177687746788,PURCHASE,HIGH
2026-04-24T16:56:35,-72.52354740774285,-86.01867440185337,UPLOAD,LOW
2026-11-17T13:55:10,-11.110514430890802,14.890429969041918,PURCHASE,HIGH
2026-06-24T07:21:24,12.506800065350049,0.9553002865702354,ERROR,CRITICAL
2026-12-21T06:56:14,-86.48897813519102,-137.40654355961817,ERROR,LOW
2026-06-10T22:54:39,68.07363685736826,109.31251386233424,LOGIN,LOW
2026-09-03T01:33:51,45.021641677082215,-26.018354490026525,LOGIN,LOW
2026-03-31T16:23:17,-41.15100200915249,-73.5744945027993,PURCHASE,LOW
2026-08-22T13:56:53,17.155081546795714,-164.42429049594645,ERROR,HIGH
2026-09-16T08:43:14,-28.27006197091501,-28.101792029251214,ERROR,HIGH
2026-03-06T00:22:14,-35.8409737855216,-166.09702873216025,LOGOUT,LOW
2026-02-15T08:55:35,-31.75068956740936,-56.0905222590159,UPLOAD,HIGH
2026-12-05T17:53:28,-4.016377146192923,-66.44650358201562,ERROR,LOW
2026-03-13T13:12:41,79.00932784318559,-114.91198685051276,UPLOAD,LOW
2026-05-09T20:27:44,-47.53586874319708,155.47324947023998,PURCHASE,HIGH
2026-11-05T00:29:26,-84.70807905084222,-0.39458162613851755,ERROR,HIGH
2026-04-28T21:30:52,7.413093685681119,66.5043473449964,PURCHASE,HIGH
2026-08-20T23:07:30,-49.889279990339226,-22.653574366474658,LOGOUT,LOW
2026-11-26T08:53:39,58.33610659242129,-96.56630640941921,LOGOUT,HIGH
2026-01-03T08:55:04,-1.9621957132324184,-150.5391607507937,LOGOUT,HIGH
2026-05-10T07:56:34,41.1577481224065,-101.46191033284472,LOGOUT,CRITICAL
2026-11-18T21:54:10,65.1334975801762,34.535536023142726,LOGIN,CRITICAL
2026-04-07T18:07:25,-19.010439194808583,57.028331954334334,LOGIN,LOW
2026-12-27T21:39:49,39.08360719862495,-9.971486886901573,LOGOUT,CRITICAL
2026-06-29T22:24:12,-0.9623737017100495,-26.784472777960303,PURCHASE,CRITICAL
2026-09-07T12:53:19,8.204005298548566,-91.30292160589414,PURCHASE,CRITICAL
2026-05-05T15:47:49,38.2257896774949,-64.35759216925662,PURCHASE,LOW
2026-03-12T06:31:34,15.202068242034372,-70.10141774034484,PURCHASE,LOW
2026-10-04T19:48:08,64.6591213067845,-143.4948659972185,LOGIN,CRITICAL
2026-05-08T06:18:30,-1.9343630501344222,41.38120137342824,ERROR,LOW
2026-01-22T06:12:20,-29.522115849534806,-161.19884259646028,LOGIN,HIGH
2026-04-30T19:33:26,17.87154135625292,-87.00251220639596,ERROR,HIGH
2026-04-15T13:32:43,-5.109133113490103,95.2868763491789,LOGOUT,HIGH
2026-10-27T23:04:40,-64.5937067749995,-22.190253476916183,UPLOAD,CRITICAL
2026-10-16T16:31:23,63.57147002074689,-73.51322531425512,ERROR,LOW
2026-05-19T09:57:18,14.50457270481023,72.83802188992462,UPLOAD,HIGH
2026-03-19T10:54:15,-43.20765501194231,125.06593707553094,UPLOAD,LOW
2026-01-15T05:34:30,-29.993392961872807,-4.201059462158099,UPLOAD,LOW
2026-03-28T07:28:42,-54.857569914563626,10.746410477149198,ERROR,LOW
2026-12-06T08:50:37,51.75275498894288,67.81710201780592,LOGOUT,CRITICAL
2026-07-22T09:36:56,75.3199503433523,172.9450934052403,ERROR,LOW
2026-07-19T05:19:07,-4.601831800602625,12.581241728848198,LOGOUT,CRITICAL
2026-01-27T12:45:50,-26.527252622003118,-117.32821633837487,UPLOAD,HIGH
2026-03-18T05:38:30,-88.26431802404387,117.79557257701975,ERROR,LOW
2026-05-03T17:03:03,33.168817693494844,-67.15406428758699,LOGIN,HIGH
2026-09-26T13:20:08,-34.96867855230819,-62.38269702029524,LOGOUT,HIGH
2026-10-11T02:11:58,-49.24328485970524,112.3804078257063,UPLOAD,LOW
2026-02-09T10:18:06,2.1391308427938043,130.8517172832547,PURCHASE,HIGH
2026-09-24T05:52:25,-3.8940884631985995,-74.68654915304575,ERROR,HIGH
2026-02-04T00:41:57,42.339720027553625,-20.630490278970967,ERROR,LOW
2026-08-19T02:24:20,55.632990535708416,31.986120161200148,LOGIN,HIGH
2026-03-29T04:20:29,-52.21797357161439,-37.42064022154648,UPLOAD,CRITICAL
2026-08-12T12:54:14,-43.74854445488315,-44.61458633484102,ERROR,HIGH
2026-12-18T20:51:36,-28.538090963076876,39.45289829012074,UPLOAD,CRITICAL
2026-11-03T22:05:54,-84.78123438277191,-166.70476704553076,LOGIN,CRITICAL
2026-08-20T07:11:00,9.738645413899249,-7.31139807377005,UPLOAD,LOW
2026-07-26T07:59:51,73.06575165772034,119.75771408680481,PURCHASE,LOW
2026-02-06T23:19:30,36.76891353202751,14.508928462880448,ERROR,CRITICAL
2026-07-22T18:01:09,-37.708311655906016,-76.50365754013936,PURCHASE,HIGH
2026-04-18T13:13:28,42.50206134333416,5.255922075602655,UPLOAD,HIGH
2026-08-29T11:51:28,45.19486374444776,144.33984296153568,UPLOAD,CRITICAL
2026-06-27T19:12:09,14.911006590188933,-22.305448193469942,UPLOAD,HIGH
2026-11-16T23:10:00,49.52345818407778,-3.499815178710037,UPLOAD,HIGH
2026-10-20T21:58:04,3.58187170889461,160.36122908139663,LOGIN,CRITICAL
2026-01-20T22:32:36,-57.75297965241478,-154.27544177473592,UPLOAD,HIGH
2026-10-11T22:36:27,6.986365390244771,57.719938777311484,LOGIN,LOW
2026-04-27T05:06:59,5.1869302785442954,-112.48868472764502,UPLOAD,HIGH
2026-12-16T00:37:07,-75.24912787093238,-174.82006450412504,PURCHASE,CRITICAL
2026-07-25T11:45:51,-36.135233604440586,167.57505099899447,PURCHASE,LOW
2026-11-03T18:28:19,-42.142341263108676,153.3473428651679,ERROR,HIGH
2026-10-23T08:50:04,67.29275397045666,8.30602346486583,ERROR,CRITICAL
2026-02-10T16:54:38,-75.0599681377371,81.40300302467944,LOGIN,LOW
2026-07-25T02:50:13,0.49994812540278133,90.71478036336799,UPLOAD,LOW
2026-10-29T02:53:08,-75.25511440588531,-91.52579173809548,ERROR,CRITICAL
2026-01-31T23:39:46,-40.48159636447729,149.916813978265,UPLOAD,LOW
2026-12-11T16:10:25,57.791910797949896,85.6398594839398,UPLOAD,CRITICAL
2026-12-23T02:18:45,65.96394042590828,123.7356145623977,UPLOAD,CRITICAL
2026-11-25T12:34:31,-59.95368696741006,-142.06818818817914,ERROR,CRITICAL
2026-01-19T06:00:59,-23.32682537427455,-126.78949384615836,ERROR,HIGH
2026-08-16T06:28:11,-52.60934889478977,116.32055136676661,PURCHASE,LOW
2026-09-01T21:25:21,59.230604307791054,-67.29085007291388,UPLOAD,CRITICAL
2026-10-19T14:30:13,-86.27984482185582,79.88844608727544,LOGIN,CRITICAL
2026-05-04T15:51:38,-54.87140340524485,62.40043775769303,LOGIN,CRITICAL
2026-10-17T02:26:02,-68.12318293798792,27.24237685506941,UPLOAD,LOW
2026-01-05T01:15:48,-45.24843832452097,128.7536408882571,LOGOUT,CRITICAL
2026-07-04T04:53:41,-34.67272129511686,52.67459088422538,PURCHASE,HIGH
2026-02-17T02:14:57,-46.19712389833294,-26.426912134777695,UPLOAD,LOW
2026-09-26T00:03:11,5.601382248522455,117.48664105388622,LOGIN,CRITICAL
2026-10-06T12:35:29,-67.85695100062364,-77.97345669577646,LOGIN,LOW
2026-04-27T06:01:18,-51.8080651116814,-14.02612600944741,ERROR,LOW
2026-12-18T18:27:08,-28.21481520026989,70.97759877314354,UPLOAD,HIGH
2026-03-21T20:43:06,-21.7593632910052,-35.25948516763805,ERROR,LOW
2026-03-26T06:53:37,34.23728140266397,3.476520325428339,UPLOAD,HIGH
2026-08-09T17:24:19,-45.83771528588651,-52.837253159895425,UPLOAD,LOW
2026-10-01T12:41:13,-88.71940796976061,-59.80917456717073,PURCHASE,HIGH
2026-02-05T02:06:01,-23.990750805166073,164.02549613329438,ERROR,CRITICAL
2026-04-06T15:46:40,-74.52932061911321,-59.64758940131439,ERROR,HIGH
2026-04-03T23:27:05,15.260970650030757,24.51593538327114,PURCHASE,HIGH
2026-11-03T17:58:19,67.89973378795554,-143.54568319962095,PURCHASE,LOW
2026-06-02T13:58:32,82.1733834012723,40.839955622937055,LOGOUT,CRITICAL
2026-12-20T19:15:42,-46.80284481587543,-4.982741881788712,ERROR,LOW
2026-11-29T03:36:14,-61.48656846548313,34.02048313510949,ERROR,HIGH
2026-01-02T19:40:35,-28.23922332718771,-90.22535841021914,LOGOUT,CRITICAL
2026-02-01T22:13:22,-22.012021949121163,-88.24052920704405,LOGIN,CRITICAL
2026-09-23T05:37:36,-15.802440838681079,-167.41370766171454,LOGIN,CRITICAL
2026-09-28T12:28:58,-6.871106083676736,161.56428781448847,LOGOUT,HIGH
2026-07-27T22:24:46,66.99463000345492,48.532855293576404,PURCHASE,HIGH
2026-11-18T15:42:51,-42.19182366346074,171.11264358751316,LOGIN,LOW
2026-03-15T08:45:46,30.470187521271185,16.870657506883674,LOGOUT,HIGH
2026-03-25T02:33:40,-88.51093912474383,-128.62442809955553,ERROR,LOW
2026-06-13T23:22:55,-65.8222367759582,128.5974236077044,LOGIN,HIGH
2026-09-04T03:04:17,-43.350649760977944,-82.58825061333516,LOGIN,CRITICAL
2026-10-21T04:54:12,14.222090403623952,33.111962334184824,LOGOUT,LOW
2026-08-12T10:35:56,-15.88293996808018,107.02359986428388,ERROR,HIGH
2026-06-06T04:08:28,-43.177008888639115,92.22172699721824,UPLOAD,CRITICAL
2026-09-26T18:25:26,75.57587385659573,25.080408919842114,LOGOUT,CRITICAL
2026-07-28T09:17:52,47.43564676102491,-79.84093771983378,UPLOAD,CRITICAL
2026-06-26T10:47:59,47.74693778553632,133.6207553384034,PURCHASE,LOW
2026-11-29T07:30:10,37.24413545938809,119.21693488445692,PURCHASE,CRITICAL
2026-10-18T17:36:44,70.69619731352782,-131.11747872450215,ERROR,LOW
2026-06-26T03:02:42,-42.14123070323559,-109.24344414727189,ERROR,CRITICAL
2026-08-06T11:07:06,87.32147515987802,103.98102550236132,ERROR,HIGH
2026-10-29T05:40:19,39.75179372593752,118.43996385217696,LOGOUT,HIGH
2026-03-22T21:09:59,16.31657146437334,93.6024065925053,LOGIN,CRITICAL
2026-07-11T14:59:09,-53.001642981858495,-10.838419202361365,PURCHASE,CRITICAL
2026-03-28T09:20:05,41.81365670358059,-102.79833893706596,PURCHASE,HIGH
2026-06-24T13:42:36,-87.49357916942226,-89.61519931297369,LOGOUT,CRITICAL
2026-01-04T06:33:41,18.907713459746148,44.167916839807845,LOGIN,HIGH
2026-03-16T22:54:11,2.2771952201637475,49.289613622465396,ERROR,LOW
2026-03-14T08:20:45,8.0911988242636,-37.47671985651186,PURCHASE,HIGH
2026-11-02T20:15:30,-59.96542547211112,-165.77307810948275,PURCHASE,LOW
2026-09-12T10:59:18,62.528831591229306,130.44832045704618,LOGOUT,LOW
2026-08-26T08:55:08,-83.72696257867658,54.85423034575439,ERROR,HIGH
2026-02-22T00:30:33,-88.68189507472837,92.866289769258,LOGIN,LOW
2026-01-22T23:31:23,37.309697301875275,-1.890748976110416,UPLOAD,CRITICAL
2026-04-16T16:15:43,-72.05313889902304,-102.56706880448782,PURCHASE,HIGH
2026-10-31T05:25:33,-46.76435596321551,18.301789399748714,LOGIN,LOW
2026-08-30T07:43:12,-3.1101866913910357,41.80522971931023,LOGIN,CRITICAL
2026-12-25T16:32:50,-64.00028567049125,90.23502662582115,UPLOAD,HIGH
2026-01-11T22:28:55,15.728707994775164,84.73633528417002,ERROR,LOW
2026-10-17T02:23:34,-19.84057369132755,-87.9266447454836,UPLOAD,HIGH
2026-03-21T11:48:45,-57.00019618911973,-45.65004923845606,ERROR,HIGH
2026-11-05T03:29:55,-64.05244653378435,-75.7394617420736,PURCHASE,CRITICAL
2026-09-08T18:13:52,31.22081129638319,-117.93911642642496,LOGIN,LOW
2026-07-27T05:13:38,59.118699818359715,-161.4176290276604,LOGOUT,HIGH
2026-05-29T13:49:43,4.651283604590645,-144.28196484211674,ERROR,LOW
2026-01-20T12:27:43,-4.519594593645209,-126.24865594047367,ERROR,HIGH
2026-09-27T16:49:22,27.503588725405464,-159.8074026679245,LOGOUT,LOW
2026-01-13T08:22:28,17.02022731557345,100.5958059822924,LOGOUT,HIGH
2026-12-13T21:48:36,54.465776343187855,79.7190127431981,LOGIN,CRITICAL
2026-05-20T23:05:14,-54.613102274621816,165.03702488342287,UPLOAD,LOW
2026-01-04T20:59:12,-28.986452492532585,-8.713411854435009,PURCHASE,LOW
2026-01-24T06:36:40,-72.75965564632486,-92.37779670087893,PURCHASE,CRITICAL
2026-01-05T18:52:13,-85.32056477863036,-13.89784665534171,UPLOAD,HIGH
2026-02-04T17:58:10,-55.88881943021461,100.32924601777358,ERROR,LOW
2026-03-04T05:37:00,-73.16564604902064,-106.49021152710239,ERROR,CRITICAL
2026-01-17T00:32:16,43.78399306294989,-9.85896111685173,LOGIN,CRITICAL
2026-06-01T09:38:33,-0.7894329305268144,-113.17036685956936,LOGIN,HIGH
2026-05-03T19:19:19,66.62498016632256,75.58028011359744,PURCHASE,CRITICAL
2026-06-08T06:17:36,52.622492165397404,179.56570072883414,LOGIN,CRITICAL
2026-03-06T22:15:59,8.488377223862358,177.4116011499516,LOGIN,HIGH
2026-11-20T23:37:47,-88.8680401305715,-87.53928430153749,LOGOUT,HIGH
2026-01-21T21:23:32,86.98506963332548,-127.9080896301648,LOGOUT,HIGH
2026-04-24T20:13:23,64.22913835624848,155.04248205468747,LOGOUT,LOW
2026-05-21T00:31:53,-64.03955596155126,53.26048599952537,LOGIN,LOW
2026-05-13T22:39:54,-57.404930750718066,148.0930171279366,PURCHASE,LOW
2026-02-25T02:45:13,81.78297454016138,148.99046106000924,LOGIN,CRITICAL
2026-04-16T11:28:09,-35.08363624257293,116.3854223533566,ERROR,LOW
2026-05-26T22:58:02,21.06433290294342,-105.03211406778502,LOGOUT,HIGH
2026-09-07T03:42:19,22.591785666063444,-66.30974267442215,LOGOUT,LOW
2026-07-02T15:44:40,-16.384448005240387,54.5564437480474,UPLOAD,HIGH
2026-10-07T16:45:05,10.294445636415162,169.38408217909074,LOGOUT,HIGH
2026-05-14T23:08:00,58.88902369564414,-50.727493685747675,UPLOAD,HIGH
2026-02-13T11:25:09,-21.192313084975126,-132.69123466255718,LOGIN,CRITICAL
2026-09-17T04:45:25,-70.1207806353238,163.8297448668681,UPLOAD,CRITICAL
2026-12-25T03:24:32,61.48685899649101,-118.5373687002633,ERROR,CRITICAL
2026-12-09T02:02:40,-17.171385446144726,92.6813016319478,PURCHASE,CRITICAL
2026-08-24T14:23:26,54.42007434707068,138.56261304694857,PURCHASE,HIGH
2026-08-04T22:19:11,-12.967221569944428,136.37094383678084,UPLOAD,CRITICAL
2026-06-13T14:48:36,-67.1576921753518,-13.100771482490728,LOGIN,LOW
2026-07-14T06:12:03,4.593401316271482,-67.69384202191874,PURCHASE,LOW
2026-07-18T12:28:00,44.856258046104216,-22.204080406493176,UPLOAD,LOW
2026-08-08T06:02:06,-70.28361720636732,-168.28955995551908,PURCHASE,CRITICAL
2026-11-25T16:44:50,12.105679836223345,-149.12854822437498,PURCHASE,LOW
2026-01-20T13:18:49,-17.34049392617861,85.31173930612107,UPLOAD,LOW
2026-06-02T15:22:50,19.427301534642226,82.93041218159948,LOGOUT,LOW
2026-11-02T00:40:24,-31.313635585184883,-97.03395828383495,UPLOAD,HIGH
2026-07-18T00:15:13,-11.331671560738812,-18.34294632049199,LOGIN,CRITICAL
2026-03-03T06:03:36,-68.89169603347585,26.67033335243991,UPLOAD,HIGH
2026-05-04T17:12:17,-40.62221051972493,-112.50300367703801,LOGIN,LOW
2026-01-26T14:24:03,89.61679302133581,-108.2513306464783,ERROR,CRITICAL
2026-12-31T14:15:14,43.6578536533504,131.83917228308417,PURCHASE,HIGH
2026-01-01T13:53:19,68.15686119694053,94.09049807793974,LOGIN,LOW
2026-01-09T00:12:12,-86.72873289333378,6.838974175491984,LOGOUT,HIGH
2026-10-16T20:30:05,38.57710718312492,-34.809795891960476,LOGOUT,CRITICAL
2026-02-13T04:44:15,20.19355774573434,-178.79087220268795,UPLOAD,CRITICAL
2026-10-26T07:22:41,50.06608607070939,179.73803693349112,LOGIN,HIGH
2026-02-16T06:11:40,-16.885117562876502,-179.0459596490014,UPLOAD,LOW
2026-05-30T07:38:31,12.189133581029935,86.89770777522932,LOGOUT,LOW
2026-02-23T22:18:13,33.3919767216219,-107.44505005944693,ERROR,CRITICAL
2026-11-19T23:43:07,14.755008378518681,11.495714338314116,UPLOAD,CRITICAL
2026-06-28T13:56:12,43.202274508364155,42.39933025913379,ERROR,LOW
2026-07-30T09:43:40,53.12820741496938,-58.73817452734289,UPLOAD,LOW
2026-11-28T21:10:05,65.98814058120084,17.140740998779705,ERROR,HIGH
2026-05-31T21:09:21,-45.91010699187605,-161.76160895600353,UPLOAD,CRITICAL
2026-07-20T00:36:49,-40.08059573789354,-101.11749016005679,ERROR,LOW
2026-12-12T18:22:15,-72.57940687133186,120.61175173487266,ERROR,LOW
2026-12-28T00:12:43,-72.69816730759706,137.65696965648726,PURCHASE,LOW
2026-09-15T03:42:41,18.743230402121483,52.474239267236015,PURCHASE,HIGH
2026-07-14T15:58:28,-64.5261077831587,26.399199564956035,PURCHASE,LOW
2026-01-08T01:22:01,-55.95973719309304,-86.48127488962452,LOGIN,LOW
2026-05-21T23:34:50,-53.37840781875292,94.55008928554105,PURCHASE,HIGH
2026-06-09T15:52:37,-84.60516109789918,-64.2054094745051,UPLOAD,CRITICAL
2026-08-20T22:35:28,-44.93108562373341,29.52167958472276,PURCHASE,HIGH
2026-06-17T17:59:43,-10.508984575505778,77.80105336994427,LOGIN,LOW
2026-08-02T19:22:17,-65.1693276460515,137.24444740881376,LOGIN,LOW
2026-10-02T07:33:56,48.59838394100572,147.6899414731322,UPLOAD,LOW
2026-12-24T13:05:05,-65.2009007523113,-99.90280550120761,ERROR,CRITICAL
2026-12-25T05:47:13,48.07042428864145,168.53255331818974,LOGOUT,HIGH
2026-02-24T15:46:37,-83.93747467131824,-55.205777136333595,LOGIN,HIGH
2026-04-12T18:45:43,33.98889138145073,145.74042088493366,ERROR,LOW
2026-11-03T16:14:42,74.29368722835167,49.38245318485829,LOGOUT,HIGH
2026-05-02T00:04:16,-61.241502529484826,154.99876290572365,PURCHASE,HIGH
2026-01-07T18:09:01,-88.48417197884125,-148.6116282834908,UPLOAD,LOW
2026-10-27T15:44:08,10.802463971638645,-129.78387714477057,PURCHASE,LOW
2026-08-02T04:36:14,-69.08483457869774,-29.277757273789348,LOGIN,CRITICAL
2026-03-10T14:51:52,51.534320664989934,170.83902059384457,PURCHASE,CRITICAL
2026-01-07T22:49:48,-38.36435482054538,131.85992420622358,ERROR,LOW
2026-12-10T01:36:03,-84.29271376915422,-12.726624186475476,LOGOUT,LOW
2026-01-22T12:11:31,-42.38960790064412,-32.97653668767671,LOGIN,LOW
2026-02-19T15:03:34,11.080368039120202,8.053772833919027,ERROR,LOW
2026-01-12T12:07:20,-73.8484068944072,136.43233111820768,LOGOUT,LOW
2026-12-18T02:37:54,-67.11259169724812,84.60291532035075,ERROR,LOW
2026-05-17T06:08:08,-73.87716634186492,-169.4285756666137,PURCHASE,CRITICAL
2026-10-05T19:21:36,-22.6329731786616,-0.8069432917664301,ERROR,HIGH
2026-10-19T19:50:10,-31.48158579774274,164.05930409850788,PURCHASE,HIGH
2026-05-29T06:57:58,40.57309723109475,169.43221684630907,PURCHASE,CRITICAL
2026-03-11T00:19:28,70.89005757852479,172.24898575492324,ERROR,LOW
2026-11-27T22:25:45,24.122355982454394,-42.18503283650975,LOGIN,LOW
2026-08-30T13:49:33,-74.13973420916994,-94.82478437972304,PURCHASE,HIGH
2026-10-07T07:13:45,43.83390399619134,45.33174897650474,LOGOUT,CRITICAL
2026-05-01T01:16:42,-1.4727435099931654,-126.39572491191123,LOGOUT,HIGH
2026-08-05T20:03:09,82.99845468948809,-150.09330379351343,ERROR,CRITICAL
2026-03-07T15:54:40,-60.627257904140464,-65.57388490087966,LOGIN,CRITICAL
2026-09-21T20:21:50,-67.28083157026003,-14.814970489261611,LOGOUT,HIGH
2026-06-25T22:51:18,87.63581380756796,3.379659512001723,ERROR,CRITICAL
2026-11-11T06:39:42,-20.263166514854632,-53.61033904941655,ERROR,LOW
2026-11-29T09:48:21,-66.59603752425947,174.08342799225318,UPLOAD,HIGH
2026-12-10T06:18:14,89.60216189606902,126.8284451699252,ERROR,CRITICAL
2026-11-29T12:54:52,61.97565293700433,104.43848836776846,PURCHASE,HIGH
2026-07-01T09:30:55,59.37647949526851,58.46092654371057,UPLOAD,LOW
2026-09-06T04:57:18,-52.61517178200923,-174.58389570459877,ERROR,LOW
2026-11-10T03:02:26,1.8467804386872757,0.21547677833666512,ERROR,HIGH
2026-02-26T12:51:07,-67.40026710664611,-67.24547750447701,PURCHASE,LOW
2026-04-30T11:02:07,-80.34343693179683,81.3809531252042,ERROR,CRITICAL
2026-03-01T04:06:05,80.54537027987325,-125.70627964081592,PURCHASE,CRITICAL
2026-06-18T02:12:31,61.82579387351876,37.65644897350461,PURCHASE,LOW
2026-05-19T14:42:34,-43.779976342098664,102.83569829124446,LOGIN,HIGH
2026-09-14T06:56:42,34.37214813943362,108.37074534520332,LOGIN,LOW
2026-02-09T06:05:25,30.704510866450818,40.48528028652623,LOGOUT,CRITICAL
2026-08-02T18:23:27,-75.544586512332,-127.16938073265737,LOGOUT,LOW
2026-11-29T21:26:44,30.36421863158202,-95.93937821373135,LOGOUT,HIGH
2026-09-20T23:39:54,15.616684272974013,-76.49992301941363,UPLOAD,LOW
2026-10-09T04:18:54,-78.34088195054,6.0541890546819275,UPLOAD,HIGH
2026-07-28T11:42:52,-85.82416133021536,-34.145353839884876,PURCHASE,LOW
2026-05-15T21:13:34,62.41360379532816,113.96112290227666,LOGIN,LOW
2026-02-05T09:11:18,-61.020384082705114,136.13855580676483,PURCHASE,LOW
2026-09-12T23:07:51,44.955337570710924,-150.38577639480678,LOGOUT,LOW
2026-12-02T05:30:45,-84.72463249174137,74.96390480191624,LOGIN,HIGH
2026-08-26T09:44:10,43.91535215967244,10.041330699609375,LOGIN,LOW
2026-07-12T21:18:42,-64.39002947444901,76.870789995738,UPLOAD,HIGH
2026-01-21T12:47:49,87.74177186579814,-107.05112681734533,LOGIN,CRITICAL
2026-03-20T07:27:44,-71.09377706765079,-19.180147958746858,UPLOAD,CRITICAL
2026-08-23T17:19:50,74.23544386352557,-162.18048670243112,LOGIN,HIGH
2026-01-13T14:18:15,78.90451135022298,-104.45162335624514,ERROR,LOW
2026-04-04T11:30:14,-70.75119171263098,68.3491860233062,LOGIN,CRITICAL
2026-11-16T11:31:12,-6.005741230048514,54.80336010246958,ERROR,LOW
2026-10-31T04:24:42,44.85870271096533,138.4653969624843,ERROR,LOW
2026-10-23T08:55:45,87.78506792473209,-52.27972532698928,UPLOAD,LOW
2026-10-08T07:16:37,1.3188143559298737,-144.53201674326965,PURCHASE,CRITICAL
2026-07-01T05:34:48,57.86560918613546,-61.68356841623151,PURCHASE,LOW
2026-09-02T03:46:52,-68.31354071298662,-105.82810979371082,ERROR,HIGH
2026-03-28T18:46:08,-29.21451527312663,-120.36654968395257,LOGIN,LOW
2026-07-03T12:28:07,76.07231609496623,20.92021517645142,ERROR,CRITICAL
2026-10-17T04:53:46,-89.37663924022546,-130.46334445044204,ERROR,CRITICAL
2026-10-23T07:56:01,-79.87714239425513,-98.38886224879792,LOGIN,HIGH
2026-02-11T01:58:29,-13.18464513906639,18.908931676249125,UPLOAD,LOW
2026-10-30T14:38:40,20.802502964412383,171.34126559290468,LOGOUT,LOW
2026-12-14T02:25:17,-53.49553002542035,34.459881160270356,UPLOAD,CRITICAL
2026-05-30T04:58:41,-44.763441930696985,-3.4523978906734953,LOGIN,CRITICAL
2026-03-18T21:10:19,-2.670361243243221,121.50045604710738,LOGIN,HIGH
2026-12-08T02:24:41,-14.539441609841035,130.78481762241762,LOGIN,LOW
2026-11-07T00:24:19,-38.37672532748149,-174.62723312865862,UPLOAD,HIGH
2026-11-01T14:56:02,-26.658362121924945,132.16736994162954,UPLOAD,LOW
2026-01-06T17:17:52,-59.45104124218425,-87.51846134002,PURCHASE,LOW
2026-11-07T01:39:04,48.24582579949214,-103.21657988814991,ERROR,LOW
2026-03-05T00:27:32,84.65001738342116,-136.2449972282864,UPLOAD,LOW
2026-11-03T13:12:02,88.79655502141503,36.88733608126847,ERROR,CRITICAL
2026-05-17T20:42:50,62.44486810312213,-86.55062449404686,ERROR,LOW
2026-06-01T01:07:24,54.152463522904526,65.60649369470826,PURCHASE,LOW
2026-06-19T16:29:20,21.55387449426081,-137.3780994972079,UPLOAD,HIGH
2026-09-28T16:20:16,44.74220610505748,135.88987633284842,LOGOUT,LOW
2026-05-05T23:53:50,-80.1146318581404,-138.44157232386885,ERROR,HIGH
2026-11-16T19:07:25,-63.86550836331297,-153.82813363084009,ERROR,LOW
2026-03-26T12:02:41,-54.42750956478596,-163.28856116145073,UPLOAD,HIGH
2026-12-13T17:23:15,50.718574435840054,-78.45505129193916,LOGOUT,CRITICAL
2026-10-18T12:24:07,35.07086605020703,43.201000941915,LOGOUT,CRITICAL
2026-02-23T04:29:58,-38.05948840432409,127.90060390100308,UPLOAD,LOW
2026-03-27T14:11:23,-85.7546840471074,-71.48600154642092,LOGIN,CRITICAL
2026-06-15T02:05:32,18.123663259196306,111.41624291877395,LOGIN,HIGH
2026-11-30T06:33:11,-48.84603151356333,-126.95036324608148,PURCHASE,LOW
2026-05-27T10:25:33,-4.271188903263749,-48.69777176593067,UPLOAD,HIGH
2026-09-29T04:29:46,-37.6557034792723,76.649448915628,LOGOUT,LOW
2026-09-17T07:50:57,66.19247263989791,41.2072166092741,PURCHASE,LOW
2026-05-01T08:05:15,8.99111074454143,-146.34993641726305,PURCHASE,LOW
2026-11-15T12:40:54,-68.67152200278937,93.97946014560324,ERROR,HIGH
2026-04-11T19:25:47,48.36733370164421,-124.03148579142817,UPLOAD,CRITICAL
2026-11-02T17:35:23,-13.592468544884852,165.2962351144896,PURCHASE,HIGH
2026-04-06T20:10:26,9.3257153082848,-64.45741811390522,LOGIN,LOW
2026-08-01T01:10:10,48.67711420167092,146.09982163946654,ERROR,HIGH
2026-11-10T11:27:46,-72.27350038202441,-95.68432082817617,PURCHASE,CRITICAL
2026-07-13T07:22:16,1.2041376361491274,-57.108182531438715,PURCHASE,LOW
2026-05-27T04:07:15,63.73474708944477,50.21705222443637,UPLOAD,HIGH
2026-03-04T10:32:32,-49.125105051820285,-41.9931390375653,LOGOUT,HIGH
2026-11-02T13:12:29,-37.31061981377229,93.01621843675133,PURCHASE,HIGH
2026-06-14T05:15:41,49.16954013156649,-11.317025341952501,LOGIN,HIGH
2026-01-26T02:39:17,-10.522269619150379,-170.16607101373882,LOGOUT,LOW
2026-11-18T03:21:37,0.007245268614198608,-135.89890383038397,ERROR,HIGH
2026-10-21T02:18:06,27.4209677168964,11.361110494783901,LOGOUT,HIGH
2026-09-16T02:19:46,40.078817092003334,-102.05530885478152,ERROR,HIGH
2026-04-30T04:28:28,86.16602391815755,10.827460927817697,LOGOUT,HIGH
2026-04-26T03:38:38,57.84083033443446,122.59318551880926,UPLOAD,HIGH
2026-10-02T01:23:38,-7.376625084061857,-114.81555806103236,LOGIN,LOW
2026-08-07T12:01:18,-58.903502227220386,-86.55834021115297,ERROR,CRITICAL
2026-07-25T02:02:14,-17.491204018684243,-126.89979343368816,ERROR,LOW
2026-08-04T12:58:47,2.914995030335973,-71.90734148821676,LOGIN,HIGH
2026-06-11T19:10:29,-12.85005938171669,-131.0015719853132,ERROR,CRITICAL
2026-12-13T13:28:21,-22.095548786411612,-105.52520743180767,ERROR,LOW
2026-11-30T20:40:30,60.27027150357685,-105.65019622811313,PURCHASE,LOW
2026-10-10T04:40:27,8.728173628755812,151.50486696004288,ERROR,HIGH
2026-09-26T14:26:43,-65.09463202607472,37.34714035046787,LOGOUT,CRITICAL
2026-06-17T11:25:25,39.96640094154287,120.9224138488326,UPLOAD,LOW
2026-06-07T20:16:01,71.26575127935368,69.86974247452196,PURCHASE,CRITICAL
2026-12-23T17:15:02,78.50277345029113,177.71333472146358,UPLOAD,CRITICAL
2026-04-01T18:45:48,-58.25431681904058,69.81181562288998,PURCHASE,LOW
2026-04-11T20:39:22,-88.91524178956776,103.75443763392985,UPLOAD,CRITICAL
2026-10-27T19:35:17,-63.93775354796823,-107.99467319268153,ERROR,CRITICAL
2026-02-02T13:08:49,82.25875707615157,-62.14612145256082,ERROR,HIGH
2026-04-10T22:53:03,49.772099119351964,-66.86258324185954,PURCHASE,HIGH
2026-06-24T20:27:53,-79.60085874338324,-9.471608250819287,UPLOAD,HIGH
2026-07-14T02:34:49,37.92238981291776,-56.065712782079146,LOGOUT,HIGH
2026-11-27T07:35:32,-76.14460061784555,73.60693358298991,LOGIN,LOW
2026-11-19T19:05:56,50.62613662223794,-86.51808997259643,LOGOUT,HIGH
2026-03-23T13:52:53,64.85640997021954,89.84850303400759,LOGOUT,HIGH
2026-10-10T23:26:32,-52.87643125320057,-158.53093196287782,LOGOUT,LOW
2026-09-07T21:31:40,-63.499492654307495,-142.8165200478579,LOGIN,HIGH
2026-11-19T09:23:37,-23.221489211732248,139.32260108317786,ERROR,CRITICAL
2026-02-16T20:55:51,84.36816102659378,-141.6211364250155,LOGOUT,LOW
2026-10-30T16:53:13,-36.984959778408474,42.043711825420814,UPLOAD,HIGH
2026-02-14T06:44:37,-37.98897886069958,121.37389688860912,ERROR,CRITICAL
2026-08-03T22:36:41,-48.11598788329401,-45.073116546424444,LOGIN,HIGH
2026-08-13T16:48:05,-88.58454706281826,30.425090404838613,LOGOUT,LOW
2026-01-12T11:46:47,71.72797838175975,88.87584975924432,UPLOAD,CRITICAL
2026-01-06T09:41:22,-72.78203532517624,172.54739612768617,PURCHASE,LOW
2026-09-21T13:05:14,-18.446279254892687,-1.6359628857888993,LOGIN,LOW
2026-06-14T00:08:53,8.346093032875586,132.60655243488424,ERROR,HIGH
2026-12-10T03:10:18,69.67064974237366,-173.0423500256776,LOGOUT,LOW
2026-06-05T08:50:56,76.29316251667785,-19.566639964626575,LOGIN,HIGH
2026-09-24T03:00:04,-88.05954389687469,-168.1566731271602,UPLOAD,LOW
2026-03-23T01:01:31,-56.74506281026909,120.6470635919398,LOGOUT,HIGH
2026-12-23T01:23:05,-39.66066548368097,27.92595118728002,LOGIN,HIGH
2026-03-04T02:27:58,11.37625463422141,101.70710861456729,ERROR,LOW
2026-12-22T16:37:06,9.937263883346958,14.375246167371131,UPLOAD,LOW
2026-10-15T22:39:21,-18.414263754175806,154.66609952624663,PURCHASE,LOW
2026-03-02T16:34:37,68.57575269760883,41.6816024651373,UPLOAD,CRITICAL
2026-05-07T05:41:07,-70.42937229723822,37.30433254565426,UPLOAD,LOW
2026-02-19T09:46:53,-6.836880101795643,-123.11867507643753,ERROR,LOW
2026-07-30T01:43:20,65.01221772775943,-122.37648396096557,UPLOAD,LOW
2026-11-16T07:53:32,-20.22899478675754,-54.69779584707122,LOGIN,HIGH
2026-10-27T23:19:40,11.378203981211428,-25.47433360353199,LOGOUT,HIGH
2026-10-07T01:09:01,-14.4393658529129,-37.75217330070291,PURCHASE,LOW
2026-06-26T04:01:10,65.34227438209055,19.067315995899264,PURCHASE,HIGH
2026-03-21T18:33:01,15.860178828726376,-84.68100350771604,UPLOAD,HIGH
2026-01-10T02:03:23,-8.52415852173067,-179.79460580617507,UPLOAD,HIGH
2026-04-28T00:48:36,56.891615245506614,-29.269493897660624,ERROR,HIGH
2026-10-20T15:28:37,-15.69900980317776,133.5734376893352,LOGOUT,LOW
2026-07-31T21:44:10,-88.1586787125519,77.35262790360883,LOGIN,CRITICAL
2026-11-24T03:46:49,61.99963041332603,34.20786929670484,LOGOUT,LOW
2026-10-27T16:16:24,-76.00422141893728,-46.29468947956997,PURCHASE,LOW
2026-08-29T15:59:24,-84.13660220571825,-86.74269709589333,UPLOAD,LOW
2026-08-16T02:33:33,-49.46930027601503,143.55081302282122,PURCHASE,LOW
2026-04-07T00:41:16,-52.8678052783283,-177.63820510606757,LOGOUT,LOW
2026-05-19T20:20:10,-77.89758185049399,-124.57287541440503,PURCHASE,CRITICAL
2026-11-09T18:30:19,-30.35074485890984,127.26252429510026,LOGIN,LOW
2026-08-29T01:57:53,69.25252282090017,-98.55284842735672,PURCHASE,HIGH
2026-05-08T14:24:30,53.31863350588404,65.86213829432697,LOGIN,LOW
2026-11-29T04:07:29,-17.132377292505296,1.545710956583747,UPLOAD,CRITICAL
2026-04-21T14:52:25,35.125668503390216,-105.06555062114161,LOGOUT,LOW
2026-03-16T20:32:33,67.52646557387871,-73.96442990058155,LOGOUT,HIGH
2026-12-23T22:58:20,-60.6219516204507,-26.368294897566955,LOGIN,CRITICAL
2026-01-11T08:25:02,-27.57246820941929,88.78358532898733,UPLOAD,CRITICAL
2026-03-31T12:20:09,-67.95920742497887,119.39518412746861,PURCHASE,HIGH
2026-02-05T03:12:10,-60.89538635055209,28.723510956105542,ERROR,HIGH
2026-10-19T19:09:12,17.719964762836113,-67.29950780598475,UPLOAD,CRITICAL
2026-08-27T18:14:24,-65.89848524892187,-159.68094138469112,LOGOUT,LOW
2026-07-12T18:54:15,-17.732070120753164,-152.90857454237374,ERROR,HIGH
2026-08-17T08:32:23,-23.0948532371675,-122.38087964353004,LOGIN,HIGH
2026-03-12T18:42:53,17.153560515324116,132.10712027961472,LOGIN,CRITICAL
2026-03-20T21:29:25,72.30366796750283,-56.91678208136352,LOGIN,CRITICAL
2026-02-21T10:25:18,-57.45393580798673,-19.318122063838928,LOGOUT,LOW
2026-07-07T01:00:04,-22.972132848341445,80.11696475954068,LOGOUT,HIGH
2026-11-29T00:54:22,81.1423175732233,-9.557082692826611,LOGOUT,CRITICAL
2026-11-28T06:58:28,1.5652696290608787,150.41143494480144,PURCHASE,HIGH
2026-02-09T22:57:48,71.51383849253597,-128.9278738764001,LOGIN,CRITICAL
2026-06-15T08:01:48,-68.31620498938564,111.11455795111442,LOGOUT,LOW
2026-01-02T18:01:52,12.794741293463616,-122.99789072912847,UPLOAD,HIGH
2026-05-03T11:47:17,67.42078650546924,-82.62643827505119,LOGOUT,LOW
2026-10-01T20:28:45,-70.93894994778165,-52.62016468651619,LOGOUT,HIGH
2026-05-18T17:21:05,-88.21204306778975,-146.12862663324117,LOGOUT,CRITICAL
2026-10-27T18:33:52,-64.87667740832157,29.479208814688093,LOGIN,HIGH
2026-04-03T08:06:35,29.914269234515118,-162.2270272204809,ERROR,HIGH
2026-12-23T06:05:32,16.430345348858737,49.576050119673624,PURCHASE,HIGH
2026-08-24T03:20:21,85.28845595443968,-45.229774942452536,PURCHASE,LOW
2026-03-01T13:05:47,84.73460925233644,0.6186154208498067,LOGOUT,CRITICAL
2026-11-14T22:15:50,-44.21297868273513,107.24220427234553,PURCHASE,CRITICAL
2026-12-28T20:44:02,7.146112638853836,-140.59392234197054,LOGOUT,CRITICAL
2026-12-27T06:31:11,84.44289074343635,-71.09599800558482,UPLOAD,HIGH
2026-07-11T07:43:14,-82.53947796183847,-2.624649790994482,ERROR,CRITICAL
2026-03-19T00:03:00,83.09563485990856,137.02594015309313,LOGOUT,CRITICAL
2026-08-17T23:10:11,87.51192063446496,-25.200583878573383,LOGIN,HIGH
2026-12-05T21:17:14,21.152019572973884,-159.42247286636757,PURCHASE,HIGH
2026-10-06T05:26:25,7.722307293058847,-75.65899561634214,ERROR,HIGH
2026-01-23T06:21:17,69.01567409603118,-59.92432691786938,UPLOAD,HIGH
2026-10-13T12:56:30,4.912506755239264,-110.84204123440954,UPLOAD,LOW
2026-10-28T22:00:33,-32.28497783910684,-22.592477978642876,ERROR,LOW
2026-06-07T02:30:00,51.93649985598171,-173.52379362079367,UPLOAD,HIGH
2026-06-04T12:41:00,-3.194096367364594,57.04637356415674,LOGOUT,HIGH
2026-04-29T12:08:38,76.31599887465805,130.41487306989882,PURCHASE,CRITICAL
2026-05-25T22:46:33,-75.57244225269253,30.816804327401798,LOGOUT,CRITICAL
2026-03-03T18:12:39,-58.92956813393502,133.04749761619195,LOGIN,LOW
2026-07-27T02:33:49,-56.99681368857343,82.56099735567858,ERROR,LOW
2026-10-21T23:07:35,68.92613722379707,-72.04473643749978,LOGOUT,CRITICAL
2026-06-09T16:33:38,-56.03346984075883,93.772455235591,LOGOUT,CRITICAL
2026-01-05T22:29:16,-73.68485902849812,160.47503963880047,LOGOUT,LOW
2026-12-25T02:12:16,-40.76514590014434,-76.50953587067593,UPLOAD,LOW
2026-08-19T16:40:59,-87.93995915464326,-175.15989588220097,ERROR,HIGH
2026-03-08T02:45:37,59.665550029667685,-20.381752145940965,LOGOUT,HIGH
2026-06-04T18:18:25,-89.95559031360065,150.68188055735743,PURCHASE,LOW
2026-08-14T12:37:56,-24.964828808191854,-110.08608917415027,LOGIN,HIGH
2026-11-21T15:39:17,-38.69274037731542,-165.83827699158564,LOGOUT,CRITICAL
2026-01-30T01:50:59,-81.0175948387512,93.69295411098591,UPLOAD,LOW
2026-04-06T09:15:14,-23.26760294032995,-107.71480892637679,UPLOAD,LOW
2026-02-22T05:20:23,-61.14202161417788,121.08741258773898,LOGIN,LOW
2026-08-18T20:46:46,-50.00529923425713,126.78406925562058,LOGIN,HIGH
2026-01-09T06:13:45,77.71756213305733,-128.31618066053622,ERROR,CRITICAL
2026-01-15T11:23:56,-32.333256661926484,-78.84482306179422,LOGIN,CRITICAL
2026-10-18T15:14:31,-14.762643951389038,122.59545400560978,ERROR,HIGH
2026-12-04T23:51:43,-66.63616187597799,-78.70313049390981,UPLOAD,CRITICAL
2026-12-31T19:46:36,-26.282055513127112,-174.69886715650972,PURCHASE,LOW
2026-06-29T19:44:29,-58.77645286933084,-82.30431472869716,LOGIN,HIGH
2026-11-17T20:23:28,-13.390070657236436,-127.21927144631529,LOGOUT,CRITICAL
2026-02-13T05:36:58,-52.99451979289218,132.2448050899897,LOGOUT,HIGH
2026-02-14T12:45:59,-87.76245478000834,157.26837460192377,UPLOAD,HIGH
2026-04-20T22:48:59,38.2592333612414,167.39913610144123,PURCHASE,LOW
2026-12-31T13:14:11,-53.99106540698624,-144.30895939415555,PURCHASE,HIGH
2026-12-16T11:56:19,57.08292418559623,-138.13048683448477,LOGOUT,HIGH
2026-03-11T09:23:29,-6.494037772891659,57.057248071681556,ERROR,CRITICAL
2026-05-21T14:11:55,-4.210417783379938,-28.719624564450896,LOGIN,HIGH
2026-11-30T11:13:35,34.658373277761655,104.41407926650965,UPLOAD,HIGH
2026-03-11T22:17:16,22.261624004260057,-163.7989564630076,PURCHASE,HIGH
2026-11-11T03:02:49,-77.49694105082257,-61.994232617279295,PURCHASE,LOW
2026-07-18T16:25:48,9.086222346488029,-172.88178474246007,LOGIN,HIGH
2026-08-29T16:13:58,20.789240908874177,-112.0371709609271,PURCHASE,CRITICAL
2026-03-12T23:22:23,-82.58825332822752,-119.26796895763869,UPLOAD,LOW
2026-06-22T22:27:45,-34.62255844481613,97.73842585261815,LOGIN,HIGH
2026-03-07T07:54:28,-50.57562687724619,-55.6738362146599,PURCHASE,LOW
2026-07-14T13:30:05,58.30465175188937,26.13581815354698,ERROR,CRITICAL
2026-10-23T11:41:13,89.53798146501515,-120.41719340371532,PURCHASE,CRITICAL
2026-05-24T14:04:09,44.164309803925505,-43.73988253515952,LOGOUT,HIGH
2026-08-06T06:05:48,12.207594271475358,-78.88536656083772,ERROR,LOW
2026-03-18T20:11:19,2.829185263046753,84.21919505443583,PURCHASE,LOW
2026-09-11T12:52:53,-87.82417061727112,164.62021619943266,UPLOAD,HIGH
2026-03-30T05:03:56,0.15476597392145663,-58.60218297469825,PURCHASE,HIGH
2026-10-16T03:10:54,79.84916961360753,-117.22281193067664,ERROR,CRITICAL
2026-04-19T04:03:39,-47.79794992631916,100.88275352409403,UPLOAD,LOW
2026-11-21T08:53:56,53.6549695272017,29.358378359410978,LOGOUT,HIGH
2026-07-27T05:47:49,-76.02253640343962,61.90618450822515,LOGIN,HIGH
2026-07-09T19:16:55,62.357394818647265,48.63276353332006,LOGIN,HIGH
2026-03-28T06:23:31,-7.990074672296728,164.2266178604255,UPLOAD,HIGH
2026-04-18T02:42:39,-51.789839846890004,-161.5574382049997,ERROR,LOW
2026-07-30T13:58:13,45.43952883218978,123.56688465667565,PURCHASE,HIGH
2026-04-10T13:53:18,71.29753108722636,125.66867923920881,LOGOUT,CRITICAL
2026-12-07T12:43:58,-20.21409976554436,-95.81758152330237,UPLOAD,LOW
2026-05-23T19:36:47,28.641882191957762,137.61649675549904,LOGIN,CRITICAL
2026-05-25T18:26:25,56.96575621631186,88.75613256703582,UPLOAD,LOW
2026-12-31T10:21:30,-79.23411572838211,-16.98787144470174,LOGOUT,CRITICAL
2026-11-24T10:28:43,-70.200622364903,99.745547668102,PURCHASE,HIGH
2026-01-16T22:14:17,35.55077539232347,53.932348362004376,UPLOAD,HIGH
2026-01-08T22:27:26,-37.7899311800842,-94.97235856352204,ERROR,HIGH
2026-01-13T22:03:48,-29.257033155139176,-166.8582078662388,LOGOUT,HIGH
2026-04-14T16:42:17,74.67243132341682,33.17044841729535,LOGOUT,LOW
2026-01-11T12:07:19,-18.65555162021178,52.06036119469536,LOGOUT,LOW
2026-11-14T10:56:16,-17.180726939584503,72.30349514577571,LOGIN,CRITICAL
2026-12-29T08:20:20,-65.5849226344634,84.5624010713965,ERROR,HIGH
2026-12-11T19:23:08,64.37190253710358,148.04084008089438,PURCHASE,LOW
2026-08-27T13:46:08,-87.09395558537899,4.284266850083355,UPLOAD,CRITICAL
2026-07-16T22:12:15,-12.436576640327061,-101.5092046494984,PURCHASE,CRITICAL
2026-08-21T03:51:02,55.50086951823005,-163.1913004860588,ERROR,LOW
2026-08-11T09:24:07,-15.352192992098196,-70.31522598337064,LOGOUT,CRITICAL
2026-07-20T00:29:42,34.847912126966705,132.64486719082453,UPLOAD,HIGH
2026-06-05T06:27:07,-85.66732888266164,123.78046269244356,PURCHASE,LOW
2026-11-24T17:10:55,30.7342215971955,-71.03400732904218,LOGOUT,LOW
2026-11-18T17:34:53,-68.76931693401579,-16.051942548708837,PURCHASE,CRITICAL
2026-11-29T14:40:12,10.986197263492187,95.39792606277143,LOGIN,CRITICAL
2026-12-02T16:01:58,-17.73490993005845,80.3838580802194,LOGIN,HIGH
2026-06-01T18:05:33,-52.932105856929546,122.01692299566571,LOGIN,HIGH
2026-10-24T07:43:53,-60.68532687411847,155.1357211647677,LOGIN,HIGH
2026-03-16T10:22:50,79.83096886966533,28.87797541385558,LOGOUT,CRITICAL
2026-11-22T22:53:36,20.827743369464415,62.24540500544509,UPLOAD,CRITICAL
2026-12-28T08:47:00,-61.24711432831845,-136.80070756176994,LOGOUT,HIGH
2026-09-30T19:06:10,-31.88553084552595,138.08493939792498,LOGOUT,LOW
2026-06-30T01:32:11,-73.72133625777509,85.51358408623366,LOGIN,CRITICAL
2026-06-14T05:36:28,58.024535845835004,-69.13404837348654,PURCHASE,LOW
2026-06-07T08:58:19,15.716208313022634,-123.21537397150303,LOGOUT,CRITICAL
2026-09-28T02:07:12,16.444512876877198,67.30676817391094,LOGOUT,LOW
2026-09-19T23:27:53,48.7948888743889,164.75085942194295,PURCHASE,CRITICAL
2026-09-06T10:44:59,18.27072996362459,-173.06003331643566,PURCHASE,HIGH
2026-10-29T00:20:18,11.80454350925416,172.22211801019938,ERROR,LOW
2026-05-28T17:24:40,17.78659188996106,-157.13661535013557,PURCHASE,CRITICAL
2026-06-20T13:32:24,-55.82683458657179,-47.56880720669872,UPLOAD,CRITICAL
2026-03-05T01:44:03,82.54620149643014,-82.24042502403194,UPLOAD,CRITICAL
2026-10-16T08:35:37,49.63927917203674,57.12802323017931,LOGOUT,LOW
2026-09-28T20:00:13,-63.594344549582914,133.7634954582573,LOGIN,HIGH
2026-10-09T10:29:58,6.979895234825364,-30.857298003648594,UPLOAD,LOW
2026-05-31T01:10:45,24.123183547280192,163.38533692599475,PURCHASE,CRITICAL
2026-03-28T03:16:11,32.004148963850724,-56.2536615290482,UPLOAD,CRITICAL
2026-12-02T10:14:37,46.00894344264435,145.05565771169876,LOGIN,LOW
2026-05-28T10:15:21,27.0884493974189,-89.06481059123308,UPLOAD,CRITICAL
2026-09-13T14:35:13,-64.4549633396756,125.97170230342164,UPLOAD,LOW
2026-05-08T14:28:18,-89.73491433301295,158.21365923849186,LOGIN,LOW
2026-07-04T20:12:45,-80.20814144130921,35.66774451611602,LOGOUT,HIGH
2026-09-02T23:34:56,-36.29811460036314,-19.344046140158326,LOGIN,LOW
2026-01-13T01:45:34,2.3719466718934257,14.191643083992346,UPLOAD,CRITICAL
2026-12-15T20:20:09,65.91036195284994,129.24103456446824,ERROR,LOW
2026-06-06T03:56:51,-62.959924674297994,-120.38241523333059,ERROR,CRITICAL
2026-03-09T12:25:46,27.230758045773044,97.34191765303666,PURCHASE,CRITICAL
2026-05-07T16:51:39,45.407864677717924,-169.13134129505747,LOGIN,HIGH
2026-02-27T04:59:01,2.9412252558441594,57.51758939477281,PURCHASE,CRITICAL
2026-03-13T09:36:46,25.485468480231262,-11.906396543349985,PURCHASE,LOW
2026-01-30T05:29:32,-14.589293173174255,-179.21439593826503,UPLOAD,CRITICAL
2026-02-13T15:01:19,39.461822569156766,138.44098956856618,ERROR,LOW
2026-03-08T14:24:26,53.9656342938886,-33.78797634624897,LOGOUT,LOW
2026-08-05T11:59:26,-84.04314968385489,-131.95120317755723,LOGIN,LOW
2026-08-31T16:29:39,-68.3915603002004,-159.5453087328602,LOGOUT,HIGH
2026-03-17T13:58:27,31.05321036460913,137.65073668392398,PURCHASE,HIGH
2026-03-26T19:05:42,-31.30855705922582,34.15036095183092,LOGOUT,CRITICAL
2026-04-09T06:53:34,-29.8785813175323,7.891441620648266,ERROR,LOW
2026-02-01T13:03:11,-57.8443130703914,84.88249204081535,PURCHASE,CRITICAL
2026-12-28T08:23:20,28.394943070923915,-72.62762681819305,PURCHASE,LOW
2026-06-08T09:10:30,17.40073579059633,30.804076436228428,LOGOUT,LOW
2026-06-28T01:48:11,-24.43826448354183,-176.77622299082387,UPLOAD,HIGH
2026-08-10T07:37:52,-8.757147692796394,116.25050555087967,LOGIN,LOW
2026-08-25T22:01:49,-22.189945155199368,93.97622318259886,LOGIN,LOW
2026-12-23T15:05:26,45.75858542960819,-92.77810234460425,PURCHASE,LOW
2026-11-24T22:57:11,47.67392084338894,68.29408489914184,LOGIN,HIGH
2026-05-18T19:31:59,-49.98493950283367,95.07538164384022,PURCHASE,CRITICAL
2026-10-20T18:51:00,-75.75134570908386,11.803848843685614,ERROR,HIGH
2026-10-30T11:43:45,79.49347518465402,64.68108151746242,LOGOUT,HIGH
2026-11-18T04:50:32,36.30354917761615,122.54405435759713,UPLOAD,CRITICAL
2026-02-27T00:55:46,-68.6058407767857,134.7401897465129,UPLOAD,HIGH
2026-07-13T13:32:44,-45.221457234034425,-47.00207516908435,ERROR,HIGH
2026-03-01T03:15:38,89.83129200015509,165.8628759218925,LOGOUT,HIGH
2026-01-15T22:17:24,-21.391292269663623,110.44698481927344,UPLOAD,CRITICAL
2026-07-25T10:04:27,-16.60452700356629,30.710582632783456,LOGOUT,HIGH
2026-08-14T19:45:24,-34.12585048339837,113.97477637571592,LOGOUT,LOW
2026-10-18T16:28:35,-80.9104107973214,-87.63397464932285,UPLOAD,CRITICAL
2026-05-31T06:39:00,-56.786599830974644,166.04856333034058,UPLOAD,CRITICAL
2026-02-20T00:36:15,-88.0056657709949,-29.896962766827272,LOGIN,HIGH
2026-12-28T17:25:42,12.455271519819192,-33.05468780032206,LOGOUT,HIGH
2026-05-27T09:28:42,19.849108437806436,32.40307485405509,UPLOAD,CRITICAL
2026-11-15T21:24:07,-62.22241233410102,149.33273453567404,UPLOAD,CRITICAL
2026-08-01T21:14:11,-45.369298318322585,-64.57814432279447,UPLOAD,CRITICAL
2026-07-05T10:14:33,65.72903659236991,-36.06579095011921,UPLOAD,HIGH
2026-10-03T18:45:24,-0.8222010644587527,39.92941578794108,PURCHASE,HIGH
2026-01-05T19:10:42,-35.80058215666378,-91.05873963437604,UPLOAD,LOW
2026-01-19T23:22:06,4.186316658220292,132.09608175376496,PURCHASE,CRITICAL
2026-11-12T18:37:37,-45.53651811766465,-62.146575808144064,UPLOAD,CRITICAL
2026-10-17T17:33:23,-55.87210896843162,95.196894227092,LOGIN,LOW
2026-02-18T22:54:54,-17.558831857354676,-169.44085388190416,LOGIN,HIGH
2026-04-26T12:48:56,-81.05933817158,172.3999437463341,ERROR,HIGH
2026-02-27T00:13:12,61.21363916284699,80.7756116160561,LOGIN,HIGH
2026-10-15T20:24:10,27.371385984422986,-98.34160874004257,LOGIN,HIGH
2026-10-11T22:14:42,78.4410545343469,-154.5418930174278,PURCHASE,LOW
2026-01-07T11:29:37,-53.25745602707927,112.14986329502045,ERROR,HIGH
2026-03-01T03:35:32,72.20400135518759,123.70193627240548,ERROR,LOW
2026-01-13T21:11:08,16.458610671174213,14.452628467383562,PURCHASE,CRITICAL
2026-05-30T00:45:26,-36.51791744859218,87.22181829009617,LOGOUT,HIGH
2026-12-19T20:40:45,-87.95582503593585,43.59050176340011,LOGOUT,LOW
2026-07-21T09:36:39,-57.122738197179125,-58.73989776228147,LOGOUT,LOW
2026-08-10T10:54:26,77.84785037641424,177.59742851246455,ERROR,CRITICAL
2026-11-07T20:15:54,-71.58511748888087,159.57979629909067,UPLOAD,CRITICAL
2026-06-05T14:35:48,-67.48157601976943,157.5693366275624,UPLOAD,LOW
2026-09-10T01:26:40,87.79272686179854,-46.7922348914492,UPLOAD,LOW
2026-12-08T12:06:20,-89.223508422587,-9.411094507594186,PURCHASE,LOW
2026-09-01T20:53:43,78.34368154779125,-18.5148338850787,ERROR,HIGH
2026-02-09T00:45:55,78.56051336761271,-24.979164258587815,PURCHASE,HIGH
2026-03-01T09:27:33,46.3852198243635,54.589460265090224,PURCHASE,LOW
2026-05-01T05:52:06,-45.376413440909374,158.1755446690865,ERROR,HIGH
2026-02-16T19:17:25,37.94782496546226,-65.5244398028121,LOGIN,CRITICAL
2026-03-17T09:48:23,-3.2108634793333266,42.722209942858456,ERROR,LOW
2026-01-05T22:40:39,-80.67063533279214,-3.530885439272936,LOGOUT,CRITICAL
2026-03-07T20:23:51,-76.81057446197251,176.6085638809605,PURCHASE,LOW
2026-03-29T16:11:45,-14.572131667219267,92.72495960604806,LOGOUT,LOW
2026-02-26T22:31:47,35.10176271226008,119.9973552221428,UPLOAD,CRITICAL
2026-10-08T11:42:14,-77.22312222166707,-108.6206553456999,ERROR,LOW
2026-03-23T13:02:10,-7.268067544276562,-111.64417067634173,LOGOUT,HIGH
2026-11-27T19:12:12,89.33516663232149,-80.97779762159054,ERROR,HIGH
2026-08-02T13:54:25,19.608069062347525,100.70306075763773,ERROR,HIGH
2026-01-10T23:17:12,-10.09233746705479,165.15683913555915,ERROR,LOW
2026-10-28T18:33:15,-49.41132145569934,175.12022781109818,LOGIN,CRITICAL
2026-11-22T00:51:09,-5.321514200888629,-64.31300440849455,UPLOAD,LOW
2026-11-02T10:02:11,-5.180939336288816,-167.71822935428818,UPLOAD,HIGH
2026-02-04T21:15:41,-3.002172819422398,-93.99877946104932,LOGOUT,CRITICAL
2026-08-19T07:59:41,-27.519609226865626,-83.52556491938914,ERROR,LOW
2026-04-10T08:09:56,-83.33290734214084,113.01949848543734,UPLOAD,HIGH
2026-07-17T15:08:16,-89.73798795062031,-55.325977533614264,LOGIN,CRITICAL
2026-10-14T01:39:59,55.39689002319062,-64.454059583909,ERROR,HIGH
2026-04-16T08:13:09,39.296381504371794,42.89563910114927,PURCHASE,LOW
2026-08-22T21:37:54,29.952981926911818,151.85718047182115,LOGIN,CRITICAL
2026-07-11T00:48:42,57.82646898257045,-179.03057710671254,PURCHASE,LOW
2026-08-17T06:59:35,-45.75060829068028,118.39485919786523,LOGIN,CRITICAL
2026-05-01T23:13:34,-32.59202077461839,-67.76703505067023,UPLOAD,HIGH
2026-01-08T03:16:02,89.00298503790131,-90.48795389000689,UPLOAD,LOW
2026-03-11T05:02:51,-75.34171726726785,14.265953665138113,LOGOUT,CRITICAL
2026-05-29T14:16:01,-19.141875964327312,-122.28528919678288,LOGIN,LOW
2026-07-19T12:25:04,-23.085589373402755,115.47638174769082,UPLOAD,HIGH
2026-09-23T19:56:03,80.73353685562472,46.20313160089154,LOGIN,CRITICAL
2026-06-22T17:59:09,6.152076253945239,-175.5188732254607,ERROR,HIGH
2026-03-03T03:31:12,19.454489392091418,-58.33938961777474,ERROR,HIGH
2026-09-26T18:21:57,-11.280714365296689,36.11273433560709,LOGOUT,CRITICAL
2026-04-02T22:29:00,-28.341756390408186,-29.691476765465666,LOGOUT,LOW
2026-12-29T03:54:29,-55.822775595767425,174.7633073377027,PURCHASE,HIGH
2026-11-27T02:36:48,-86.28029577013285,146.8379013434228,LOGIN,HIGH
2026-07-09T06:43:46,-82.33713067318469,79.14033105510202,UPLOAD,CRITICAL
2026-07-07T13:35:14,88.63203715076912,-164.67835683547622,LOGOUT,LOW
2026-09-21T21:23:18,38.81496966739897,35.81467249799479,UPLOAD,LOW
2026-07-30T01:06:01,61.037222371395245,116.03690482223055,PURCHASE,LOW
2026-01-31T15:02:08,-73.46240821522038,65.06980559391667,LOGOUT,HIGH
2026-05-28T00:32:59,-71.95320444312146,-59.297124792926084,PURCHASE,CRITICAL
2026-05-12T11:04:47,10.957898113639843,-56.552319387470405,ERROR,LOW
2026-03-14T10:01:59,28.465127061865303,-139.88218207776654,ERROR,LOW
2026-04-25T16:06:10,88.95509914955443,107.53933940938037,LOGOUT,LOW
2026-01-08T00:36:21,-33.562899525014686,36.223090334193216,ERROR,CRITICAL
2026-01-03T17:20:30,-4.311217174431178,162.71026684455018,PURCHASE,CRITICAL
2026-04-19T03:57:23,-36.672141354943925,81.5074200284526,LOGIN,CRITICAL
2026-09-21T15:46:12,70.50824852439825,98.12720901914821,LOGOUT,LOW
2026-06-22T08:27:03,45.12870454366666,-75.86083605479793,LOGIN,CRITICAL
2026-08-11T06:10:31,-28.98747271854402,-92.20288867079863,PURCHASE,HIGH
2026-12-07T08:37:58,52.68099030453834,109.40633847933213,ERROR,LOW
2026-12-05T22:53:44,-16.659867820409275,-90.64901592121967,UPLOAD,HIGH
2026-12-25T09:34:37,-89.50031470213551,-96.44790447175285,LOGIN,LOW
2026-10-18T21:33:41,-20.813885530374662,86.35072732317002,PURCHASE,LOW
2026-02-20T09:15:47,-22.68534669645784,112.66362696877599,ERROR,LOW
2026-03-25T22:01:42,73.23291383599556,6.097174469102299,LOGIN,HIGH
2026-12-27T10:45:52,56.26815862454535,-38.38653828843346,LOGIN,HIGH
2026-06-03T17:12:51,-47.032919391132246,118.52461429693494,PURCHASE,LOW
2026-02-20T04:50:37,41.56812634738034,139.35579382468444,LOGIN,CRITICAL
2026-09-03T22:39:58,-12.791734726155255,121.47108527187362,UPLOAD,CRITICAL
2026-08-17T06:23:53,-68.27705471239375,129.4491985282899,UPLOAD,LOW
2026-08-19T01:14:37,-68.7121868288622,-120.63283040275567,LOGOUT,CRITICAL
2026-01-12T04:33:06,-64.23076893634675,-131.30797946162545,UPLOAD,HIGH
2026-05-12T15:23:45,-61.54567343040763,-107.98884424372518,ERROR,HIGH
2026-08-09T18:05:34,-5.8516376815700255,35.08409151435279,LOGOUT,LOW
2026-08-12T02:31:26,26.868107232364764,-112.79774405879313,ERROR,LOW
2026-01-20T05:44:12,22.190577305774454,12.040617130233926,LOGIN,LOW
2026-12-02T04:07:04,84.06145441103232,-54.42592374828962,ERROR,HIGH
2026-09-14T22:25:49,-32.09746922252981,112.07529171114828,UPLOAD,LOW
2026-01-18T00:39:45,-32.57590151243362,88.9799815450703,UPLOAD,HIGH
2026-09-27T07:45:21,-38.64360729879741,-61.424039594482934,UPLOAD,LOW
2026-02-18T07:04:45,10.338829479606417,47.02381403730459,LOGIN,CRITICAL
2026-08-01T19:57:14,17.1437337254892,-54.77012167475988,PURCHASE,CRITICAL
2026-03-24T02:01:50,-38.989164385671145,122.02835399133386,PURCHASE,HIGH
2026-06-04T14:54:17,86.46316329468783,-123.51590520065953,LOGOUT,CRITICAL
2026-11-05T10:29:55,33.44917466326834,-126.21309902962096,ERROR,CRITICAL
2026-07-12T06:07:18,-80.58007347076001,71.7880861957702,ERROR,LOW
2026-04-02T03:52:37,84.5113444782136,-32.98003139408223,ERROR,LOW
2026-05-01T05:39:08,7.516938270258109,-169.02599006032807,LOGIN,HIGH
2026-06-24T08:08:31,65.46469371961396,-124.46518754365302,ERROR,HIGH
2026-01-07T05:27:39,-66.40527087887183,-52.80499273598406,LOGIN,HIGH
2026-07-15T17:19:15,-24.270133190667906,-154.43774778541047,LOGOUT,CRITICAL
2026-01-02T16:42:46,-77.78672159150665,-97.05619272157057,LOGIN,HIGH
2026-07-13T00:50:44,55.61339525058935,-66.22798001491407,LOGIN,HIGH
2026-07-24T11:53:18,-10.793212332020033,-157.73818452335087,LOGOUT,LOW
2026-04-10T06:55:28,-35.600018698650636,-104.69202452669904,UPLOAD,HIGH
2026-04-30T10:57:12,-10.379225447102101,-84.47461709096146,ERROR,HIGH
2026-10-12T06:00:57,44.16075070028032,-103.03410325239173,PURCHASE,CRITICAL
2026-12-31T15:49:34,87.75251526551068,-11.686230226838092,LOGIN,HIGH
2026-10-08T15:53:01,-7.1576985555925745,26.16102469032478,LOGIN,CRITICAL
2026-12-29T02:39:09,4.448311736438427,27.208361859218428,ERROR,HIGH
2026-10-16T18:48:05,78.61129398690136,125.1404644449185,ERROR,CRITICAL
2026-03-25T10:09:23,-12.656665299701771,-40.19642681879628,LOGIN,CRITICAL
2026-04-02T06:50:18,-54.93450806588513,-63.98310976584328,UPLOAD,HIGH
2026-04-13T11:11:47,22.896228884901674,21.443819743411098,ERROR,CRITICAL
2026-01-03T16:27:28,-22.634042474630036,-11.265328692619732,LOGOUT,LOW
2026-10-17T18:04:54,34.93169476157698,125.12338884664479,LOGIN,CRITICAL
2026-04-14T01:19:37,-46.01508219542382,-177.8474982823741,LOGIN,CRITICAL
2026-03-14T01:59:50,-60.49036722931254,37.249197435059045,ERROR,HIGH
2026-04-04T22:37:46,-50.93750257687518,126.11119102132841,LOGOUT,CRITICAL
2026-10-02T08:45:38,18.666790319595705,-7.539125706460226,LOGOUT,LOW
2026-08-08T15:03:03,89.69246845625324,-34.245896756094,PURCHASE,LOW
2026-03-14T06:02:57,66.34389222354278,151.76137661944108,PURCHASE,LOW
2026-10-24T08:28:56,-60.504188934073696,-37.87808614583557,ERROR,HIGH
2026-08-28T17:45:37,64.70392127985565,54.9866907839432,PURCHASE,LOW
2026-06-20T14:32:09,-4.78840302437311,-94.76744782997815,LOGOUT,LOW
2026-10-07T23:33:18,6.285147787212679,-58.266810218885524,LOGOUT,LOW
2026-02-23T01:46:11,-47.106274787471506,-114.35008043193228,UPLOAD,LOW
2026-04-08T14:51:55,33.97317184868123,-179.95212239404682,ERROR,CRITICAL
2026-03-15T08:39:54,-48.96842511738713,107.41544949313538,UPLOAD,HIGH
2026-04-24T22:04:52,-65.10598064783807,166.14984860190805,ERROR,CRITICAL
2026-01-28T10:03:33,18.836992430524035,9.0976456833354,UPLOAD,LOW
2026-11-07T13:42:05,31.080212943172853,-60.69620717200502,PURCHASE,LOW
2026-05-08T11:33:52,61.693402740144876,68.41568025316852,LOGOUT,HIGH
2026-01-23T08:40:28,74.67097421494543,-20.676394727090894,ERROR,CRITICAL
2026-09-25T20:42:50,19.68332731739008,-155.0015834523274,UPLOAD,LOW
2026-02-18T06:43:09,-84.6981981345979,77.98356100649966,ERROR,HIGH
2026-04-06T11:32:01,-51.580063989622644,-124.29883311428267,ERROR,CRITICAL
2026-10-09T10:45:09,50.234871559579744,148.89994506672883,ERROR,HIGH
2026-07-01T12:51:04,-5.964816813901763,-106.64926813450428,LOGIN,HIGH
2026-12-11T08:40:08,40.67578219713096,71.94363434338996,LOGIN,HIGH
2026-06-06T01:07:55,77.14436168799398,82.84077236154144,LOGIN,HIGH
2026-01-02T08:08:49,-52.67963304719251,-49.8577593352677,LOGOUT,HIGH
2026-11-06T17:53:43,-83.78042354948481,41.170562749721825,LOGOUT,CRITICAL
2026-07-15T12:14:44,53.30679904492487,-131.30206356299806,PURCHASE,LOW
2026-10-10T16:45:47,58.33648507868381,50.51274545677029,PURCHASE,CRITICAL
2026-01-21T20:00:52,-66.19024394746695,-1.418764462400162,LOGIN,CRITICAL
2026-09-09T15:49:58,66.33758752181521,-9.632580270316907,PURCHASE,CRITICAL
2026-03-06T20:35:40,-12.955026018472338,-28.71072165981505,PURCHASE,CRITICAL
2026-12-26T14:58:49,-89.56433570731936,153.34075059512236,LOGOUT,LOW
2026-11-24T07:10:56,-82.79823225647326,74.37185813294104,LOGOUT,CRITICAL
2026-09-15T05:38:24,86.78014132551425,48.34538746552036,ERROR,HIGH
2026-06-09T20:36:17,41.2071312425679,-78.21917856839619,ERROR,HIGH
2026-05-03T08:35:02,17.102269585625947,52.44799443357627,LOGOUT,LOW
2026-07-23T00:05:26,76.55606999372006,173.13846566786503,UPLOAD,CRITICAL
2026-07-08T02:59:03,44.74108981621839,121.91142763946976,PURCHASE,CRITICAL
2026-11-03T15:32:40,-76.07037494790747,35.547154910878305,UPLOAD,HIGH
2026-01-14T08:27:38,16.069915840154195,43.27950745782152,PURCHASE,HIGH
2026-01-06T12:24:35,66.01957388801287,34.99754021161863,LOGOUT,LOW
2026-11-16T20:00:20,-14.94973212842676,134.06158743162968,PURCHASE,LOW
2026-02-19T12:56:09,-66.27814684693305,-99.92457575254531,UPLOAD,HIGH
2026-12-13T21:07:05,-21.41891674505719,-132.92557391297856,LOGOUT,CRITICAL
2026-08-01T20:13:15,15.430289407819316,156.44173143049505,UPLOAD,CRITICAL
2026-01-29T23:36:01,28.895920336725624,147.68262175886764,PURCHASE,CRITICAL
2026-04-22T23:18:21,11.229278504113935,-57.80367432480877,PURCHASE,LOW
2026-01-02T14:03:48,35.964584746823874,-114.31710089281086,ERROR,HIGH
2026-10-15T21:32:00,35.8221231236148,150.91425653728817,LOGOUT,LOW
2026-12-20T06:15:51,-55.24045968806985,32.96821646378086,UPLOAD,CRITICAL
2026-12-22T12:20:05,-35.246558718171514,-0.8252237136539975,LOGOUT,CRITICAL
2026-03-04T18:21:53,-28.618568840738384,77.44767610724455,UPLOAD,CRITICAL
2026-07-10T22:55:52,-78.44148313623627,4.82105552231107,UPLOAD,CRITICAL
2026-02-24T21:25:11,73.61881743173583,-133.64356880031056,ERROR,CRITICAL
2026-09-07T16:49:18,8.286519324836704,-6.091607654012137,PURCHASE,CRITICAL
2026-08-01T07:11:56,85.05560228681273,-75.55568468376018,ERROR,CRITICAL
2026-01-20T05:08:55,-20.80445807013571,-152.26740989475056,LOGOUT,CRITICAL
2026-10-08T21:59:10,-44.02479094567733,51.27617428621676,ERROR,HIGH
2026-07-01T13:46:33,44.56681248782226,26.98358487937611,UPLOAD,HIGH
2026-06-02T00:15:08,-85.5897446308516,64.60133222374486,UPLOAD,HIGH
2026-09-24T16:29:39,-10.111898986728605,-83.03776976277798,ERROR,LOW
2026-12-10T03:41:36,32.08873568090641,-93.08092482698355,LOGIN,CRITICAL
2026-11-30T05:53:08,75.29917642518373,-124.50049495340126,ERROR,LOW
2026-01-20T16:30:51,61.0939253698333,-158.632569263765,LOGOUT,HIGH
2026-02-02T11:53:54,-20.84560489550462,-132.33295081058708,LOGIN,HIGH
2026-05-06T07:19:48,-25.86084557953251,-65.28387648102819,ERROR,CRITICAL
2026-07-16T17:33:02,-16.856633639373,-79.9981007054759,ERROR,CRITICAL
2026-12-26T22:18:00,4.09293286848029,-36.50500330261494,PURCHASE,HIGH
2026-12-12T01:07:01,-1.1641573654732866,-144.04460194087557,LOGOUT,HIGH
2026-07-02T15:08:36,-12.428389270398839,-177.9404872472175,LOGIN,HIGH
2026-07-23T09:56:09,-9.646050626306788,7.567026043554648,ERROR,CRITICAL
2026-11-29T08:58:14,-66.09736522726249,65.98560616892829,PURCHASE,LOW
2026-06-11T01:30:00,-21.129386696800296,-88.07256104771349,LOGIN,LOW
2026-03-10T00:17:02,70.51934023353311,130.16694716299452,PURCHASE,LOW
2026-10-26T23:25:51,2.212588533543908,40.184044018621705,PURCHASE,LOW
2026-02-25T19:34:12,54.30158818248967,119.94767421944391,LOGOUT,CRITICAL
2026-06-07T21:11:20,74.18688190127844,179.32015771633547,LOGIN,CRITICAL
2026-10-29T04:28:39,-47.9913834439998,-65.42012978039979,ERROR,LOW
2026-10-11T13:51:42,-78.5658657440964,-172.84325223416587,LOGOUT,HIGH
2026-03-17T08:04:45,-81.7952635978055,43.995939995256435,PURCHASE,LOW
2026-12-22T20:35:59,-51.81106275107699,51.475591272386936,LOGIN,LOW
2026-01-18T13:30:03,53.516450411554956,-60.197563295990804,LOGIN,CRITICAL
2026-08-26T11:15:11,42.45920580805347,-99.59801933957007,UPLOAD,HIGH
2026-10-17T23:49:08,-77.55063654283875,-83.11866491682508,UPLOAD,LOW
2026-08-15T18:10:21,48.62843929221111,49.669216452813686,UPLOAD,HIGH
2026-08-20T14:37:59,-2.7376316767843036,124.06814464141883,UPLOAD,HIGH
2026-02-22T09:38:01,61.32593474606034,-58.811270919354655,LOGOUT,CRITICAL
2026-04-15T08:42:33,-70.28714211468335,-49.47172418142398,UPLOAD,HIGH
2026-07-24T12:31:02,-87.62714718439923,-65.60165607054333,LOGIN,HIGH
2026-03-21T11:25:11,-26.2912531522514,97.22664189301946,ERROR,HIGH
2026-07-17T20:19:10,85.26288358167224,-174.90213836511015,PURCHASE,HIGH
2026-09-06T15:16:52,25.04849144519379,-99.80207498153013,PURCHASE,CRITICAL
2026-01-08T07:35:15,69.88880664572736,30.412073569143786,UPLOAD,LOW
2026-02-24T12:12:39,28.414996392029423,-24.409298297820158,LOGOUT,CRITICAL
2026-08-28T14:46:31,-44.8245617103005,-127.03000460384416,LOGIN,LOW
2026-02-04T23:04:39,-26.320637881438714,10.960623444372828,LOGOUT,HIGH
2026-07-22T04:11:57,-39.53399919052162,122.95140678853966,LOGIN,HIGH
2026-03-16T06:12:16,61.98912438893467,-124.71665192609396,LOGOUT,LOW
2026-08-07T20:23:59,43.93832057120895,59.39564232186285,ERROR,HIGH
2026-07-26T20:06:08,-11.378453054654187,-49.47329268248018,PURCHASE,LOW
2026-09-12T21:12:55,-34.42273816462709,4.854709534104586,ERROR,CRITICAL
2026-04-14T19:27:40,88.8173669847072,67.22490063432676,LOGOUT,LOW
2026-01-02T10:25:34,0.15484596756697044,91.66126028155657,LOGOUT,CRITICAL
2026-05-05T06:36:58,51.6074148971573,7.1998989177129715,ERROR,CRITICAL
2026-07-19T17:39:03,55.07656297654478,-80.4766664045481,UPLOAD,HIGH
2026-03-03T19:36:16,-45.955337610792306,95.92310934604643,LOGOUT,HIGH
2026-01-13T02:08:01,42.62916010401028,-50.185976772563436,UPLOAD,HIGH
2026-10-06T05:37:32,22.08790373961567,-79.2176829303154,ERROR,HIGH
2026-11-22T16:43:31,-3.4981996368140074,154.11304463362205,LOGOUT,LOW
2026-11-26T20:06:38,86.79422974453465,-110.71087083275776,LOGIN,HIGH
2026-06-06T10:52:54,-57.27720579641768,32.52797541699644,LOGIN,HIGH
2026-02-05T20:02:38,86.71068211014162,10.667182597490068,LOGIN,HIGH
2026-07-30T01:23:20,0.11749168429258816,-73.83562236712737,LOGOUT,HIGH
2026-11-16T17:58:46,-24.873512477379933,-57.64113424177833,PURCHASE,HIGH
2026-08-30T21:27:11,8.776686242741079,120.95120078642134,ERROR,LOW
2026-04-02T11:38:22,-65.9668393222222,80.97577789417073,LOGOUT,CRITICAL
2026-07-03T23:44:13,-68.57151909876023,44.8825688729531,UPLOAD,LOW
2026-02-28T20:07:23,69.10262413939316,-97.92036347277848,UPLOAD,LOW
2026-01-14T22:43:12,37.51729776158369,106.76737304514415,ERROR,HIGH
2026-11-16T23:30:36,-40.908110610203465,107.80315352386418,UPLOAD,CRITICAL
2026-09-05T16:22:30,-9.35622088601302,61.595575212582276,UPLOAD,HIGH
2026-11-11T12:59:59,-6.117218902725497,-19.213863245152055,PURCHASE,CRITICAL
2026-04-11T18:37:22,-77.29176258384003,104.7822049279601,ERROR,HIGH
2026-05-02T22:19:16,-33.50258338112752,33.60543034180455,LOGIN,CRITICAL
2026-07-30T00:29:57,22.376741345139777,-165.67504358680955,ERROR,CRITICAL
2026-03-23T14:33:44,-6.70159643475786,-156.12879211465082,UPLOAD,LOW
2026-05-05T10:23:47,-1.05974936146238,-159.0918707786688,UPLOAD,HIGH
2026-05-24T12:51:52,1.7869975996160292,39.06881983844943,ERROR,LOW
2026-06-07T06:45:09,58.81936117252005,-104.36476214237467,PURCHASE,CRITICAL
2026-07-18T17:38:09,-10.207102939602109,-106.06931128319721,LOGIN,LOW
2026-01-07T13:27:54,33.3446115718603,-36.506275322001585,LOGOUT,LOW
2026-08-19T13:28:42,-18.15333856175411,-140.84129285107244,LOGIN,CRITICAL
2026-11-02T09:19:30,30.222016189045476,-169.971369001772,PURCHASE,CRITICAL
2026-02-04T06:13:49,8.492766753799572,110.62084583085931,LOGIN,LOW
2026-12-27T13:17:58,12.073038045073474,104.08018525248269,UPLOAD,CRITICAL
2026-05-31T06:47:22,62.52021564557691,102.28967453889891,LOGIN,CRITICAL
2026-10-25T21:06:29,-65.91328183720796,111.03172666996,ERROR,LOW
2026-12-22T12:13:28,-17.677806095448787,77.49670500869331,UPLOAD,LOW
2026-12-06T01:39:40,-68.6840946341041,-16.31462595605032,LOGOUT,LOW
2026-07-06T19:41:20,50.28043826231524,32.21269339130296,LOGOUT,HIGH
2026-08-03T20:56:11,19.20516893881411,-96.85160308625302,PURCHASE,CRITICAL
2026-07-18T14:24:55,29.29565137137061,125.83344725666342,PURCHASE,CRITICAL
2026-12-17T08:22:09,-8.258144812005455,-163.36073869958713,PURCHASE,LOW
2026-06-13T09:25:25,-1.6506363524298848,-14.313000858040965,UPLOAD,HIGH
2026-12-01T20:46:22,3.3415922591783414,82.65805863895451,LOGOUT,LOW
2026-05-12T09:21:49,-26.223617313108903,-19.407219851187705,ERROR,HIGH
2026-04-02T16:51:01,43.15231351763782,95.73917673149003,LOGOUT,LOW
2026-05-06T09:41:20,-30.73147236371451,47.56522190105102,PURCHASE,HIGH
2026-09-20T13:53:13,72.91229282239243,-51.3084962538465,LOGIN,CRITICAL
2026-07-05T19:23:40,21.216115866830478,63.180669514705784,LOGOUT,CRITICAL
2026-04-17T08:27:09,37.96350201957105,-79.14359200874937,LOGIN,HIGH
2026-05-23T18:41:41,86.73400619356445,13.462168539502983,LOGIN,LOW
2026-05-01T22:06:59,-78.49954831941145,139.5950115771816,LOGIN,CRITICAL
2026-12-24T04:39:22,36.28092585826285,90.9153873835383,LOGOUT,CRITICAL
2026-11-05T01:53:39,-31.91326504089149,-162.28095657048556,ERROR,CRITICAL
2026-06-22T10:05:47,-69.51044933219343,46.0026761145794,ERROR,CRITICAL
2026-08-22T16:37:40,-76.56339918182921,-166.50918446629825,ERROR,HIGH
2026-08-28T23:20:24,-9.646436595985065,-160.7627466728112,LOGOUT,LOW
2026-09-06T02:08:11,85.23409183665788,109.54676121526938,PURCHASE,HIGH
2026-06-15T13:53:08,2.2280617993031058,-85.17434814330242,ERROR,CRITICAL
2026-11-11T15:39:37,-37.17999812623003,149.39259614096375,LOGOUT,HIGH
2026-10-09T19:21:16,64.12046012959726,163.3603834162558,LOGIN,LOW
2026-06-17T18:35:29,-50.77274688501872,-131.50347873020058,PURCHASE,HIGH
2026-03-26T21:46:38,46.508851869029115,2.171491371734902,LOGOUT,LOW
2026-05-18T21:27:59,14.812590405960322,-0.6409933285524403,ERROR,CRITICAL
2026-12-23T03:01:36,-61.169947026255784,147.60433504870747,LOGOUT,CRITICAL
2026-06-20T13:28:30,-47.966143497803024,3.2558246080652395,UPLOAD,CRITICAL
2026-03-22T22:13:02,37.920666089611174,-130.78614351617878,LOGIN,HIGH
2026-08-06T04:13:13,-23.708022788777967,73.8794776669142,PURCHASE,CRITICAL
2026-03-05T13:35:02,89.2673583917036,-98.3632853508734,LOGOUT,HIGH
2026-02-05T03:14:37,-22.335252211864614,177.35948253497241,PURCHASE,LOW
2026-08-02T14:16:49,-27.547294252893465,85.99181481856266,UPLOAD,LOW
2026-08-15T10:40:49,-12.08512080105055,-39.937974150272055,ERROR,LOW
2026-04-27T11:11:15,-37.50534770602251,-41.651764029553135,ERROR,CRITICAL
2026-04-09T21:07:10,-20.02028277662788,81.77595588594238,PURCHASE,CRITICAL
2026-09-03T12:25:59,13.014341475163278,16.116965577280183,LOGIN,CRITICAL
2026-07-09T03:41:33,-41.8077411254476,155.48085430566584,UPLOAD,LOW
2026-06-14T22:26:32,-78.54443624949738,-178.94254087506803,LOGIN,LOW
2026-12-15T13:51:50,-60.19473274166836,4.903302484643234,LOGIN,HIGH
2026-08-08T05:55:55,9.326051569915947,52.39095524166899,PURCHASE,LOW
2026-03-30T12:25:46,51.79241506291535,-72.0533184587973,PURCHASE,CRITICAL
2026-07-06T05:22:56,-20.411285118541983,140.16931162093954,UPLOAD,HIGH
2026-11-14T09:46:24,11.24148560025705,69.83814459493175,ERROR,HIGH
2026-01-11T00:45:26,42.46992185205434,-133.75386556284965,LOGOUT,CRITICAL
2026-06-07T07:30:29,-38.04920599163456,49.291891149367785,LOGOUT,LOW
2026-10-27T06:59:00,78.16280279428454,112.28679161192889,ERROR,CRITICAL
2026-05-16T02:29:05,84.46399560502348,89.67646398130995,UPLOAD,CRITICAL
2026-09-08T19:22:55,15.325656005775542,74.54886358157705,LOGOUT,LOW
2026-08-05T15:21:17,70.32450582049316,-30.378196718095495,ERROR,HIGH
2026-02-17T19:30:29,17.96097378675549,-44.08058705641952,ERROR,HIGH
2026-06-19T03:13:22,81.4583700450712,-179.46156225921257,PURCHASE,CRITICAL
2026-06-03T01:48:11,74.74870907732736,-79.96145678607682,LOGIN,LOW
2026-11-05T03:20:21,62.82533325919246,-133.9178624144925,LOGOUT,HIGH
2026-08-27T08:16:17,15.908957555586198,-165.73758135696212,LOGOUT,CRITICAL
2026-06-19T23:49:42,84.95086950218536,19.341624375094398,ERROR,HIGH
2026-05-20T01:34:45,21.095455536741696,-174.18765549537954,ERROR,HIGH
2026-08-27T13:23:40,-77.00997278890306,-126.10082306832602,PURCHASE,HIGH
2026-11-13T05:22:59,-17.3510289068999,-81.23478691461948,LOGIN,CRITICAL
2026-03-05T18:29:51,-51.96802464011028,99.67106363925973,PURCHASE,LOW
2026-06-27T20:08:06,-35.27181853902405,-37.63695830950414,PURCHASE,HIGH
2026-12-09T09:52:21,-34.709419271199046,132.67933615476943,ERROR,LOW
2026-02-12T17:40:52,8.925384946699566,-91.32015782399588,LOGOUT,HIGH
2026-03-26T17:38:03,-78.03281275801288,30.440346610740733,PURCHASE,CRITICAL
2026-12-18T07:26:41,25.71225426085735,141.70604452820567,PURCHASE,HIGH
2026-08-15T06:40:17,46.42804986559696,50.169161750188266,ERROR,CRITICAL
2026-06-20T08:42:57,-22.386762699891534,137.0875130189579,LOGIN,HIGH
2026-08-25T01:37:41,-81.90338459060605,-102.12051917742303,UPLOAD,HIGH
2026-01-01T23:06:59,85.10449269564532,87.46239638752775,PURCHASE,HIGH
2026-01-25T16:17:25,41.14932514698168,172.35710497932922,PURCHASE,HIGH
2026-12-26T08:58:35,33.002280935997035,135.00173954485012,ERROR,HIGH
2026-02-24T15:14:59,-57.497770964949474,147.81778747543484,LOGOUT,CRITICAL
2026-01-01T07:23:49,-35.875789490431885,91.81018596017446,LOGOUT,LOW
2026-04-09T03:15:00,76.52725923817974,-80.64240205236233,LOGIN,HIGH
2026-09-24T15:55:39,-3.203687722728205,28.893471200802168,LOGOUT,LOW
2026-05-19T21:03:21,-73.29690128116157,-86.14282868202315,UPLOAD,HIGH
2026-07-24T06:31:05,3.0705519317105967,32.27235448810322,PURCHASE,LOW
2026-01-25T16:07:14,-65.87764458751127,67.75332125207632,PURCHASE,LOW
2026-08-15T11:28:19,-31.998480920682248,-92.21032143613392,ERROR,CRITICAL
2026-06-19T02:39:27,-13.513341717000728,4.9798005070902605,LOGIN,CRITICAL
2026-07-25T04:27:10,54.79040941086163,0.7374440027429614,LOGIN,LOW
2026-10-08T19:39:22,35.40784594762651,-7.0476249798349215,LOGOUT,LOW
2026-05-02T04:14:08,-52.89652314176054,-149.64921625818243,LOGIN,LOW
2026-04-08T03:45:33,-48.80880729880819,-6.702809389309266,ERROR,LOW
2026-09-03T04:12:39,-71.3007532793884,108.06758795173141,ERROR,CRITICAL
2026-01-31T03:26:08,8.782678113128014,-144.96558922289736,UPLOAD,CRITICAL
2026-06-07T10:30:02,23.555125403486116,-64.76993924105103,PURCHASE,LOW
2026-05-09T10:03:13,46.97749675620699,122.02183141586522,ERROR,CRITICAL
2026-08-01T18:56:47,27.305607727270285,-179.1721465334025,ERROR,CRITICAL
2026-09-12T23:26:58,-54.373932600092886,152.819179975307,LOGIN,HIGH
2026-04-13T05:55:42,-57.742946094191275,87.49655269550783,LOGIN,HIGH
2026-01-13T21:49:21,-80.4971102383471,-109.71443727968084,LOGOUT,CRITICAL
2026-06-17T16:04:56,67.37017080443584,171.65044868686414,PURCHASE,CRITICAL
2026-01-08T07:51:07,31.55042140751604,149.58447887852236,LOGOUT,LOW
2026-04-22T23:12:45,43.36207968893467,-145.4984523047552,LOGOUT,LOW
2026-06-06T18:54:15,-16.405620824754763,-166.79945441249876,PURCHASE,LOW
2026-04-10T10:58:27,-32.443469517407124,31.97642835900433,LOGOUT,LOW
2026-02-07T01:38:39,86.95870738316273,-35.35367822058981,LOGOUT,LOW
2026-11-26T15:25:54,43.23394174482837,-129.36617250486466,LOGOUT,LOW
2026-04-18T21:59:09,-83.27551420277888,176.83696832527067,LOGOUT,CRITICAL
2026-02-20T16:16:15,-56.84593901283249,-116.60372333981879,PURCHASE,HIGH
2026-02-24T07:23:09,27.9027079414996,-145.58191548349782,UPLOAD,LOW
2026-11-27T05:42:34,-76.40538304673939,92.93928321290338,PURCHASE,CRITICAL
2026-04-30T03:05:31,-52.366336731218645,27.315388890879944,LOGOUT,LOW
2026-09-07T05:28:20,-58.624323118842426,-114.64723299348107,ERROR,LOW
2026-11-06T08:54:57,-51.358095791203574,-92.427488387693,UPLOAD,HIGH
2026-05-11T07:24:48,59.83268942523978,-31.780642535247182,PURCHASE,HIGH
2026-02-19T00:38:45,-51.015899369342115,-113.15863117415438,ERROR,HIGH
2026-10-28T00:21:44,54.74830399178586,39.38828616871413,ERROR,LOW
2026-03-09T06:55:29,-42.5324017922806,4.319578072558585,ERROR,LOW
2026-04-14T22:25:27,-58.703824623106726,-160.37684423710633,UPLOAD,HIGH
2026-04-07T03:01:39,-11.292226351322583,-16.625855943585492,ERROR,CRITICAL
2026-12-18T10:22:45,66.05452915854795,-92.69893184585837,UPLOAD,CRITICAL
2026-09-05T09:02:55,22.515578753457774,-116.1551008831042,ERROR,LOW
2026-05-19T08:07:50,-17.1421455571722,98.78293121726404,PURCHASE,CRITICAL
2026-03-10T23:00:47,89.51018623304887,173.46112568329102,ERROR,HIGH
2026-11-13T03:43:14,-30.14718770019936,124.9425559035007,PURCHASE,HIGH
2026-10-24T17:16:52,71.50058232408469,165.75882506947352,PURCHASE,LOW
2026-12-05T18:46:27,25.1245650050153,-158.19167835226756,ERROR,HIGH
2026-04-27T13:33:58,-71.05925077208738,-9.816290126798634,PURCHASE,LOW
2026-04-07T18:50:20,-17.22243880615173,29.377767825640035,PURCHASE,LOW
2026-04-23T01:25:16,68.06824937072142,99.8836907541347,PURCHASE,HIGH
2026-06-18T15:59:24,39.54225225150981,60.092407196738435,PURCHASE,LOW
2026-08-06T22:41:52,14.500839604240497,68.18391689580304,ERROR,LOW
2026-10-23T21:19:23,24.082265783289813,95.71405893244759,UPLOAD,HIGH
2026-10-18T11:17:03,-45.028503628542474,-75.73099886687645,ERROR,HIGH
2026-12-25T18:14:37,16.630239241810273,-72.78831811865577,PURCHASE,HIGH
2026-02-01T18:23:45,-61.802238856467206,-15.240033039241581,ERROR,LOW
2026-10-17T07:24:22,22.55335389427401,155.2392846409827,PURCHASE,HIGH
2026-03-24T12:40:00,79.23350929232501,-76.8170891113822,UPLOAD,HIGH
2026-07-14T06:18:25,44.83492268063026,-91.31363689339075,UPLOAD,LOW
2026-06-10T09:03:17,51.262605475099804,-38.41330272657825,UPLOAD,LOW
2026-04-25T23:14:49,11.791216765865698,32.48557351536729,LOGOUT,CRITICAL
2026-08-25T06:52:17,45.369136185164706,93.21011749428834,LOGIN,HIGH
2026-02-07T08:28:35,-26.19276631712956,-99.14277700653753,UPLOAD,LOW
2026-02-09T10:06:19,-19.142743487293288,101.38015289229793,LOGOUT,CRITICAL
2026-06-29T09:15:47,-74.09079100742305,-91.85647481438734,ERROR,LOW
2026-07-04T01:50:57,-66.45622992279289,-158.7849377859315,LOGOUT,LOW
2026-02-07T01:22:04,-40.7034571726994,40.87605113163903,ERROR,CRITICAL
2026-12-18T00:21:42,38.084130610807364,20.13550104681758,LOGOUT,HIGH
2026-10-12T05:56:48,-40.48227143815645,-105.11768607484649,LOGOUT,LOW
2026-04-21T20:49:10,-18.31825940999552,-109.27464743573091,PURCHASE,HIGH
2026-06-04T03:00:31,-56.890163733090084,51.27993986062418,LOGOUT,CRITICAL
2026-08-13T12:46:22,88.4691075208975,47.82047464848458,ERROR,CRITICAL
2026-04-26T03:55:55,-27.99491856159665,-34.034584508528326,LOGOUT,CRITICAL
2026-02-12T06:52:46,-7.198292427025507,89.29843585989755,UPLOAD,CRITICAL
2026-09-02T21:42:12,71.87009136455904,-175.91466249910474,ERROR,CRITICAL
2026-04-12T20:28:55,1.0128797021992426,59.37975994328099,LOGIN,LOW
2026-09-07T08:09:49,-15.549939524733603,147.97555191797295,PURCHASE,CRITICAL
2026-06-28T17:02:41,-74.08238685372518,-32.400713544046766,LOGIN,HIGH
2026-09-22T20:01:47,70.02122222726572,-99.28929925976475,PURCHASE,LOW
2026-08-22T01:10:22,-70.03124083641868,-142.2434664954564,ERROR,LOW
2026-03-07T22:43:39,-27.01721711942477,98.40865169196513,LOGIN,LOW
2026-06-05T20:52:21,49.69271875407364,-91.11653503502065,UPLOAD,HIGH
2026-10-12T00:58:14,15.318212405590131,94.11069923316103,LOGIN,LOW
2026-03-29T22:24:01,-48.307714544299515,169.94261278124793,LOGOUT,HIGH
2026-12-23T09:02:31,29.859039302670723,119.96307353326097,LOGOUT,CRITICAL
2026-04-17T06:26:05,6.026238076551721,-143.85928734152867,LOGIN,CRITICAL
2026-07-31T20:23:04,53.48563853237002,-84.49120915010627,LOGIN,LOW
2026-12-02T22:09:12,-11.851134681312118,36.17835460561247,LOGIN,LOW
2026-04-08T11:54:45,73.5677489488773,-147.18927713228305,ERROR,LOW
2026-04-20T21:03:33,14.101543112110377,75.73580214763695,LOGIN,LOW
2026-01-19T11:17:50,62.715740174644395,56.21658745128698,LOGOUT,LOW
2026-02-28T10:58:04,5.334631511031262,119.08573208311253,ERROR,HIGH
2026-12-26T13:21:26,-68.56741135749445,149.75230660993486,LOGIN,CRITICAL
2026-01-29T02:23:07,67.71078356915709,36.79982464194279,LOGOUT,HIGH
2026-02-26T01:42:50,-68.04109817848237,124.42756024818863,LOGOUT,HIGH
2026-07-14T22:27:30,71.15736599034994,156.43258898321972,PURCHASE,CRITICAL
2026-04-12T09:56:13,69.867930770431,178.70873377896055,LOGOUT,HIGH
2026-03-18T16:39:48,-76.55631589454353,-157.9019727533369,ERROR,CRITICAL
2026-09-18T16:58:04,-72.68969425991608,121.44003583577353,UPLOAD,LOW
2026-03-21T18:32:58,75.74052600441973,-42.423271379218676,LOGIN,HIGH
2026-11-02T17:16:37,-3.5005642637702294,127.87656972319206,LOGIN,HIGH
2026-02-15T01:15:19,-53.4099283975146,-131.31662754886807,LOGIN,CRITICAL
2026-09-22T19:15:27,-34.301326820849575,125.13451556927572,LOGIN,LOW
2026-04-28T20:24:23,73.11819988122195,60.84248596635027,LOGIN,LOW
2026-12-29T06:48:52,3.7358149887336083,109.08153441454203,LOGIN,HIGH
2026-02-05T17:38:52,-68.5384022902429,122.53778779582956,ERROR,CRITICAL
2026-04-27T03:34:16,-32.919518168202515,147.1100194338589,LOGIN,CRITICAL
2026-03-24T18:29:07,84.5555065460888,-8.482730495274552,UPLOAD,HIGH
2026-07-10T15:08:31,-21.498409114617672,129.66706688950347,LOGOUT,CRITICAL
2026-01-28T20:44:09,-47.00841859177209,103.90248736019515,LOGIN,LOW
2026-12-23T12:06:24,24.687389059938965,-71.40043451428541,LOGIN,CRITICAL
2026-05-28T04:04:39,-68.01943823067597,27.934324440003223,PURCHASE,LOW
2026-04-07T21:32:31,25.454788709545994,-137.1706571772218,PURCHASE,LOW
2026-01-30T13:37:51,37.797569056930726,-150.33557853676936,PURCHASE,LOW
2026-05-09T17:46:08,-80.74814994652841,34.85230921838729,ERROR,CRITICAL
2026-03-14T01:24:54,-20.06350940497761,-33.65281673347724,PURCHASE,HIGH
2026-05-11T22:19:38,-59.900274576982426,-63.657008236794724,ERROR,CRITICAL
2026-05-02T03:00:20,70.81581394008788,-179.274024888761,PURCHASE,HIGH
2026-07-08T23:03:24,39.71950803377251,-156.59835147615223,ERROR,CRITICAL
2026-07-30T19:17:42,17.49792387233373,40.88942422963831,UPLOAD,CRITICAL
2026-12-22T07:29:58,73.76793671101217,-26.66922196333394,UPLOAD,HIGH
2026-07-16T18:37:59,12.638355618383457,161.86973314909892,LOGOUT,LOW
2026-01-12T21:27:01,-23.53603929971129,32.70494696905604,PURCHASE,HIGH
2026-06-25T07:31:04,-27.383742116135238,58.82689185533843,ERROR,LOW
2026-05-22T23:49:42,-24.46889996459001,1.751679082570405,LOGOUT,LOW
2026-06-24T02:02:16,24.867275732710766,-148.8880720433108,LOGOUT,HIGH
2026-06-06T23:29:07,-66.01157414260585,55.227652864047144,ERROR,HIGH
2026-01-11T01:18:55,-43.38170074745503,134.6273097610338,ERROR,LOW
2026-09-15T14:44:50,-82.2899833698529,-74.13829871082524,PURCHASE,LOW
2026-11-22T18:28:58,-49.95318844231327,175.25831531456288,ERROR,CRITICAL
2026-09-09T18:25:33,82.02975416916095,-28.447447493579062,LOGOUT,HIGH
2026-01-16T17:43:21,51.74159248231399,4.302470983778619,LOGIN,LOW
2026-01-02T07:58:24,84.31463505976544,172.96757469015637,ERROR,HIGH
2026-07-30T07:06:09,17.910910774909,62.03369362577496,LOGIN,HIGH
2026-02-22T15:39:22,6.5337540606360704,-177.22523741560835,ERROR,LOW
2026-03-16T15:11:28,0.2703957976453495,-139.92455688255083,PURCHASE,CRITICAL
2026-03-04T15:46:37,-64.79874162907657,-128.58291269244918,LOGOUT,LOW
2026-03-09T23:01:04,10.091951101304389,-77.7929395083968,UPLOAD,HIGH
2026-07-02T22:26:02,-31.186411858058904,-124.00392063436524,LOGOUT,HIGH
2026-08-24T08:17:21,16.38994877926396,-73.02231154216886,LOGIN,HIGH
2026-02-05T20:00:48,-82.97752923717961,90.47135412341447,PURCHASE,HIGH
2026-08-24T02:10:24,54.456078416466426,-97.85771001659892,LOGIN,CRITICAL
2026-02-14T20:10:35,78.48225015647296,-55.0694614639507,LOGIN,HIGH
2026-03-17T10:26:50,-32.636804177665894,100.71672573480362,ERROR,LOW
2026-03-05T23:24:48,47.9058243018622,11.020538606774238,LOGOUT,LOW
2026-11-04T09:44:25,77.30656578095642,-75.86341170700145,PURCHASE,HIGH
2026-08-05T03:11:04,86.49796178466286,35.56618476883702,ERROR,CRITICAL
2026-04-04T07:25:25,-84.7420829313052,153.58832683087724,LOGIN,LOW
2026-01-10T05:10:34,71.09189267470202,-143.1624002461025,PURCHASE,CRITICAL
2026-05-08T22:29:41,-46.33473519808939,-152.207533264345,PURCHASE,LOW
2026-11-02T12:02:50,47.18024367017259,93.94216303751205,LOGIN,CRITICAL
2026-04-12T23:57:15,-38.17598220321853,20.041263011072147,ERROR,HIGH
2026-10-12T13:51:16,69.08147151161319,-133.59857918160435,LOGIN,LOW
2026-02-03T00:16:48,25.480693964578876,62.68848329758336,UPLOAD,LOW
2026-01-09T18:23:38,-20.605340898317536,92.16314616774793,ERROR,CRITICAL
2026-09-07T12:18:17,37.86632846483725,-171.0225051453122,LOGOUT,HIGH
2026-08-05T19:50:13,15.332907879051575,-138.45287024715262,LOGOUT,LOW
2026-03-28T04:25:53,58.303331128638945,43.40343312277437,ERROR,HIGH
2026-12-28T15:04:07,75.18821539502375,-93.76171547228883,ERROR,CRITICAL
2026-08-12T13:59:46,-87.52665819668347,113.1556320152888,UPLOAD,HIGH
2026-05-14T18:47:31,74.69398296428932,102.32922266385953,UPLOAD,CRITICAL
2026-04-29T20:41:44,35.61709343096652,-172.49188664478623,PURCHASE,LOW
2026-08-12T15:53:38,71.06269741492525,-179.76142868189808,ERROR,CRITICAL
2026-06-16T23:11:43,11.958970388575636,-162.41798126541556,PURCHASE,HIGH
2026-12-14T03:24:29,-62.41928522610708,38.785280945606104,UPLOAD,HIGH
2026-01-06T17:41:28,-22.092807054505016,82.03958196527907,ERROR,HIGH
2026-06-13T06:12:45,-7.25440544406554,-95.92983988788012,PURCHASE,HIGH
2026-06-22T10:51:58,70.86238106922531,-150.1220331812922,PURCHASE,LOW
2026-06-22T11:51:55,-15.412591123714947,153.51965338112007,ERROR,CRITICAL
2026-08-06T12:52:18,-77.55981896973128,31.58852013655445,UPLOAD,LOW
2026-02-24T09:01:10,-25.61141714758159,48.606578762668704,UPLOAD,HIGH
2026-03-17T12:25:02,-3.7960865339676246,-36.551423506830076,UPLOAD,LOW
2026-09-06T14:36:33,20.316531455504247,-36.80291901175718,PURCHASE,HIGH
2026-06-28T13:56:40,49.29696031455302,-0.39702900137561414,LOGOUT,HIGH
2026-11-08T17:46:29,67.75909309153687,-176.7058945347268,PURCHASE,CRITICAL
2026-03-13T12:44:06,-46.73010830647951,-129.29810133320476,PURCHASE,LOW
2026-03-24T13:29:59,-35.73332390031905,-178.28372749652527,LOGIN,HIGH
2026-02-01T01:48:28,-8.213543983557472,-134.63314808299305,LOGIN,CRITICAL
2026-05-09T13:05:16,-28.43855794975093,159.22686214981968,ERROR,CRITICAL
2026-02-11T22:44:53,-31.0269308371552,-58.306835044047986,ERROR,HIGH
2026-11-25T11:50:32,82.20383707651965,154.1399566111411,ERROR,LOW
2026-11-20T22:20:29,-0.182241936341498,111.23738867324965,LOGIN,LOW
2026-04-18T18:57:26,-60.38239980931529,-17.215777172771993,LOGOUT,LOW
2026-03-28T01:40:41,28.288614943562465,43.409739182428666,PURCHASE,CRITICAL
2026-08-21T22:23:23,-37.59900164164202,-114.73807025603735,LOGOUT,LOW
2026-05-06T02:44:05,25.206468975601055,151.7841316145275,LOGOUT,CRITICAL
2026-05-31T05:56:06,-49.255232004104386,-79.36770999959049,LOGOUT,CRITICAL
2026-06-18T23:16:14,-19.384202263595327,145.73557613364363,UPLOAD,CRITICAL
2026-02-05T04:52:50,-10.32806554118028,-144.28484339465012,PURCHASE,LOW
2026-08-22T02:37:51,-65.00977971211334,-132.83209376395192,PURCHASE,LOW
2026-06-08T04:02:23,-6.478069145356599,153.940026736822,LOGOUT,LOW
2026-05-20T11:49:28,33.20946681002397,32.52250360990652,ERROR,HIGH
2026-08-23T14:50:24,-52.21510942674407,129.03763440688243,LOGIN,HIGH
2026-03-27T22:34:46,87.51644628283637,114.98641675548589,LOGIN,LOW
2026-02-17T00:49:37,61.02027417356567,31.092996124035977,UPLOAD,LOW
2026-04-28T07:29:59,5.694987926202273,157.54358005282654,PURCHASE,LOW
2026-03-13T19:49:36,-62.77972379241149,-29.52473465890381,UPLOAD,LOW
2026-02-11T06:15:20,13.761760317420311,51.47530382623307,LOGOUT,HIGH
2026-08-29T09:27:11,-49.375273674028946,37.51031618861023,LOGIN,CRITICAL
2026-01-24T23:57:48,-89.62890021157065,52.60595357272325,LOGOUT,CRITICAL
2026-08-14T22:27:49,26.64559186612435,-25.09671065358816,ERROR,LOW
2026-03-13T12:55:23,61.50354267129424,-44.43374620679657,PURCHASE,CRITICAL
2026-07-11T03:54:38,-78.4817395169877,86.38630101567384,PURCHASE,CRITICAL
2026-05-01T01:03:41,-89.55767459514038,-18.181059892683066,UPLOAD,LOW
2026-03-30T02:54:11,-89.91531557278455,105.81185490391391,PURCHASE,CRITICAL
2026-11-09T03:58:20,85.93488454144548,-130.78208485660002,LOGOUT,LOW
2026-05-30T13:07:10,27.16012174602173,-11.259689572674432,UPLOAD,LOW
2026-04-21T15:07:23,-30.33042171722648,-75.73489011233175,PURCHASE,LOW
2026-06-22T09:48:03,-87.68726288656265,86.43241288197862,UPLOAD,HIGH
2026-10-21T23:09:50,-26.50612298215846,63.96449879661475,LOGIN,LOW
2026-09-18T05:35:54,-8.755243902457593,-0.3768304433901335,ERROR,CRITICAL
2026-06-16T05:21:09,-28.803360085827144,-55.94369393850677,ERROR,CRITICAL
2026-12-15T02:24:29,46.73983689588522,-155.91727104032205,LOGIN,CRITICAL
2026-03-04T04:26:08,9.679377642104754,115.69208005149329,PURCHASE,HIGH
2026-08-01T14:30:37,-80.11006986185683,58.38511099446174,UPLOAD,LOW
2026-03-02T12:54:13,-66.23182308477786,-155.07090923888924,LOGIN,HIGH
2026-07-05T19:34:27,22.691444743253314,64.71095840521102,ERROR,LOW
2026-05-31T01:20:28,23.25591466324785,-7.983588071614577,ERROR,LOW
2026-05-11T05:13:08,-45.70660096118606,-125.57929820245432,ERROR,LOW
2026-07-29T09:15:08,-25.967568416600926,-124.087550448027,LOGOUT,HIGH
2026-11-14T23:10:02,24.436603881619945,79.36621950875372,UPLOAD,HIGH
2026-06-10T19:33:09,-50.27935725382961,-0.7271332281552816,LOGIN,HIGH
2026-11-25T11:27:22,-62.60005661003795,-67.83514418211992,LOGIN,LOW
2026-01-12T05:32:07,79.01274885507209,-91.857162987589,PURCHASE,LOW
2026-08-10T06:53:54,45.42146695269136,23.25575505816181,LOGOUT,LOW
2026-10-01T00:47:54,35.512455501906004,-105.41553190683992,PURCHASE,HIGH
2026-05-14T19:42:53,17.898877848438943,45.49288139338597,ERROR,HIGH
2026-08-26T21:53:59,-52.43548018615105,169.52356377504162,UPLOAD,CRITICAL
2026-04-11T03:22:48,-71.40932970970889,57.27992414942318,LOGOUT,CRITICAL
2026-07-12T23:44:41,-15.707782643662895,25.24488706714061,PURCHASE,LOW
2026-12-24T00:57:43,4.2827222131415255,-165.15211676113955,LOGIN,HIGH
2026-09-17T03:40:36,66.74367476597496,113.22904154375703,PURCHASE,LOW
2026-09-29T23:32:33,-12.965348581034846,-74.57863877537788,ERROR,HIGH
2026-12-03T05:49:41,52.7429136472075,-100.68156515254356,PURCHASE,LOW
2026-11-09T19:38:15,-63.99001503129813,-114.09166844463088,PURCHASE,HIGH
2026-05-15T03:36:20,-50.290674766879555,110.80746149608035,LOGOUT,HIGH
2026-11-21T01:23:01,-24.222344748113912,-38.78932004388028,ERROR,CRITICAL
2026-07-02T05:50:08,85.9370091105393,-86.33602328288151,ERROR,CRITICAL
2026-04-24T23:39:59,15.962503676525401,-122.49261752302036,PURCHASE,CRITICAL
2026-04-22T20:09:34,37.46840317673583,118.96595063293682,LOGIN,HIGH
2026-06-07T23:36:48,22.585372215927862,-66.63548915018976,ERROR,CRITICAL
2026-02-20T08:05:19,84.72503976633305,-29.22960789712687,ERROR,CRITICAL
2026-12-27T17:07:48,-29.91548870075726,-140.45143923552314,LOGIN,HIGH
2026-10-25T10:51:04,-67.2527985638016,-18.968373274104522,ERROR,CRITICAL
2026-07-11T03:32:36,-57.721838597134756,160.07680955014683,PURCHASE,CRITICAL
2026-01-09T11:03:00,20.500011439270793,30.350444316457327,LOGOUT,HIGH
2026-09-23T22:56:12,67.92042857760458,131.93018801401473,LOGIN,LOW
2026-08-12T12:18:36,-70.15553270124556,-22.648956829879097,PURCHASE,LOW
2026-03-14T06:04:43,-63.478031890571295,-109.48190521169704,ERROR,HIGH
2026-08-02T15:20:22,87.11387987632702,68.24640495010115,LOGIN,HIGH
2026-12-20T16:24:43,-27.91999477860456,-2.6112143673431945,UPLOAD,HIGH
2026-11-30T04:51:20,67.89971235878212,-45.51108925165042,UPLOAD,HIGH
2026-09-29T02:53:55,27.979065100469583,-14.776031905994955,LOGOUT,LOW
2026-09-10T07:55:23,19.97354354967146,-131.7764270775124,PURCHASE,HIGH
2026-08-04T17:38:26,32.51417332409072,160.8603195827282,LOGOUT,LOW
2026-03-16T23:31:22,-9.952672301833474,83.20917216762257,LOGOUT,CRITICAL
2026-01-22T18:53:33,76.7636667350641,71.53804073585326,PURCHASE,HIGH
2026-01-25T20:48:53,39.19819270115502,-37.90529567177927,ERROR,CRITICAL
2026-06-22T22:11:22,-87.88487113135795,-109.03306941301668,LOGOUT,CRITICAL
2026-02-24T14:43:04,62.76642527670134,102.17639738791905,UPLOAD,HIGH
2026-03-19T20:26:03,-89.21802729138528,-155.749099583639,LOGOUT,LOW
2026-01-11T12:16:45,57.907090118875374,122.76415689024128,UPLOAD,HIGH
2026-07-15T11:50:22,75.25905436512767,-134.45993349275463,PURCHASE,CRITICAL
2026-03-21T01:07:57,-53.17330242162031,90.98570433635899,ERROR,HIGH
2026-09-20T09:56:04,13.726296339814496,-171.74125327975466,UPLOAD,LOW
2026-12-31T11:29:54,85.91639536947613,14.49264480092171,ERROR,HIGH
2026-10-09T02:08:02,43.21190889823987,-149.11417088633573,LOGOUT,HIGH
2026-01-04T09:20:31,63.32783773841163,50.44139656263755,PURCHASE,CRITICAL
2026-12-23T06:21:49,-38.51274907352435,-23.448265823610825,UPLOAD,LOW
2026-01-10T07:56:46,11.21242625539675,-46.63020394592229,ERROR,HIGH
2026-08-09T16:33:36,38.734611646159124,-161.28051429285955,LOGOUT,LOW
2026-04-12T13:49:54,21.893693853366457,94.8951920284303,LOGIN,CRITICAL
2026-12-28T09:09:13,-51.27318481090609,-162.02934222703237,LOGIN,LOW
2026-02-12T01:15:14,71.80595844778725,-74.96153428449037,LOGIN,HIGH
2026-05-14T23:27:08,51.67496935973648,11.014678310917844,LOGIN,CRITICAL
2026-12-07T21:27:23,-81.2182381822714,162.59710512021297,UPLOAD,CRITICAL
2026-09-06T03:11:15,46.31978192244142,84.7072372798624,PURCHASE,HIGH
2026-09-05T19:07:32,-77.73521027695237,-78.5356108686559,PURCHASE,LOW
2026-01-25T19:21:08,-27.257228396683658,-41.413650798015794,UPLOAD,HIGH
2026-01-30T10:57:09,33.678644138901205,120.1096236621006,LOGOUT,CRITICAL
2026-09-04T08:09:17,27.815428961403725,-81.20143305198422,LOGOUT,HIGH
2026-05-01T12:09:08,-7.545333820958589,-53.18510009313448,LOGIN,LOW
2026-01-17T08:03:12,22.403772585459848,-175.6719899392177,ERROR,CRITICAL
2026-12-28T17:14:53,-32.80299195157013,-78.54039489435908,LOGIN,HIGH
2026-11-23T12:46:36,56.815514871064835,17.609349298589308,LOGIN,LOW
2026-12-27T01:35:03,19.47571550828455,-124.28361505353593,ERROR,CRITICAL
2026-02-09T21:18:11,-17.136279482078635,38.27136359931154,UPLOAD,CRITICAL
2026-10-01T03:05:02,-53.24293190932341,72.6216247455705,ERROR,LOW
2026-02-11T10:32:41,-24.153544955907478,154.02348265151977,ERROR,CRITICAL
2026-06-14T01:00:28,-69.69190511603847,24.75007985281235,ERROR,HIGH
2026-06-20T07:29:45,-25.875387607174787,84.9035365626994,UPLOAD,LOW
2026-09-15T20:53:14,-54.14288052343097,-31.02364433078293,ERROR,LOW
2026-10-07T09:27:14,-32.24743607885575,-169.88980382813364,UPLOAD,LOW
2026-05-26T14:32:40,-55.87356369193634,-51.64665436964799,UPLOAD,LOW
2026-08-17T09:08:21,-27.40004795821934,-62.22634137940864,LOGOUT,CRITICAL
2026-05-24T13:05:05,-45.55552791316596,162.66791735730732,LOGOUT,CRITICAL
2026-09-12T19:36:30,16.78806125136815,93.99044978100619,LOGOUT,HIGH
2026-03-03T20:03:35,-20.17866289591528,57.40493544287574,LOGIN,HIGH
2026-12-18T15:08:25,49.8198178862917,-6.487981076133337,UPLOAD,LOW
2026-01-26T20:09:32,32.637500609793946,14.193308153586173,PURCHASE,HIGH
2026-06-16T02:59:02,8.649541342839086,37.710844523031284,LOGOUT,LOW
2026-11-13T10:22:03,67.4949973802731,-107.13824538643937,LOGOUT,CRITICAL
2026-05-13T10:05:34,-53.18846070493571,144.34205038296767,ERROR,LOW
2026-07-06T00:30:32,45.7109615889546,-25.200899740236224,UPLOAD,CRITICAL
2026-03-28T04:59:24,-44.091672174647144,-154.932346420961,PURCHASE,CRITICAL
2026-10-03T18:48:06,-78.97859908916674,-64.82332940934977,UPLOAD,HIGH
2026-04-27T10:33:51,-13.235561406842166,168.58109389155464,LOGIN,CRITICAL
2026-07-01T09:50:03,57.27319862156969,158.89567918699856,LOGIN,CRITICAL
2026-12-22T18:38:50,11.574523048806071,-10.115508399738474,LOGIN,CRITICAL
2026-06-27T08:33:57,47.79463089374639,-99.4462987780187,LOGOUT,HIGH
2026-11-05T02:38:01,-4.479152974145961,-15.88300398627382,LOGIN,LOW
2026-12-08T07:11:36,46.79197915067735,-74.7038095409045,PURCHASE,LOW
2026-09-27T05:58:08,41.84779753187047,54.89036009776257,ERROR,LOW
2026-01-01T10:13:19,50.44189712745728,-157.8677335150298,ERROR,LOW
2026-02-26T20:47:50,-76.82699554675081,117.82091834366446,PURCHASE,LOW
2026-03-17T03:11:51,-36.86340941843077,-75.50373721130539,LOGOUT,CRITICAL
2026-01-21T03:04:54,-27.21622367952252,57.11286257232911,ERROR,HIGH
2026-02-06T11:32:37,46.33042880466462,120.31871686913877,ERROR,LOW
2026-09-21T06:04:23,14.332285410624422,47.12285437364304,LOGIN,HIGH
2026-05-22T15:51:08,37.75980271238461,-23.579102710246133,ERROR,HIGH
2026-10-26T21:47:59,-8.053388348150733,-73.44157297425652,UPLOAD,CRITICAL
2026-10-08T22:51:03,32.627058833636184,8.645464686229701,LOGOUT,LOW
2026-04-22T16:21:57,50.216163306553426,-174.21200211131912,UPLOAD,CRITICAL
2026-05-23T09:23:01,-62.578954927132756,157.02088726075903,PURCHASE,LOW
2026-09-19T22:27:43,-21.62486402103947,76.55273267053474,LOGOUT,HIGH
2026-08-31T09:26:03,-53.947664258675026,70.04072029611189,LOGOUT,LOW
2026-08-14T00:54:57,-76.33101659385093,-86.98581868562249,UPLOAD,CRITICAL
2026-01-06T03:49:37,-7.442155004849923,-49.73552130475193,PURCHASE,HIGH
2026-09-18T21:16:28,-46.21560070037829,-161.97521541703722,LOGIN,HIGH
2026-07-11T09:37:05,51.94634955597783,31.22778237718478,LOGIN,HIGH
2026-01-15T10:11:14,44.13989295346903,-145.3742184058708,LOGIN,HIGH
2026-10-03T06:51:36,59.18473082568855,-125.49886352672246,LOGIN,LOW
2026-07-15T16:52:08,-84.11459353402961,-35.522743422436264,UPLOAD,CRITICAL
2026-10-06T18:04:51,-52.39171653616104,-85.80449443988225,ERROR,HIGH
2026-08-21T04:35:01,-7.97142479246061,20.270019253082438,LOGOUT,LOW
2026-05-04T17:58:55,-37.975971167027836,0.1417271565109388,LOGOUT,HIGH
2026-07-11T01:44:26,70.99756178309462,36.044281626349516,LOGIN,HIGH
2026-08-10T13:01:34,-17.4744610118951,25.248376673938935,PURCHASE,HIGH
2026-04-05T03:56:48,84.65385437998452,75.91699854976397,ERROR,CRITICAL
2026-05-31T10:15:27,63.551478915315926,64.36032101088452,LOGOUT,LOW
2026-01-09T21:52:11,67.78735069468854,-147.01707169958914,ERROR,CRITICAL
2026-02-23T20:51:43,57.11162431785422,-33.23946451856389,PURCHASE,LOW
2026-10-30T09:49:31,3.3205816563789625,-68.26394035351026,UPLOAD,HIGH
2026-04-13T11:26:35,64.49605852376575,33.20807013355952,LOGOUT,CRITICAL
2026-07-13T10:15:19,30.565898888829523,-75.56463002457514,LOGIN,LOW
2026-09-25T15:51:59,68.50435146864308,63.108463859695405,LOGOUT,LOW
2026-08-01T02:03:41,-19.597865048551952,-162.13338173113874,PURCHASE,CRITICAL
2026-10-17T19:51:41,-22.141742988050495,-173.71151182750887,LOGIN,CRITICAL
2026-01-10T08:30:50,10.706101341726082,-58.34864541344936,LOGOUT,LOW
2026-07-12T10:27:44,67.93409422500048,-35.76801908337288,LOGOUT,CRITICAL
2026-01-23T03:27:55,68.2394845492664,70.58663980049454,LOGOUT,LOW
2026-05-05T09:06:59,71.7480791788216,124.20566883656141,LOGOUT,HIGH
2026-08-21T08:18:20,38.298304656691016,119.73815800871154,LOGOUT,LOW
2026-02-04T17:21:13,73.27341072617645,-159.52880755024046,LOGIN,CRITICAL
2026-01-21T08:32:43,4.738205132901456,34.26791468197064,LOGOUT,LOW
2026-08-03T18:44:49,-10.193890230451501,-138.97509886501257,LOGIN,HIGH
2026-11-28T12:12:08,58.31094440598048,168.18354976287304,LOGOUT,CRITICAL
2026-09-07T23:41:33,86.83149971592402,-96.96925251981595,PURCHASE,LOW
2026-05-11T03:23:07,7.875924397562514,159.59704917705955,LOGOUT,CRITICAL
2026-09-23T05:29:18,-80.8969760544989,86.25423135490303,LOGIN,HIGH
2026-10-02T06:58:47,-50.28748337921278,-20.346654428711105,ERROR,LOW
2026-04-05T03:43:06,48.65659710129461,-38.19308145834711,UPLOAD,CRITICAL
2026-01-10T14:31:26,2.132089003894748,111.87881938848699,LOGOUT,LOW
2026-09-19T21:40:08,24.33409644094172,7.1686114671881285,PURCHASE,CRITICAL
2026-04-28T17:05:42,50.36576377299062,141.8866083850467,PURCHASE,HIGH
2026-11-25T20:47:13,-89.32574110532784,-54.906264483259605,LOGOUT,LOW
2026-11-18T15:27:54,65.36954685759372,-148.22029968290843,PURCHASE,CRITICAL
2026-08-02T00:12:19,80.43797744941986,62.76354551845614,LOGOUT,LOW
2026-12-01T18:35:22,20.317129029907804,-1.0099162552305359,LOGOUT,CRITICAL
2026-06-23T22:24:02,21.372096916220116,-75.52226996165878,LOGOUT,LOW
2026-08-05T14:08:11,15.215318782168453,-135.0748852720963,PURCHASE,LOW
2026-09-17T03:22:10,-14.005667201036658,-96.19901291449747,ERROR,CRITICAL
2026-12-02T08:32:13,-25.923914040811468,-169.63861381494613,LOGIN,HIGH
2026-11-12T11:07:59,-2.5520824127991375,-7.582965132381929,LOGIN,CRITICAL
2026-07-12T07:58:03,-3.831077727205127,133.1038871650331,LOGOUT,CRITICAL
2026-07-26T03:08:18,7.684706940415822,164.948615715115,ERROR,LOW
2026-06-17T22:39:12,8.054450412643163,146.17874353623745,PURCHASE,LOW
2026-02-04T02:11:01,41.16774915049422,-37.25558581594217,LOGOUT,HIGH
2026-12-25T23:16:19,-17.72673792435556,33.16483361430099,LOGOUT,HIGH
2026-06-17T20:54:44,-11.703358442384157,5.300366424686501,UPLOAD,LOW
2026-08-10T07:37:44,35.86265760512339,-109.90215598704924,ERROR,LOW
2026-06-03T11:17:02,88.11188956397856,-63.048726164974966,LOGOUT,CRITICAL
2026-12-23T00:58:41,25.34829220474326,63.35218877432226,UPLOAD,CRITICAL
2026-01-01T06:17:54,-6.5160804058752575,29.080860392328617,LOGOUT,HIGH
2026-08-08T15:46:46,6.382915967040105,-131.19153859879685,PURCHASE,CRITICAL
2026-07-05T02:25:53,-3.5509946668626924,-125.17418745025785,PURCHASE,CRITICAL
2026-11-21T15:34:48,-0.7189964619819307,-73.30110573040315,UPLOAD,LOW
2026-12-21T05:42:50,10.267865408095346,165.45311918213025,UPLOAD,LOW
2026-05-04T03:28:20,-84.72127462647869,-153.9216571253228,PURCHASE,LOW
2026-10-28T06:48:31,-10.652985724174385,141.0989837423029,ERROR,HIGH
2026-07-07T12:27:01,9.25849009221956,-112.15043957683012,LOGIN,LOW
2026-08-18T05:21:15,82.30790459231218,130.67000364432226,ERROR,HIGH
2026-11-08T05:53:28,-73.2937397346722,11.835661522332032,LOGIN,CRITICAL
2026-02-14T07:57:43,61.47243258252149,-68.98684897117643,ERROR,LOW
2026-01-22T18:43:35,67.14674321761646,-50.01804621076275,LOGIN,LOW
2026-10-06T23:58:01,18.624430843103084,-85.71950750710747,UPLOAD,CRITICAL
2026-09-06T00:09:17,-57.42953289960669,161.24189466978652,UPLOAD,HIGH
2026-05-16T18:19:44,25.10136115066703,177.27049304488457,LOGOUT,CRITICAL
2026-01-07T11:17:07,49.309457133958176,32.27421425747647,LOGIN,LOW
2026-02-09T11:40:58,41.59555239896426,-126.02682439712925,LOGIN,LOW
2026-09-08T00:08:51,1.2916410748400011,120.82073975505722,LOGIN,HIGH
2026-04-17T21:23:42,-59.23523483506055,91.52471236030834,LOGIN,HIGH
2026-09-14T22:15:26,25.76303547718237,-55.933362143303825,LOGOUT,LOW
2026-03-30T04:22:14,63.176772847964344,-33.09324877186032,LOGOUT,LOW
2026-09-04T05:11:44,10.942824056907838,-41.60095944603276,LOGIN,LOW
2026-10-31T21:02:48,81.40060655568143,50.017914700535016,LOGIN,LOW
2026-11-12T11:59:18,-42.897738505979305,-117.80601050189534,ERROR,CRITICAL
2026-10-03T23:08:18,-13.774583451444613,-86.55754646189776,UPLOAD,HIGH
2026-05-22T03:52:46,-46.940755959427094,160.26865337295686,PURCHASE,LOW
2026-09-28T19:10:41,55.615042439056026,-1.8654686340194644,LOGIN,CRITICAL
2026-10-24T04:19:17,-40.12389916990999,-39.2298255818088,UPLOAD,HIGH
2026-12-17T00:38:42,-16.558785422950393,99.71020524944504,ERROR,HIGH
2026-01-20T07:14:05,39.66499826667675,15.39005641012281,ERROR,LOW
2026-05-21T13:01:53,26.26942273011207,-88.86527018019602,PURCHASE,LOW
2026-04-09T19:02:55,-30.544855815025826,-156.38994827086134,ERROR,CRITICAL
2026-06-16T15:51:00,71.33822037886941,171.06592530850548,ERROR,HIGH
2026-12-27T04:43:32,67.3197133283347,-108.49440604558177,PURCHASE,CRITICAL
2026-03-19T00:16:55,51.57880197019307,22.163162133897544,LOGOUT,CRITICAL
2026-12-31T23:22:20,76.82923304715206,55.769089437512605,ERROR,CRITICAL
2026-03-04T03:30:17,63.84168069786105,119.56499888024058,LOGOUT,HIGH
2026-06-02T02:19:18,59.37667022607056,6.330671256395732,LOGOUT,LOW
2026-01-12T09:04:55,64.92180257543308,112.10545633629215,ERROR,HIGH
2026-07-23T16:55:35,-5.220081651035144,152.7521963629224,UPLOAD,HIGH
2026-04-05T15:28:42,-61.367740935347086,138.1758337777851,ERROR,CRITICAL
2026-08-06T19:31:32,-50.680248601438876,118.48346824629635,PURCHASE,HIGH
2026-04-05T16:53:37,66.82815488853615,82.36807044613721,UPLOAD,CRITICAL
2026-05-11T23:05:07,65.97370577158742,-168.59744572511926,LOGIN,CRITICAL
2026-11-03T23:29:12,-34.99171616552094,107.89555118565573,PURCHASE,CRITICAL
2026-01-13T09:09:11,17.258527960451843,11.52420026727296,ERROR,HIGH
2026-03-06T03:38:07,41.906944722620494,-177.05140189521626,ERROR,LOW
2026-04-19T21:10:57,-59.00123979748881,174.8921748469545,UPLOAD,LOW
2026-08-09T06:10:13,-81.77788715474506,-11.721397035858274,LOGOUT,CRITICAL
2026-07-10T07:20:21,73.25738329841292,124.03308294683274,UPLOAD,HIGH
2026-04-15T17:14:13,24.288519486221787,151.9509154880751,LOGIN,LOW
2026-08-07T08:20:45,76.5677011396283,-157.16316974300412,LOGOUT,HIGH
2026-08-06T03:08:21,88.70521905429317,-140.42207384433564,LOGIN,CRITICAL
2026-02-21T12:26:11,34.04297862571735,48.969277752575294,PURCHASE,HIGH
2026-01-09T23:51:48,28.428052315849456,165.39172025351007,LOGIN,HIGH
2026-03-23T10:42:39,-28.18481697994732,138.49860655742037,LOGOUT,HIGH
2026-08-20T16:56:54,-42.33181387990591,66.1608312070313,LOGOUT,LOW
2026-10-19T12:04:08,-1.5352513516001807,129.05009820816565,PURCHASE,LOW
2026-01-31T13:15:05,53.54770354836529,80.95803712333105,LOGIN,LOW
2026-02-25T05:44:16,-46.97989047894132,-53.066578452306985,LOGIN,HIGH
2026-12-04T11:04:56,-59.96343201250657,-51.13089899365451,ERROR,HIGH
2026-02-27T20:39:38,9.244919256445797,122.57739903950574,ERROR,LOW
2026-11-10T01:37:24,30.210827007221297,-140.03658049490855,LOGIN,CRITICAL
2026-05-22T03:51:16,-0.736166833192101,10.270696500524764,UPLOAD,CRITICAL
2026-09-20T21:08:16,-26.98247907503631,-74.67998025417522,LOGIN,HIGH
2026-09-03T09:55:41,46.187816840782745,171.64768975043302,UPLOAD,CRITICAL
2026-02-01T09:18:45,15.228056920968399,-63.29558347347297,LOGIN,HIGH
2026-09-16T11:29:21,72.33787615722949,-70.40288952106827,PURCHASE,HIGH
2026-10-21T12:33:22,33.16736280609305,67.90959599131321,LOGIN,HIGH
2026-02-22T16:55:54,-4.696865576760061,15.773856224658942,LOGIN,HIGH
2026-06-26T22:45:22,-54.03665822341196,-20.785732492322325,ERROR,LOW
2026-11-24T13:26:24,-64.72850045372476,-148.72717648440403,PURCHASE,HIGH
2026-05-26T11:04:32,83.39808640012228,78.8910458973715,LOGOUT,HIGH
2026-04-10T22:28:18,68.93463327192259,-117.43206000944467,ERROR,LOW
2026-07-19T11:59:19,-43.64305768438108,-137.3298163412583,ERROR,HIGH
2026-03-04T01:17:33,-87.45919088983553,43.717050968463354,LOGIN,HIGH
2026-08-10T18:17:29,-47.872551865201245,37.262644615865554,ERROR,LOW
2026-01-08T20:04:08,52.217930197230146,-95.44630607768167,UPLOAD,CRITICAL
2026-05-11T11:59:59,80.96766794678311,-23.10242482942803,ERROR,LOW
2026-05-01T16:32:11,-29.594369040075712,76.4196950105939,UPLOAD,CRITICAL
2026-07-29T15:47:37,-64.28903918576724,115.52003625791792,ERROR,HIGH
2026-03-30T09:03:01,31.8057790747972,-144.01503874993756,LOGOUT,LOW
2026-04-19T21:29:22,50.696031907553305,118.00247608977327,UPLOAD,CRITICAL
2026-07-26T01:28:54,82.30855112467776,-68.91247137822619,PURCHASE,LOW
2026-09-13T09:00:11,-37.48457955540479,-125.18869116465486,LOGOUT,HIGH
2026-08-25T01:10:08,56.863827881310016,-35.734369850152916,PURCHASE,LOW
2026-11-30T14:39:22,32.313940123137016,19.071735018890507,LOGOUT,LOW
2026-04-06T15:50:10,-44.03669384231694,-10.302964670566666,PURCHASE,HIGH
2026-05-28T00:46:38,-6.019512465112186,38.29627081355599,LOGIN,LOW
2026-10-06T23:22:21,-30.377624685281326,32.56922728375963,PURCHASE,CRITICAL
2026-04-11T11:49:31,-55.06514906023427,-149.3708802187337,LOGOUT,CRITICAL
2026-04-27T04:19:23,-45.228313070102374,137.85566643933458,PURCHASE,LOW
2026-12-22T11:41:39,53.19817599073167,139.17550752854726,LOGOUT,CRITICAL
2026-08-16T06:58:44,-2.9143830608133783,-137.26715949063512,LOGIN,HIGH
2026-01-07T03:15:48,-16.559958260700654,65.99517770436975,LOGIN,CRITICAL
2026-12-30T13:20:31,-5.814094924239853,-134.45746049033355,PURCHASE,LOW
2026-12-20T07:02:12,-8.655392986138892,128.60391362175739,UPLOAD,LOW
2026-11-23T22:38:16,-13.075071383820301,66.71100304408469,LOGIN,CRITICAL
2026-01-21T19:21:25,41.60776935976409,-3.89815567216516,UPLOAD,LOW
2026-03-02T20:50:16,-72.36895958433519,17.980167333981512,ERROR,CRITICAL
2026-12-16T11:36:24,-76.40711753344296,-63.985317950283815,LOGOUT,CRITICAL
2026-06-28T20:15:31,-11.673094629924549,-5.743301205284894,LOGIN,HIGH
2026-02-23T04:05:03,11.67840847739619,65.68007143169282,ERROR,LOW
2026-06-21T16:23:58,25.82447776617967,-55.34744511425977,UPLOAD,CRITICAL
2026-08-29T07:10:18,61.28775143041625,-150.8489440803406,LOGOUT,LOW
2026-04-09T18:12:22,-40.650471767758695,-161.59736123884605,LOGOUT,LOW
2026-02-20T20:22:33,49.70047158238552,-44.17785803031589,UPLOAD,LOW
2026-08-06T15:52:41,-1.0138943799489795,40.65041193602568,LOGOUT,CRITICAL
2026-05-01T06:24:49,24.83121694862558,136.97919413376206,LOGOUT,CRITICAL
2026-05-03T19:16:32,0.5398058292098966,-17.067926570447696,ERROR,LOW
2026-04-03T07:53:40,26.743322761655236,-162.89133058494164,LOGIN,CRITICAL
2026-10-31T06:14:46,39.38878627093305,-105.94244079044982,ERROR,CRITICAL
2026-09-25T21:09:24,-7.337118817153595,-54.72515533018799,LOGIN,CRITICAL
2026-10-04T02:50:43,40.24824832614672,-93.56630054138033,ERROR,CRITICAL
2026-07-16T02:50:06,-72.67351174326515,-152.8138887888216,LOGOUT,CRITICAL
2026-09-16T06:32:10,-66.21075674628244,-117.89166371672196,LOGIN,HIGH
2026-02-08T21:16:01,-46.13681238873233,-78.90577901075108,LOGIN,LOW
2026-07-31T20:21:16,-34.109211945958776,-126.39698892048061,LOGIN,LOW
2026-07-27T22:26:59,28.35610790880682,-119.1387694314246,LOGOUT,LOW
2026-01-13T05:50:46,48.77068235748396,86.4835440435653,LOGIN,CRITICAL
2026-05-31T04:38:12,4.134937836829764,80.51933736134066,ERROR,LOW
2026-06-11T07:12:40,61.39729992767249,-94.478751171458,UPLOAD,CRITICAL
2026-09-17T06:09:04,32.439818795559304,53.46461965015649,ERROR,LOW
2026-10-14T17:15:44,-21.532389610693755,-175.453069748667,UPLOAD,CRITICAL
2026-10-02T08:24:45,-34.87382190940614,-5.006899876685139,ERROR,LOW
2026-01-18T22:21:48,-82.30648574110675,-52.708252619321954,LOGIN,HIGH
2026-09-29T08:48:58,39.10884855650488,100.99559797441566,ERROR,LOW
2026-06-27T09:14:14,-69.45481748829567,-93.080092543081,UPLOAD,HIGH
2026-12-05T09:40:40,52.9698689651878,106.00410726305739,UPLOAD,CRITICAL
2026-05-05T12:35:26,-71.24407922882882,-101.99102874726051,LOGIN,CRITICAL
2026-05-25T04:54:03,-75.43314443785991,-140.35349370855926,UPLOAD,LOW
2026-08-30T15:28:17,-42.33034801677947,51.32957689028672,PURCHASE,HIGH
2026-12-30T00:24:34,-24.593647303753855,37.982851640432614,LOGOUT,CRITICAL
2026-06-03T13:39:18,-28.05891393931453,-39.78528994192979,LOGIN,CRITICAL
2026-03-14T06:14:44,-8.366485260415843,-0.5341322111409852,LOGOUT,HIGH
2026-06-23T06:23:36,42.185078883051546,111.91719652621782,UPLOAD,CRITICAL
2026-06-11T06:37:52,45.0150393355336,124.72464616027872,LOGOUT,CRITICAL
2026-05-18T15:01:05,-17.857439375077817,-131.590076184372,ERROR,HIGH
2026-12-25T17:11:48,49.74503352725114,15.805005719908479,LOGIN,HIGH
2026-05-22T03:39:33,-1.0046023328216478,-14.84410080730612,LOGOUT,CRITICAL
2026-11-25T13:55:09,63.373056012805705,-7.9821474173791955,PURCHASE,LOW
2026-03-06T10:03:03,41.29895139606427,-101.73045421048549,PURCHASE,CRITICAL
2026-05-28T21:08:01,83.05466124707874,-71.30667070326976,ERROR,HIGH
2026-03-10T07:35:18,-1.0369669171622036,-106.2743307507959,LOGOUT,LOW
2026-04-26T06:54:23,81.25705363151292,-140.23800532681784,ERROR,HIGH
2026-10-30T14:04:02,-72.58278248343167,-72.65149844675005,LOGIN,HIGH
2026-03-14T01:37:36,-36.80611363020118,-98.36488157086023,UPLOAD,HIGH
2026-07-26T13:20:03,42.681953727228006,-105.40477961761474,ERROR,HIGH
2026-07-06T02:26:50,-85.101632092078,-89.90930542508266,PURCHASE,HIGH
2026-07-29T04:33:41,85.85232929712373,-40.50029506135073,UPLOAD,HIGH
2026-12-27T00:00:41,-86.06745348154672,-44.1343960282629,UPLOAD,LOW
2026-01-02T03:52:04,-84.90477345813284,14.86213147014493,ERROR,CRITICAL
2026-08-23T07:38:33,75.69614093993127,-97.97855686721772,LOGOUT,CRITICAL
2026-11-24T08:45:49,-75.82357214546643,-55.97445512119589,LOGOUT,CRITICAL
2026-02-26T07:11:20,50.30358412780183,74.50087395026716,UPLOAD,LOW
2026-09-14T19:57:18,25.892833696157396,-6.280467684453868,LOGIN,HIGH
2026-05-09T02:14:36,17.695820630712475,-79.14256257423006,LOGIN,HIGH
2026-01-20T08:54:40,-22.118332730912996,157.1908933431867,LOGOUT,CRITICAL
2026-02-06T13:53:38,-75.24791808591115,-17.40145816414065,LOGOUT,CRITICAL
2026-03-02T22:12:38,-39.46215371514438,-135.33220628877137,LOGOUT,LOW
2026-02-03T23:36:24,6.56524047671472,-19.313989797619087,UPLOAD,HIGH
2026-09-11T05:06:51,-80.38290357115258,117.8580088389296,PURCHASE,CRITICAL
2026-06-24T01:31:22,4.647650795489213,82.47540000394815,UPLOAD,CRITICAL
2026-04-08T21:13:24,59.87353640630246,-8.256848141696992,PURCHASE,CRITICAL
2026-08-27T13:41:41,-9.216774758914255,36.09627858159601,PURCHASE,LOW
2026-12-28T02:54:33,66.2847838123734,-141.67599814743022,LOGIN,LOW
2026-04-19T09:57:13,8.331347358674662,-32.68116977371369,PURCHASE,HIGH
2026-05-19T05:39:30,3.0210709035283685,-145.82850278138295,UPLOAD,CRITICAL
2026-09-15T10:45:54,-71.63901329724372,158.5748922891833,LOGIN,HIGH
2026-01-30T21:24:27,-1.3471177367368767,47.46332144948781,PURCHASE,HIGH
2026-12-01T14:25:10,-46.21428283267976,177.53523339969263,LOGOUT,LOW
2026-03-07T07:23:32,17.347982697037622,173.18513709180252,PURCHASE,HIGH
2026-06-24T05:32:49,57.23569729955139,88.14471030253355,ERROR,LOW
2026-06-12T13:11:28,17.40302812245406,39.16887333830786,LOGOUT,HIGH
2026-12-21T21:45:17,10.899667972929649,-154.4289884572865,UPLOAD,LOW
2026-07-24T02:32:03,63.5302082013597,75.78984329396391,UPLOAD,CRITICAL
2026-01-21T19:08:25,-19.446504149792887,172.09072605664608,LOGOUT,CRITICAL
2026-01-19T09:26:16,-69.51084302775737,-105.41466421275814,LOGIN,HIGH
2026-01-30T20:23:04,-13.316715818647538,-2.2494148813095194,LOGOUT,CRITICAL
2026-09-28T03:31:49,-59.086702758927146,-39.953710139921185,LOGOUT,HIGH
2026-12-24T15:37:35,-68.30381941482815,121.52828400692113,LOGIN,HIGH
2026-08-27T10:09:04,64.9769097182081,-61.40774774257903,UPLOAD,LOW
2026-10-20T22:42:23,62.619250030619014,-68.2299747457433,UPLOAD,LOW
2026-04-05T05:52:21,-4.280107311457641,-121.19680899012407,PURCHASE,CRITICAL
2026-04-25T21:33:17,-23.1171259815996,99.54897075777484,UPLOAD,LOW
2026-05-13T17:18:25,35.07202651945974,145.3699322668233,LOGOUT,CRITICAL
2026-08-21T02:59:09,75.0724696031167,17.337135918897275,LOGIN,LOW
2026-07-07T02:58:21,63.1100516775347,179.70858800192502,LOGOUT,CRITICAL
2026-09-03T11:45:46,-62.25711266554903,147.8793784676223,PURCHASE,LOW
2026-06-20T01:56:47,55.569955773794874,-154.8936550311322,UPLOAD,CRITICAL
2026-10-15T07:07:30,-56.83389903544765,20.75452802338046,LOGIN,CRITICAL
2026-10-15T00:28:56,61.747691606446125,145.16227022949482,PURCHASE,HIGH
2026-12-03T23:02:59,-14.225068825144675,-115.3785067375205,LOGIN,CRITICAL
2026-03-12T18:12:02,37.20031480354466,-33.90621504191077,LOGIN,LOW
2026-09-28T09:10:48,7.559999757481322,-96.02245088129199,UPLOAD,HIGH
2026-05-20T00:52:18,-43.5225600184484,116.9332575414129,UPLOAD,HIGH
2026-05-04T15:08:05,-47.924248748370395,-66.97754218980486,LOGOUT,LOW
2026-08-23T05:22:17,-46.37494190363697,142.11226819345717,ERROR,CRITICAL
2026-06-05T07:44:14,3.8369585504081414,85.27621777030055,UPLOAD,LOW
2026-09-10T16:08:42,15.685790905034679,70.4748666150619,PURCHASE,HIGH
2026-12-09T12:10:36,51.88678699935281,13.816558773316473,LOGOUT,CRITICAL
2026-04-18T19:05:39,74.63996090954811,-168.4402382190138,UPLOAD,CRITICAL
2026-12-03T09:58:33,-58.34844137377087,-141.25999029036754,ERROR,CRITICAL
2026-10-29T12:34:14,70.56635658348236,-61.69606540869053,LOGIN,HIGH
2026-06-05T12:33:30,1.480009493134503,-156.04467931505943,LOGOUT,LOW
2026-08-30T10:39:52,-5.31566325888258,156.34999598834838,ERROR,LOW
2026-07-05T17:19:28,34.633904729004044,-136.43140247184155,LOGOUT,CRITICAL
2026-04-25T01:48:06,85.43177427364085,74.28499349323948,LOGOUT,HIGH
2026-02-21T11:57:35,27.0821238375988,52.68215553063868,PURCHASE,LOW
2026-09-25T07:50:40,21.011287529303857,136.64125654912402,LOGOUT,LOW
2026-06-09T22:12:17,31.26768383551604,-91.5719215084769,LOGOUT,HIGH
2026-05-02T10:18:26,-34.46259332953591,-174.81023107549524,UPLOAD,LOW
2026-09-09T23:22:48,52.3624804303102,-75.53186076399706,LOGOUT,HIGH
2026-10-23T10:58:35,84.96432095389397,134.1414566865741,PURCHASE,LOW
2026-09-17T23:16:45,87.34495595296903,-168.90576081988894,PURCHASE,LOW
2026-11-10T23:51:28,60.621127305245295,-47.57194606485791,UPLOAD,HIGH
2026-06-20T13:48:38,-15.956506556371522,72.55862446129626,LOGIN,LOW
2026-09-17T13:04:43,42.45095128309495,-26.713193381926402,LOGIN,HIGH
2026-06-11T18:19:34,88.14481026912927,-177.0968235986837,UPLOAD,HIGH
2026-02-10T00:29:49,-34.39272501246108,-53.440916618213194,UPLOAD,CRITICAL
2026-08-29T19:12:11,37.20262938508132,143.01175347944604,ERROR,LOW
2026-05-05T05:51:40,-34.01170738378732,49.06349605563764,PURCHASE,HIGH
2026-02-06T05:58:47,33.18789567067314,44.492107779450066,UPLOAD,LOW
2026-05-30T17:31:33,64.81402392459506,60.26300821195866,LOGIN,LOW
2026-09-07T17:14:02,-54.06587945450032,-42.00089249738312,UPLOAD,HIGH
2026-03-12T09:15:58,44.88280835765073,33.70763179978405,LOGOUT,LOW
2026-09-04T06:55:25,82.22584136880869,-92.9297058813083,ERROR,CRITICAL
2026-05-29T04:48:48,-12.099198662076276,59.02742458250313,ERROR,CRITICAL
2026-03-09T06:59:04,49.566191510994514,25.14506403290241,LOGOUT,LOW
2026-07-28T15:37:16,-20.92979448446114,24.725209549199064,LOGIN,LOW
2026-08-31T18:28:15,58.08962462483251,101.67679780437118,LOGOUT,CRITICAL
2026-09-20T20:18:04,-87.07633338541213,43.600114326907914,LOGOUT,HIGH
2026-02-19T06:00:57,-39.52031584332212,47.13339648483861,LOGOUT,HIGH
2026-01-01T20:30:40,-21.861593451833926,62.405117630681985,UPLOAD,CRITICAL
2026-03-14T22:36:55,-41.37139712408133,-111.12643754060694,PURCHASE,CRITICAL
2026-07-20T22:26:45,6.983632212962405,-97.17402143167027,LOGOUT,HIGH
2026-03-23T01:06:12,-4.92483163798704,-143.09005753647162,UPLOAD,HIGH
2026-06-19T09:29:31,72.45537661174629,-88.41534626934153,LOGIN,CRITICAL
2026-06-18T19:18:13,49.688297253155184,-49.69032308238195,PURCHASE,LOW
2026-04-21T09:40:13,-45.16391418172039,22.327199157880386,ERROR,CRITICAL
2026-02-21T20:47:00,9.807312632787955,-56.3308524526918,ERROR,HIGH
2026-03-21T07:18:16,-28.795352668951097,119.83098423343296,UPLOAD,HIGH
2026-03-05T08:06:05,85.33461896062857,126.92331225722472,UPLOAD,CRITICAL
2026-05-25T22:38:24,19.58014897224524,136.4896586148535,ERROR,CRITICAL
2026-12-03T04:14:43,-88.51378765126348,24.95456035205126,UPLOAD,HIGH
2026-04-21T01:17:09,-31.183350997304387,-63.822263357503004,LOGIN,HIGH
2026-06-07T05:32:46,-30.935283094165612,-86.89886357749661,LOGIN,CRITICAL
2026-07-23T03:01:38,-53.746352338675855,-166.45118926221164,UPLOAD,CRITICAL
2026-05-13T03:06:28,-40.685630406831486,18.172353678324413,ERROR,LOW
2026-12-29T22:44:39,-40.54109575247827,-77.47130314822586,UPLOAD,CRITICAL
2026-06-06T02:35:12,30.05316144162741,5.884130795551329,ERROR,HIGH
2026-06-24T18:03:37,16.027713693685087,40.06459212735791,PURCHASE,HIGH
2026-01-07T08:52:10,-16.455059005742385,-141.6629814749406,LOGIN,HIGH
2026-08-15T21:31:50,-80.7317540399683,124.66055969827181,UPLOAD,HIGH
2026-12-19T16:53:52,-75.23361448539166,-170.5259255557163,LOGOUT,CRITICAL
2026-04-12T05:59:34,53.30119141378702,162.39286882949415,ERROR,LOW
2026-05-11T18:28:47,-19.405981403006606,118.536939986488,ERROR,HIGH
2026-10-10T16:28:44,-31.357372999122198,54.94292558680726,LOGIN,CRITICAL
2026-10-10T17:11:04,0.93297344467004,159.72580438257012,LOGIN,HIGH
2026-07-10T20:07:52,29.19354686629481,-86.1265989939046,LOGOUT,LOW
2026-04-21T07:52:44,34.97296420743831,169.07642474471288,PURCHASE,CRITICAL
2026-12-11T16:57:20,25.13902408636278,-23.422560340358928,UPLOAD,HIGH
2026-01-08T05:47:54,68.92981451565683,177.18957583223732,PURCHASE,HIGH
2026-10-22T22:45:43,73.67959635701024,52.45668411735102,ERROR,HIGH
2026-11-29T18:37:37,37.33370962582936,104.75561217532311,LOGOUT,HIGH
2026-05-14T06:26:34,-34.04399955122915,-131.14280688064812,PURCHASE,LOW
2026-11-05T21:42:35,10.978213684514401,-154.0436425075949,UPLOAD,CRITICAL
2026-03-07T04:10:58,71.91155969801511,108.55342567304473,LOGIN,HIGH
2026-01-13T22:18:31,62.00720223344527,-61.0421739514848,LOGOUT,CRITICAL
2026-05-06T17:20:46,66.83279206626537,179.63710380033285,ERROR,CRITICAL
2026-03-08T23:09:39,46.00258073024878,134.83597710081727,PURCHASE,CRITICAL
2026-11-03T15:28:13,-77.1579283978544,-31.94204156240218,LOGOUT,CRITICAL
2026-09-09T04:50:46,-38.24602124739706,-91.98222821096532,ERROR,CRITICAL
2026-12-04T03:57:11,-80.68127944461128,-41.269459795128995,PURCHASE,CRITICAL
2026-05-17T05:38:12,-50.26775253258528,79.23255043002558,LOGIN,LOW
2026-10-26T22:52:27,-75.6960517687522,95.08579053632002,ERROR,CRITICAL
2026-08-13T12:20:05,-22.072948603370847,-59.95312996013989,UPLOAD,CRITICAL
2026-03-22T22:23:37,-89.72391786697088,-74.1794846104671,UPLOAD,HIGH
2026-02-27T06:08:41,73.17922201961889,145.3327937045745,ERROR,HIGH
2026-05-17T00:49:44,4.352555183236376,93.23520668555295,LOGIN,LOW
2026-05-31T09:48:58,-31.041377375336737,-127.19484404788929,LOGOUT,CRITICAL
2026-06-14T01:37:53,-51.18624921387957,-70.5439486741944,PURCHASE,LOW
2026-09-02T05:28:29,17.124019313377843,-34.9321178859382,UPLOAD,HIGH
2026-10-18T04:29:14,42.97491572329065,-91.94214400837947,LOGIN,CRITICAL
2026-01-28T22:31:22,31.367742369627308,-125.80588317943025,LOGOUT,HIGH
2026-06-20T18:42:54,32.332956015335085,-148.0401828017831,LOGIN,HIGH
2026-12-09T20:14:55,-50.42864776495305,-135.3485238632026,ERROR,HIGH
2026-04-19T17:14:02,65.94965416430716,-14.045729591263182,ERROR,LOW
2026-09-20T05:20:21,-15.574241427819487,-131.0742481073387,LOGOUT,HIGH
2026-06-22T15:00:17,6.872898164161356,70.78334580965677,UPLOAD,CRITICAL
2026-12-17T04:43:19,73.70815723961769,149.33884232588764,UPLOAD,HIGH
2026-11-13T00:23:42,-0.738371553317478,102.0803891009561,PURCHASE,CRITICAL
2026-04-16T20:57:21,33.14490073646438,54.02276401366086,PURCHASE,CRITICAL
2026-10-04T20:21:24,-29.829188250744963,31.475938316367376,LOGOUT,HIGH
2026-10-19T05:37:02,-7.254756080373625,-88.65003111851263,LOGIN,LOW
2026-07-04T22:29:20,-19.927188278499486,-28.839034730746192,ERROR,HIGH
2026-01-10T17:13:25,-42.27508368356915,-125.8928462258737,ERROR,HIGH
2026-07-01T11:02:50,-26.155532937548493,-69.07486278684281,ERROR,HIGH
2026-03-19T13:32:13,-36.35143551313848,-152.6287132937281,ERROR,LOW
2026-09-11T02:39:48,49.852030556149515,-158.61780893864858,UPLOAD,LOW
2026-11-03T07:50:07,-84.18272096065469,78.34578317958164,UPLOAD,HIGH
2026-10-14T19:05:03,-83.97051510709842,-32.74517376619406,ERROR,HIGH
2026-10-09T22:33:15,1.1233147010410107,-92.81946369892754,PURCHASE,CRITICAL
2026-04-13T06:59:14,-28.187051237002706,9.120148971294896,PURCHASE,CRITICAL
2026-09-13T05:46:54,-13.920042024685017,-91.43935022425411,LOGOUT,LOW
2026-12-02T21:37:52,31.830117877006984,158.93517336385264,ERROR,LOW
2026-09-03T04:07:19,33.036894386827115,149.56222952603156,LOGIN,LOW
2026-04-12T01:30:16,-6.045291385035469,127.96819209929043,UPLOAD,CRITICAL
2026-01-31T13:21:48,-77.37487561414093,84.82042169858028,PURCHASE,CRITICAL
2026-10-20T14:47:47,29.821473547079847,116.80986040614158,LOGIN,LOW
2026-08-22T00:28:15,34.098277820415674,35.22747472428617,UPLOAD,CRITICAL
2026-10-13T16:16:22,-18.1616009023886,-66.8310570888025,LOGIN,LOW
2026-08-01T16:10:30,-71.67558295344926,139.22332670227706,UPLOAD,LOW
2026-10-18T20:01:40,83.09908986544579,103.51995329926643,PURCHASE,HIGH
2026-06-15T14:11:54,-76.22985902314923,82.8598450892311,ERROR,HIGH
2026-06-15T01:45:18,76.1970266457028,3.8616155938881036,ERROR,CRITICAL
2026-07-09T01:52:17,30.407323837360636,-78.96091089101887,ERROR,CRITICAL
2026-08-15T15:05:01,-15.910426139971989,61.63728560748294,ERROR,CRITICAL
2026-12-10T20:52:53,-63.4929786065924,41.07963506651055,PURCHASE,CRITICAL
2026-02-21T17:12:30,-23.60518088384798,-56.48635899974204,UPLOAD,CRITICAL
2026-05-26T14:34:30,-86.98034424472057,51.085392108386,LOGIN,HIGH
2026-10-06T23:18:43,-60.46717192047049,-96.2386339232627,LOGOUT,LOW
2026-10-11T12:02:47,-57.51348194952848,73.57380648655365,ERROR,HIGH
2026-12-19T17:40:21,-38.560924276964585,-173.7543306231762,PURCHASE,HIGH
2026-09-22T05:52:21,-46.44555425520606,12.610771596723538,LOGOUT,LOW
2026-01-27T01:16:50,-44.39216844839508,-52.3608021124916,LOGOUT,LOW
2026-07-26T13:59:07,-20.061040016283414,-168.39665300400767,ERROR,HIGH
2026-06-25T04:15:04,66.17067474018393,-103.24294955555513,UPLOAD,LOW
2026-04-09T09:12:39,-8.319068759815238,86.63383171054255,PURCHASE,LOW
2026-04-12T10:05:45,-8.062709168629283,131.30784086048902,LOGOUT,LOW
2026-03-15T00:04:41,-31.08341404030194,-85.51597608976549,LOGIN,LOW
2026-12-28T04:26:34,71.49445663641995,134.55407382541273,LOGOUT,CRITICAL
2026-03-29T17:49:17,50.95638894154649,-6.893699226898775,LOGOUT,HIGH
2026-02-01T21:06:13,6.7087008419618,89.17878184843875,ERROR,HIGH
2026-05-01T10:17:01,76.62081134372602,131.22991516354836,ERROR,HIGH
2026-02-07T02:14:12,-53.31834408468708,168.97482598781642,PURCHASE,LOW
2026-07-16T07:26:19,31.376880957348106,-176.88143543237803,PURCHASE,CRITICAL
2026-05-26T04:53:21,-54.792831926372415,144.25271704855186,ERROR,HIGH
2026-07-27T14:00:37,56.648656831206864,-54.26575753380763,UPLOAD,CRITICAL
2026-10-29T07:10:06,6.833582413512332,49.57036391201248,LOGIN,HIGH
2026-08-02T17:53:19,18.417135171713696,-56.25820788996842,UPLOAD,CRITICAL
2026-01-23T11:32:06,55.59226411521837,8.105209986059947,LOGIN,LOW
2026-08-04T03:39:34,86.25710120439126,-61.09485171763498,UPLOAD,LOW
2026-05-27T07:56:07,-7.071202381483246,92.8434221707293,LOGOUT,LOW
2026-07-28T22:52:03,-53.003876733455606,127.3732488971674,UPLOAD,LOW
2026-05-01T19:11:11,5.848826000070787,163.65380708797488,LOGIN,CRITICAL
2026-12-13T05:38:55,38.96582065356736,-165.2211631563138,LOGIN,LOW
2026-07-26T22:42:13,-78.29448202667861,-87.04766339202595,ERROR,LOW
2026-04-11T15:08:00,-67.11565057453562,38.41210837312528,LOGOUT,HIGH
2026-12-22T05:52:55,-61.74248532575861,68.08945997786387,PURCHASE,CRITICAL
2026-06-29T22:21:53,44.021305973925706,-92.82142645040923,LOGIN,CRITICAL
2026-10-13T15:24:30,76.27337037242108,-117.58000446265103,UPLOAD,HIGH
2026-03-02T02:15:33,-5.007257887508814,-110.45089612700696,LOGIN,LOW
2026-04-25T20:20:15,40.271233858793465,-148.27641374773486,LOGOUT,LOW
2026-05-10T01:38:04,68.87768935710486,-51.710953038338175,LOGOUT,LOW
2026-01-25T09:04:32,-32.269000558389266,-165.96307971826678,LOGIN,HIGH
2026-04-26T06:40:48,-88.15270706295637,-21.257612766201703,LOGIN,CRITICAL
2026-10-04T14:16:43,-72.03451051662417,-162.91705204553898,ERROR,HIGH
2026-08-27T10:04:07,8.82532369013316,58.911764595653125,PURCHASE,HIGH
2026-06-27T07:59:34,-16.780098427414757,122.18767415621392,ERROR,LOW
2026-10-19T00:05:50,54.03961475921287,-62.806922825700084,PURCHASE,LOW
2026-11-01T02:53:07,10.505116682923159,170.55124600346642,UPLOAD,CRITICAL
2026-02-08T04:02:27,-64.55536713309783,157.95344249155266,UPLOAD,HIGH
2026-05-13T12:37:01,-62.513837740467864,-29.88862402407105,LOGIN,CRITICAL
2026-12-23T06:25:27,42.073662762824114,-142.92763614470647,ERROR,LOW
2026-12-23T09:45:07,35.059432645725806,-42.31970344787206,ERROR,CRITICAL
2026-08-28T04:13:35,-73.20897994109627,-158.8055655191708,UPLOAD,CRITICAL
2026-02-21T10:11:41,-61.193286183866235,-89.97886115134405,LOGIN,HIGH
2026-07-27T23:39:43,-64.54883593967122,116.72166154716018,LOGOUT,LOW
2026-09-24T19:26:07,-74.93063812026726,111.79879680067063,PURCHASE,CRITICAL
2026-06-06T03:55:20,-59.31014078059027,101.57901687301978,UPLOAD,CRITICAL
2026-10-30T13:42:29,-21.33746361860169,-127.43618390730235,UPLOAD,LOW
2026-09-03T05:19:40,-41.221788753699656,26.256677268945708,LOGIN,CRITICAL
2026-01-02T12:11:05,-87.99796251842915,24.7331032376143,LOGOUT,CRITICAL
2026-11-07T13:18:21,24.146069839622314,152.0941524007448,PURCHASE,HIGH
2026-02-20T07:05:08,46.81140589624985,18.45655818154674,ERROR,LOW
2026-10-01T04:42:53,-53.777386632396905,-127.52378753586117,LOGIN,CRITICAL
2026-09-14T17:02:33,-6.605535266426074,124.30266720234818,UPLOAD,HIGH
2026-08-28T02:35:46,-1.197760907539049,-133.62556299960684,LOGOUT,CRITICAL
2026-06-29T20:13:27,79.06960950774993,-127.89070144577565,PURCHASE,LOW
2026-04-25T15:51:03,-29.758119035304063,144.34832646100688,LOGIN,HIGH
2026-09-20T21:05:06,89.2528914817388,138.45024595545198,LOGIN,CRITICAL
2026-12-28T01:52:35,-63.46442621622271,47.43079737708757,UPLOAD,HIGH
2026-01-07T04:31:49,55.082452359934166,-164.18958407869187,UPLOAD,LOW
2026-03-09T09:09:38,52.43308505680045,119.43127114694113,PURCHASE,LOW
2026-06-12T12:47:12,50.97161832861744,124.99141565082164,ERROR,HIGH
2026-06-25T05:04:15,81.83148238685615,-36.30982064208078,UPLOAD,HIGH
2026-01-17T04:16:52,39.24307900907789,-171.61423912209847,LOGIN,CRITICAL
2026-07-15T05:17:02,84.96942409248553,30.392514033775058,PURCHASE,HIGH
2026-06-02T07:02:01,83.32862022374513,-86.54929732139723,LOGIN,LOW
2026-12-16T18:00:52,-19.99282345726192,45.721795430475055,PURCHASE,HIGH
2026-11-09T17:33:33,-65.78330010398952,5.336398491196633,ERROR,CRITICAL
2026-07-17T13:02:47,76.8142920127591,-20.592896475777906,ERROR,HIGH
2026-06-15T06:34:51,35.50625277203696,148.0761363475961,UPLOAD,CRITICAL
2026-11-19T04:19:11,-47.222101440039275,-105.83870872730752,LOGIN,HIGH
2026-09-09T07:54:55,-66.96414977827047,153.89218784644265,UPLOAD,LOW
2026-12-10T14:11:46,-74.12683860501477,-144.83271056584138,LOGOUT,CRITICAL
2026-05-29T10:16:27,-88.3581274302387,-79.40080722035482,UPLOAD,HIGH
2026-09-16T10:03:45,45.58252409472294,144.91828559036963,LOGIN,CRITICAL
2026-08-27T23:55:53,-87.22371758090385,3.2183048576375484,LOGOUT,HIGH
2026-02-17T02:09:42,46.787037475299655,82.89946118210509,UPLOAD,CRITICAL
2026-11-06T18:32:00,88.25911728854024,-63.845228085317075,LOGOUT,CRITICAL
2026-03-07T10:25:33,81.13291568522499,25.03361273069214,PURCHASE,LOW
2026-08-17T19:00:31,38.03362425884163,-136.06731196149013,ERROR,CRITICAL
2026-10-11T22:07:53,-81.3996671716424,-49.79258385293906,PURCHASE,HIGH
2026-02-19T18:24:19,10.94296517287438,31.8686244564245,LOGIN,CRITICAL
2026-06-08T18:39:33,-4.638219038326184,50.25769844849674,UPLOAD,HIGH
2026-10-11T00:05:45,-50.20871830957367,56.70287417512637,ERROR,HIGH
2026-01-04T00:56:54,55.409110785922195,-87.89489812231567,UPLOAD,CRITICAL
2026-06-06T21:39:56,56.644649005100916,10.33939204631207,ERROR,HIGH
2026-05-28T13:50:11,33.97798060588029,-126.2701000758974,LOGOUT,HIGH
2026-10-28T16:59:01,29.435905434690355,58.473997954477426,LOGOUT,LOW
2026-07-24T02:21:40,73.12197871249117,78.08549220224978,LOGIN,LOW
2026-07-24T15:27:30,-50.69991791421746,-91.6310368890615,LOGOUT,LOW
2026-06-19T15:10:26,71.68999874436543,5.126120771656161,ERROR,CRITICAL
2026-10-10T12:43:37,-36.3553105095662,159.16382208056098,ERROR,HIGH
2026-12-19T02:34:15,-16.289240903817515,-1.724739515353349,LOGIN,CRITICAL
2026-06-05T01:02:03,-39.862461549709764,108.61565857081905,LOGOUT,HIGH
2026-04-15T09:24:18,42.13188477255966,26.8315619018924,UPLOAD,HIGH
2026-05-10T23:50:38,-63.619326246657266,-96.82163708903556,LOGOUT,LOW
2026-12-31T03:19:44,-4.0363365558691555,143.00031963035946,PURCHASE,CRITICAL
2026-09-02T02:07:16,-61.44467051120223,1.060694843584855,UPLOAD,HIGH
2026-04-17T14:52:46,6.740828063612824,-15.352559480574257,PURCHASE,LOW
2026-09-24T08:24:37,-78.41339791539508,49.00086421376267,UPLOAD,HIGH
2026-09-23T14:26:57,69.7180647916856,154.27607637894528,ERROR,HIGH
2026-05-06T12:43:37,46.91032977144462,122.05096743515941,LOGIN,CRITICAL
2026-08-29T07:48:27,-1.2564413518299204,-87.41812079793021,LOGOUT,HIGH
2026-08-27T02:46:20,-16.87335130567338,103.36693163652478,LOGIN,HIGH
2026-10-30T09:32:29,25.438698518644642,-68.15501720294796,LOGIN,CRITICAL
2026-06-06T15:03:08,-10.692051535174883,35.58663303879237,LOGOUT,CRITICAL
2026-01-04T01:58:17,74.43269197352163,-162.06466493263224,LOGOUT,HIGH
2026-10-13T23:43:35,0.7770263200385017,-113.8732318433434,LOGIN,HIGH
2026-11-01T14:03:03,-55.499173472208916,-166.44990629769765,PURCHASE,CRITICAL
2026-07-04T15:02:56,27.397381924645998,-124.1158421179749,PURCHASE,LOW
2026-02-19T00:45:37,4.378593940567839,93.3568369963919,LOGOUT,HIGH
2026-10-27T22:17:45,29.30733194974384,-119.73852446187254,ERROR,HIGH
2026-08-03T21:06:13,-81.21242268241487,46.23462756845356,PURCHASE,HIGH
2026-09-12T08:10:26,34.94841105399016,163.770342393313,UPLOAD,LOW
2026-04-17T15:24:15,-88.54080078859555,-106.56674123739731,PURCHASE,CRITICAL
2026-01-02T22:40:42,-77.04189575514971,127.55960941397996,LOGOUT,HIGH
2026-10-18T09:32:40,-46.43805244974024,106.0417875439818,UPLOAD,HIGH
2026-06-05T10:33:17,87.61762003926,-5.050660986023615,PURCHASE,HIGH
2026-04-12T10:41:50,-40.938186831554816,137.0704266851999,PURCHASE,LOW
2026-08-16T11:46:38,-62.23660885803908,-38.537662515602676,UPLOAD,HIGH
2026-07-08T04:23:12,64.04257124750484,155.30219457437016,ERROR,CRITICAL
2026-09-30T01:16:27,-65.19849770338038,-131.02811234214894,PURCHASE,CRITICAL
2026-03-22T02:01:04,-18.884208004681867,70.83501806053346,PURCHASE,CRITICAL
2026-08-11T16:20:27,-78.66602793875788,35.748287802298506,LOGOUT,CRITICAL
2026-07-26T02:37:40,57.7820978810214,-54.3513006928825,ERROR,CRITICAL
2026-09-01T07:45:05,76.58761607784083,-124.71700393343687,UPLOAD,HIGH
2026-10-14T13:22:54,-82.336726108728,173.20146404785567,PURCHASE,HIGH
2026-10-08T15:37:53,69.49203888298919,102.48039807113162,LOGOUT,CRITICAL
2026-04-06T11:57:19,64.96116581208878,62.487942419691905,ERROR,HIGH
2026-12-06T17:16:41,-32.395392516076136,-130.04649346945666,LOGOUT,HIGH
2026-03-12T20:01:33,-14.978702017904155,-101.68411568357429,UPLOAD,HIGH
2026-06-04T10:30:21,-4.015347842554817,4.319459618018357,PURCHASE,CRITICAL
2026-06-03T13:37:07,-89.54501628692461,22.02431991266988,LOGIN,HIGH
2026-11-19T09:25:42,-28.189102003026804,59.86934811815303,UPLOAD,CRITICAL
2026-08-10T04:17:32,78.86851353950712,38.57395426745768,LOGIN,HIGH
2026-07-07T16:26:40,-22.5640265147496,-155.3321953479676,UPLOAD,CRITICAL
2026-09-25T04:33:13,-40.07937987291546,-145.44815685117575,PURCHASE,CRITICAL
2026-10-31T05:08:28,-60.26195525355951,-105.83688138435517,LOGIN,HIGH
2026-12-23T09:08:40,-40.39332530212215,14.939159035857642,UPLOAD,CRITICAL
2026-10-23T03:17:03,-45.98330651877177,101.02447086478327,PURCHASE,CRITICAL
2026-08-10T12:10:57,-4.343627922383007,-21.609073577978734,ERROR,HIGH
2026-05-28T06:43:46,50.423752944641336,29.645611071888823,LOGIN,HIGH
2026-01-08T06:41:18,-24.903945485458863,-70.92274352086851,UPLOAD,HIGH
2026-09-09T21:46:59,52.88247277964183,-104.31113638048669,PURCHASE,LOW
2026-10-25T10:06:00,-12.256311799080507,-10.529776836876778,ERROR,LOW
2026-05-11T14:24:32,64.76821358423604,108.2531124571251,LOGOUT,LOW
2026-10-09T22:06:07,-89.51887898584964,29.614535984600593,UPLOAD,LOW
2026-07-09T02:01:17,-17.115240168648867,161.8061650530703,LOGOUT,HIGH
2026-12-02T23:35:10,-69.74040581107617,-104.21673946396172,UPLOAD,HIGH
2026-07-01T05:13:29,-67.50191376403211,-161.6568455171849,LOGIN,LOW
2026-02-17T19:05:21,80.9543940420796,51.641641041740826,ERROR,HIGH
2026-11-30T12:40:23,-48.8310866209123,-76.41489400534216,PURCHASE,LOW
2026-09-15T13:35:12,-77.08382004978884,141.99517873924037,PURCHASE,CRITICAL
2026-07-28T09:05:53,-2.923811495091485,-117.73843909156965,PURCHASE,HIGH
2026-07-14T08:49:33,-29.382035492119527,-88.35754634894087,LOGOUT,HIGH
2026-04-15T23:58:13,26.668402209525453,83.24238798168898,ERROR,HIGH
2026-02-06T23:36:51,-19.168576329096396,-61.632356977514675,PURCHASE,HIGH
2026-03-25T02:35:36,21.5234099308732,-66.93342585419484,LOGOUT,LOW
2026-07-28T07:40:21,-23.99066050341075,-45.76345498989136,UPLOAD,LOW
2026-11-20T21:20:55,49.54445825030797,89.95561100204498,PURCHASE,HIGH
2026-10-18T01:01:43,17.60483752380412,119.83117323821546,PURCHASE,CRITICAL
2026-02-07T22:49:34,27.651799869396882,-35.11729884183356,LOGOUT,CRITICAL
2026-10-28T08:43:34,73.63499959743359,46.105141568921596,LOGIN,LOW
2026-06-09T10:33:11,-59.824031122770094,-103.17421744019639,PURCHASE,HIGH
2026-01-01T17:31:54,-35.89505774316402,-12.594953204435768,PURCHASE,HIGH
2026-11-10T08:30:55,16.722544576797134,171.28922432699648,LOGIN,HIGH
2026-10-11T07:44:35,86.23305535827583,60.99874803686285,ERROR,CRITICAL
2026-11-11T07:45:30,55.1946564591878,69.67237806618573,PURCHASE,LOW
2026-08-04T22:01:31,-27.126094784915466,-65.036976889625,PURCHASE,LOW
2026-07-21T05:59:18,38.3162224219395,-0.24706111864128388,PURCHASE,HIGH
2026-10-05T05:53:14,47.98497999039256,-166.65134009601152,ERROR,LOW
2026-03-16T03:54:31,19.526961508663092,-40.2105722108613,LOGIN,LOW
2026-06-28T16:36:15,-27.371770509783616,64.00962271724879,LOGIN,LOW
2026-06-20T05:31:35,44.94684000572457,158.4421966817851,ERROR,CRITICAL
2026-11-04T00:43:03,26.31703725865377,26.864656895694736,ERROR,CRITICAL
2026-06-17T22:58:11,36.131239142483764,-115.88472798543181,UPLOAD,HIGH
2026-05-02T20:58:39,32.382732015967534,-36.76735128915655,LOGOUT,LOW
2026-10-18T23:37:11,53.66277520157206,28.188310353100462,LOGOUT,CRITICAL
2026-08-02T11:21:47,48.71707873391364,152.4047566260083,ERROR,HIGH
2026-06-06T01:05:13,31.83406490830778,-52.941387896558865,LOGOUT,HIGH
2026-07-09T01:22:13,89.97429268976668,-47.51480730988885,PURCHASE,CRITICAL
2026-07-24T17:44:59,16.982343892406377,-163.62884092287783,LOGIN,HIGH
2026-02-19T17:51:30,-66.08890521439818,13.799115696426838,PURCHASE,LOW
2026-03-24T23:11:13,-48.5128920961009,-55.65385538862482,LOGIN,LOW
2026-08-26T17:06:31,-88.6857577160454,-82.04221525607895,LOGIN,CRITICAL
2026-07-01T18:57:59,73.93960277966158,-68.44051078417408,ERROR,CRITICAL
2026-05-01T07:08:06,85.60452141320386,-98.38404509725589,ERROR,CRITICAL
2026-12-25T09:54:11,-49.49712934749812,-7.277735051391346,UPLOAD,HIGH
2026-06-21T12:17:04,48.35259338939977,138.39801566690215,PURCHASE,CRITICAL
2026-01-09T16:17:10,-54.716902027675054,96.3518111966215,LOGIN,CRITICAL
2026-01-21T00:28:37,74.55113650955147,62.47598841436192,LOGOUT,HIGH
2026-10-28T15:52:30,23.200258304562595,123.65312495315573,UPLOAD,LOW
2026-06-01T09:29:48,58.38517252008751,4.919818212674983,PURCHASE,LOW
2026-09-17T23:09:09,-15.285499820774618,142.89363311682274,ERROR,CRITICAL
2026-04-13T16:32:26,37.35755875790622,107.97094810449653,LOGOUT,CRITICAL
2026-12-02T12:54:30,47.445718006463295,-39.4775209240681,UPLOAD,LOW
2026-02-04T08:30:46,55.84461646322936,61.998891578854,LOGOUT,LOW
2026-01-30T08:15:33,-42.506263607799,56.762935369468124,PURCHASE,LOW
2026-11-09T16:06:47,-22.03005809434127,152.37824439223073,UPLOAD,HIGH
2026-11-03T16:42:22,25.544011580793267,24.339155332523177,LOGOUT,HIGH
2026-11-11T13:51:31,21.365330187428242,-69.79177220200604,PURCHASE,HIGH
2026-04-13T13:38:44,23.251852193778674,-81.77458125415998,PURCHASE,CRITICAL
2026-03-25T09:48:10,-57.44457492633729,67.11868863426102,PURCHASE,HIGH
2026-04-22T05:32:11,76.41617919321334,-140.62484303505803,LOGIN,CRITICAL
2026-07-26T17:36:51,29.831889219584355,95.22516821198661,PURCHASE,LOW
2026-03-25T01:01:56,-21.23162503655294,-17.94763633959829,UPLOAD,LOW
2026-09-24T20:41:49,-29.137064322909673,-159.14207194605535,UPLOAD,CRITICAL
2026-09-07T21:33:31,7.177498922110416,68.40602229178191,LOGOUT,HIGH
2026-11-22T06:04:41,81.21954165406424,-25.617784971916876,PURCHASE,LOW
2026-07-28T13:44:30,50.146979254525974,-79.39500190091194,ERROR,LOW
2026-04-12T00:58:02,-21.239667976372502,-131.5515263401531,LOGIN,LOW
2026-04-12T09:01:37,29.137652620680313,-92.2211608931612,LOGOUT,HIGH
2026-04-14T16:16:30,85.4599616731681,143.78406848818457,LOGIN,LOW
2026-06-22T00:16:31,-59.58288671444,-105.45882338203059,ERROR,LOW
2026-03-17T23:04:41,-89.70850220718624,-6.594004659042554,ERROR,HIGH
2026-07-02T00:43:12,73.42877557071171,-163.3644441989568,UPLOAD,LOW
2026-06-13T19:20:52,29.052044747041037,-6.059347713167853,LOGIN,CRITICAL
2026-04-03T03:13:17,49.58632993478909,-44.202079981735096,UPLOAD,HIGH
2026-01-02T00:04:52,-3.0270868853316557,55.51404873878445,LOGIN,CRITICAL
2026-06-11T13:44:11,-56.60247987119107,-146.22870996865964,LOGOUT,LOW
2026-04-20T11:51:40,8.20802699207863,124.39996768394406,ERROR,CRITICAL
2026-01-20T03:44:57,28.21872349057186,-142.9279084476725,ERROR,CRITICAL
2026-03-28T08:38:30,-81.95110082094465,138.97735608935102,LOGOUT,HIGH
2026-11-25T03:30:38,-36.472855673868665,-61.73766876381414,ERROR,HIGH
2026-08-27T17:57:44,-12.708049534944664,-72.53617972651297,UPLOAD,CRITICAL
2026-02-02T08:32:52,-17.769953856908586,-63.75554041227214,LOGOUT,CRITICAL
2026-09-22T18:11:28,-86.32203109828635,102.46587729618085,PURCHASE,CRITICAL
2026-01-13T21:21:23,83.74610052720274,78.95452838745598,ERROR,CRITICAL
2026-01-07T00:09:06,-48.69574968735722,-132.95218079488347,LOGIN,CRITICAL
2026-08-20T12:49:43,-8.886857607350734,-160.89109238670903,UPLOAD,LOW
2026-10-14T09:00:01,65.4077447002937,21.115168978218293,LOGIN,LOW
2026-06-04T05:17:47,88.8246138250027,-128.80745642894672,ERROR,HIGH
2026-01-05T04:25:37,-6.773123220287559,-116.94544998979833,PURCHASE,LOW
2026-01-27T00:20:33,17.705000525819344,49.54187277315677,ERROR,CRITICAL
2026-02-23T19:21:12,50.57259349102716,-57.26588142710776,LOGOUT,HIGH
2026-11-06T02:14:07,-89.37949087241873,-117.27640240855982,ERROR,CRITICAL
2026-10-13T10:25:18,77.2600044027837,-170.96978665780233,UPLOAD,HIGH
2026-05-23T11:10:54,52.68011025892193,5.183658627921574,LOGOUT,CRITICAL
2026-04-01T01:30:41,-54.1823805936689,177.71568963304605,UPLOAD,LOW
2026-10-21T14:28:49,0.6274033260352354,-72.70469196763123,UPLOAD,CRITICAL
2026-02-02T02:39:37,-89.23288901533445,-49.64840649434606,LOGOUT,HIGH
2026-11-27T14:31:58,-74.79701469538185,-67.86057649771948,PURCHASE,HIGH
2026-08-11T21:13:49,-50.81901119002776,68.49636475866018,PURCHASE,LOW
2026-01-11T02:19:18,67.69472591077079,84.38567004602766,PURCHASE,LOW
2026-12-19T09:04:45,55.405291599991244,-148.166234089471,UPLOAD,LOW
2026-03-15T13:19:13,-74.37950057652428,-61.049141493800306,UPLOAD,CRITICAL
2026-08-15T09:05:02,37.17606668766129,23.8540933143191,LOGIN,LOW
2026-05-12T14:32:30,55.44470397014945,130.43623102488596,ERROR,LOW
2026-07-11T09:03:37,77.2104743773487,-150.67947277033846,ERROR,CRITICAL
2026-01-11T10:02:01,-55.39579551012443,-55.6561122246833,UPLOAD,HIGH
2026-12-19T11:01:21,-79.74289222966651,26.32659308051555,LOGIN,LOW
2026-04-09T12:10:54,73.81370267208416,71.5129370802288,LOGIN,HIGH
2026-02-06T04:53:53,83.37174304268413,-88.78678981428277,LOGOUT,CRITICAL
2026-09-03T03:10:48,9.950512098576098,-64.52633891120404,LOGOUT,HIGH
2026-05-30T14:10:59,10.55080210116634,-138.49080717429894,UPLOAD,HIGH
2026-10-24T16:39:38,59.891100620240934,-15.298165624411723,ERROR,LOW
2026-01-04T15:31:14,-20.200729590902057,-99.2013547445905,PURCHASE,CRITICAL
2026-11-24T07:23:13,38.593127933290305,31.36402970294438,ERROR,CRITICAL
2026-09-04T14:50:15,30.293359246599067,-96.05598044847642,LOGIN,CRITICAL
2026-10-24T03:33:37,-4.964557313511051,-94.91967815117098,LOGOUT,LOW
2026-03-10T18:11:54,-42.44460102598414,104.84824084692889,ERROR,HIGH
2026-12-21T08:16:01,45.887411512836195,-0.04587678157307096,PURCHASE,HIGH
2026-02-15T04:05:29,50.30669018669434,-71.20991740059665,PURCHASE,CRITICAL
2026-11-30T12:27:31,-82.22594629528554,-70.75059404725266,ERROR,CRITICAL
2026-11-08T11:06:53,-50.90101963381832,-137.85564724427115,LOGIN,HIGH
2026-05-31T07:15:26,-86.48392994582478,-57.27413487251711,PURCHASE,LOW
2026-07-07T19:55:59,-80.73641388190875,33.96653682442138,UPLOAD,HIGH
2026-11-14T12:50:58,14.349851379256137,140.31768402161094,ERROR,HIGH
2026-11-20T02:23:01,-68.87393862803646,-141.2990738567636,ERROR,CRITICAL
2026-07-03T13:28:39,-19.403153246632115,137.20061959212273,PURCHASE,HIGH
2026-09-19T14:30:31,43.77235072252745,-29.40207121587264,ERROR,LOW
2026-07-18T17:43:33,11.74938948634859,-15.869959781972739,LOGOUT,HIGH
2026-09-23T07:10:20,13.790737523256965,-73.42441631490311,PURCHASE,HIGH
2026-09-22T04:51:28,-85.54875912906142,-106.84168809064329,LOGIN,CRITICAL
2026-07-17T01:58:08,-43.59219705913302,66.7012123531193,UPLOAD,HIGH
2026-10-16T00:36:49,-14.964776321847737,123.42635241295676,ERROR,CRITICAL
2026-08-18T04:26:09,41.20449801938713,-114.48132655038823,ERROR,LOW
2026-03-26T20:25:02,3.492534039907298,155.33568104741084,UPLOAD,HIGH
2026-01-14T02:45:33,22.463231967056913,130.42876869014907,ERROR,HIGH
2026-06-20T12:04:58,17.305810208807443,-11.380543003105572,LOGOUT,CRITICAL
2026-08-08T10:11:21,70.75442052315628,-33.74355694686301,ERROR,LOW
2026-07-13T00:23:53,-5.681545540193312,-113.8544541853441,ERROR,LOW
2026-09-18T05:35:52,51.358420665352156,-160.13731434429516,ERROR,LOW
2026-05-19T20:59:02,-67.82351312486114,19.40350931098024,ERROR,LOW
2026-03-14T18:59:12,28.923997601384514,-168.30647150820505,UPLOAD,CRITICAL
2026-12-22T20:24:39,-59.77346873480431,-107.38215432296066,LOGOUT,LOW
2026-09-23T19:10:18,79.4953346232835,-92.93170259387146,LOGOUT,LOW
2026-08-28T12:49:49,16.089592778930708,-97.27731249628053,PURCHASE,HIGH
2026-01-09T18:15:09,51.74965748343172,113.1823236868745,LOGIN,HIGH
2026-08-08T19:29:27,87.28392135632112,-86.90758545116739,LOGOUT,CRITICAL
2026-12-23T04:16:24,-89.58489945688251,40.30994388285532,LOGOUT,LOW
2026-05-13T10:34:10,-11.223714971665814,136.78370491447748,PURCHASE,LOW
2026-08-21T13:05:13,-35.00629696054823,-130.8455411932961,PURCHASE,LOW
2026-07-07T08:14:23,38.7724415230451,-162.51834592310894,ERROR,HIGH
2026-04-09T13:39:56,5.591252292995335,118.0900791290934,PURCHASE,HIGH
2026-07-26T11:52:41,-3.802236762814019,160.94946386390455,LOGOUT,LOW
2026-02-15T05:22:23,83.13238296030693,47.43042402893033,UPLOAD,LOW
2026-04-10T09:23:40,-59.9906538040951,-53.97724370128816,PURCHASE,LOW
2026-07-25T14:26:00,54.38902438553458,-63.36594813220755,ERROR,HIGH
2026-10-23T04:56:58,88.80441914858665,169.4242701495021,PURCHASE,HIGH
2026-11-07T23:11:56,-84.62455476566532,20.5670952012415,ERROR,CRITICAL
2026-07-25T20:16:28,24.75749457557012,-19.21315255784748,ERROR,LOW
2026-09-21T14:16:26,-57.52327406728431,-97.67344132096756,UPLOAD,LOW
2026-03-07T13:10:44,-67.97820802897843,139.57695921553574,ERROR,LOW
2026-12-17T06:55:03,71.88003537614199,43.71555439220353,PURCHASE,CRITICAL
2026-06-05T20:14:08,83.60245194023119,152.10131194580424,UPLOAD,CRITICAL
2026-09-15T00:43:55,-66.2906636507049,111.99959494107304,UPLOAD,CRITICAL
2026-10-29T15:42:22,-2.873493219119908,151.0868003874814,UPLOAD,HIGH
2026-03-20T19:56:08,58.745945420597394,71.88041498857675,PURCHASE,LOW
2026-11-09T20:25:01,-34.251267894140554,-49.57449460779671,ERROR,LOW
2026-08-12T19:17:35,57.13814661173561,-9.399796354347131,UPLOAD,HIGH
2026-05-01T06:42:06,-35.92492937539558,-26.24029485133954,LOGOUT,LOW
2026-10-23T05:57:58,-57.10476698322329,20.414838659472963,LOGIN,HIGH
2026-01-02T17:50:28,-86.5104952577304,-151.7108791130023,LOGIN,LOW
2026-07-24T16:39:29,-2.2197206601537545,-58.148865353175196,LOGIN,LOW
2026-12-31T16:05:01,-86.18359993036746,65.19802136209549,LOGIN,LOW
2026-10-08T20:19:32,69.74045655159435,-50.09316811620684,PURCHASE,HIGH
2026-01-26T22:50:15,-18.297208774262515,10.73782547849504,UPLOAD,LOW
2026-09-13T18:07:01,65.67990485811004,-155.4657186567835,PURCHASE,HIGH
2026-06-11T04:34:08,-66.31055312305462,-12.071688510226693,LOGIN,LOW
2026-05-19T01:36:33,-59.19888844314456,65.14054033902684,UPLOAD,HIGH
2026-04-09T04:50:52,-40.36051175932711,117.0851935318729,LOGOUT,CRITICAL
2026-06-04T15:53:37,-80.02761061019703,12.439363651552412,PURCHASE,HIGH
2026-10-13T10:10:45,7.713524757033511,157.98643953951728,LOGOUT,LOW
2026-01-06T04:52:02,13.115681515389369,-45.91328276121695,ERROR,LOW
2026-12-17T08:03:32,-47.17661973846699,19.940658195467705,ERROR,CRITICAL
2026-10-02T15:44:51,25.967543735234628,-26.551921832332255,LOGIN,HIGH
2026-05-11T07:46:00,-9.821840405403194,33.990739399719956,LOGOUT,LOW
2026-06-05T20:43:19,-2.623219090805094,-83.55920413919108,UPLOAD,HIGH
2026-07-14T05:54:00,36.665066465363964,43.54588768136807,ERROR,LOW
2026-02-07T03:33:28,-24.30313506743859,80.05207597068454,UPLOAD,HIGH
2026-07-12T18:19:50,19.674793009601373,124.92839359607729,ERROR,CRITICAL
2026-02-21T08:30:52,-85.01241809773052,-133.51443345738113,LOGIN,CRITICAL
2026-02-20T18:10:23,-81.68036951535605,125.41887732182727,LOGOUT,CRITICAL
2026-10-09T02:30:55,39.75669088594384,-134.52197070584464,LOGOUT,CRITICAL
2026-02-28T00:27:30,84.51564775197483,-18.013219959737484,LOGIN,HIGH
2026-08-12T10:38:32,26.540138819660214,-108.82650620175674,ERROR,CRITICAL
2026-05-13T05:22:18,0.9937559744310249,33.62032836241144,LOGIN,HIGH
2026-07-27T23:27:58,83.63997272270578,47.38781219035042,PURCHASE,HIGH
2026-11-11T18:54:42,-67.51926888586163,-25.431727295857485,LOGOUT,CRITICAL
2026-09-08T20:27:07,-10.146285630831528,-78.32793134037325,LOGOUT,LOW
2026-12-18T02:14:33,51.760452121467836,-59.67113123106677,ERROR,HIGH
2026-09-28T07:06:27,64.65805083458045,178.1708482281707,PURCHASE,LOW
2026-04-27T03:07:51,11.03191469554963,-11.612160372575346,LOGOUT,CRITICAL
2026-06-10T00:32:29,-61.47876210968056,-133.09702273832463,UPLOAD,LOW
2026-07-20T20:00:52,76.62170542906557,-94.41554181638195,LOGIN,LOW
2026-04-27T15:44:12,27.564353373042167,162.88908087926632,ERROR,CRITICAL
2026-06-24T13:56:22,-47.58580135739977,152.64153683539524,ERROR,CRITICAL
2026-11-03T13:46:33,-7.004163068510877,-118.13361020779118,PURCHASE,HIGH
2026-03-16T06:45:34,24.364149086393326,-108.88093123823967,PURCHASE,HIGH
2026-08-30T19:23:13,71.41243162184333,6.801131206353375,LOGOUT,CRITICAL
2026-12-03T17:06:54,-22.249485215972598,-8.440946342689188,PURCHASE,HIGH
2026-10-20T07:31:01,37.98071513514017,-69.34133320891736,UPLOAD,CRITICAL
2026-09-09T11:58:16,-82.25809223737411,-123.59098895774784,UPLOAD,LOW
2026-10-24T06:44:09,55.094531482093004,-82.72417028163017,UPLOAD,CRITICAL
2026-01-08T06:52:55,25.327334355035518,-134.87001936522026,ERROR,CRITICAL
2026-12-02T14:24:20,-14.622898005086356,-161.79672281791034,LOGIN,CRITICAL
2026-01-20T08:32:09,12.17234769221011,-176.58584403614182,LOGIN,HIGH
2026-09-29T11:10:05,-26.219401158934396,-97.9003729519426,ERROR,LOW
2026-04-22T20:12:15,68.21660332532724,-34.013678897176135,LOGOUT,LOW
2026-05-23T03:03:46,-42.894170083836585,-124.63570049238662,LOGIN,LOW
2026-06-10T05:37:49,50.74022179787727,-96.86560199336348,UPLOAD,LOW
2026-10-06T18:40:58,82.34371653435687,152.26292475213342,LOGIN,LOW
2026-09-21T14:35:38,-30.224205205622873,-11.966047234671947,LOGIN,CRITICAL
2026-02-14T03:17:03,45.38558291510245,-113.6351971696823,LOGOUT,HIGH
2026-05-01T16:17:54,74.05968019254539,-86.8951218062399,PURCHASE,HIGH
2026-08-10T23:29:31,84.53851522380643,-175.41063341223656,LOGIN,CRITICAL
2026-01-26T13:04:13,3.9066042591716297,-134.68546024988387,UPLOAD,LOW
2026-03-26T10:34:21,86.20045691276076,39.894995912132714,PURCHASE,HIGH
2026-11-08T03:02:53,-34.888530452213416,-123.15073395464509,UPLOAD,CRITICAL
2026-04-05T02:55:54,60.13153972408432,166.61778535095743,PURCHASE,CRITICAL
2026-06-12T01:06:38,33.19054003640211,148.17376531417847,ERROR,HIGH
2026-11-06T14:54:43,78.16306572284992,173.85772084480675,LOGOUT,CRITICAL
2026-01-08T17:17:11,52.13590733994491,-120.18092814639633,LOGOUT,CRITICAL
2026-04-27T23:20:22,-6.304804897703747,100.57407323315692,ERROR,HIGH
2026-01-05T02:46:42,-82.31290869752674,-106.9947468372447,UPLOAD,CRITICAL
2026-01-07T04:11:29,13.436884185883443,73.14156256392826,LOGIN,HIGH
2026-04-27T17:55:31,61.63683654063098,-33.63147568464785,PURCHASE,HIGH
2026-02-26T13:32:48,-8.710182081290611,-3.9994143710208334,PURCHASE,HIGH
2026-04-11T21:34:56,28.55856961683388,-161.1009039194622,PURCHASE,LOW
2026-09-07T01:19:38,-45.25482578211004,-35.80115331018308,ERROR,CRITICAL
2026-02-25T18:31:33,40.341309658879794,89.97300909474086,ERROR,HIGH
2026-05-22T05:47:15,56.056462342698126,-83.6497925177802,UPLOAD,LOW
2026-08-30T13:12:24,-54.638476110697816,164.1448140385088,UPLOAD,HIGH
2026-08-17T03:43:47,-86.53955034992256,-64.99270090966083,LOGOUT,CRITICAL
2026-10-30T02:18:01,30.936390356671197,131.44551296503016,PURCHASE,LOW
2026-07-19T09:05:13,-5.614223477032311,69.80875760373135,PURCHASE,HIGH
2026-03-18T22:41:13,-45.338405155372726,107.33168316899497,UPLOAD,LOW
2026-12-13T09:27:08,-50.16328823321167,-172.9102243756402,ERROR,LOW
2026-04-18T16:00:36,-28.7303541247593,46.465666020904706,LOGOUT,LOW
2026-03-12T05:04:15,87.43684918731822,-27.683786513794843,LOGIN,LOW
2026-03-01T05:39:18,-37.238352623078704,-8.764879882144413,PURCHASE,LOW
2026-09-04T01:01:49,12.610241450161183,-45.24904795947771,ERROR,LOW
2026-01-22T08:18:30,-46.48904680142352,-55.137331067502075,PURCHASE,LOW
2026-06-05T06:02:37,-81.3244041607348,-90.52627939179706,LOGOUT,HIGH
2026-02-07T05:16:15,57.393642999982205,-4.509470052028917,LOGIN,HIGH
2026-05-19T10:46:18,-31.63208681212474,129.31180581090052,LOGIN,CRITICAL
2026-04-14T14:30:21,24.128983315676777,71.37519135205304,PURCHASE,LOW
2026-03-01T03:39:23,71.1649739486981,114.41507762184528,PURCHASE,HIGH
2026-06-02T17:32:40,-35.00128393756482,-151.66935612452588,UPLOAD,LOW
2026-05-25T05:05:59,56.34220009302402,128.10633414638414,LOGOUT,HIGH
2026-04-01T07:42:41,1.9245168875246321,112.55812892923944,ERROR,CRITICAL
2026-01-30T06:28:40,15.54885831776231,124.01298321640365,PURCHASE,LOW
2026-05-16T15:40:46,38.78942917083245,-99.64303297906106,PURCHASE,CRITICAL
2026-04-09T14:47:02,77.68810776752605,170.67833948595364,UPLOAD,CRITICAL
2026-12-06T14:48:07,-5.319697411257536,-60.054636529666595,ERROR,HIGH
2026-05-20T00:15:51,-0.6880228900097762,-136.34046642564888,ERROR,HIGH
2026-11-06T17:37:43,-48.489461159244364,165.16527463030212,LOGOUT,HIGH
2026-06-09T01:33:30,-45.71435404463935,122.36239881947813,ERROR,LOW
2026-10-17T07:43:18,-16.106880872376138,124.3353166188798,LOGIN,CRITICAL
2026-09-18T01:15:44,67.06948203265972,56.56792589490263,ERROR,LOW
2026-05-03T16:47:59,-66.34380562851979,134.64028835652294,LOGIN,HIGH
2026-06-19T06:07:19,79.11859864867,-67.44209367817048,PURCHASE,LOW
2026-01-22T06:10:00,-33.40938546299628,22.455726544789712,ERROR,CRITICAL
2026-11-11T01:24:13,-25.470115094065434,54.76717674143376,UPLOAD,HIGH
2026-06-28T20:54:31,67.90760199667784,-69.81410214047817,LOGOUT,CRITICAL
2026-06-14T01:35:45,-85.68383630869761,155.97776190837544,LOGIN,CRITICAL
2026-10-25T06:37:18,16.714920452457378,-140.65045672739092,LOGIN,HIGH
2026-10-25T05:01:27,45.7758549985856,83.78430004847729,LOGIN,CRITICAL
2026-03-26T02:23:00,17.981229027985805,-5.186813330792745,UPLOAD,CRITICAL
2026-07-14T12:08:07,10.30826313547324,13.66091589482761,LOGOUT,LOW
2026-04-20T03:33:12,53.86476379100995,142.49923751254454,LOGIN,HIGH
2026-12-31T09:19:00,-46.246861667370304,8.280979998390364,ERROR,CRITICAL
2026-07-03T17:54:41,37.3898777098821,84.18927674616248,LOGIN,CRITICAL
2026-11-14T09:47:24,33.30927061721535,155.73474281554718,UPLOAD,LOW
2026-05-17T03:03:30,22.987891184786122,57.90181050327669,ERROR,HIGH
2026-06-05T10:41:28,46.574173124319174,13.069017180195658,LOGOUT,HIGH
2026-07-05T21:10:56,-58.302502078406725,-167.66105797639977,ERROR,LOW
2026-10-05T11:57:18,-2.1104744956885497,116.68391883850046,UPLOAD,LOW
2026-09-19T10:57:15,30.37761293243713,131.32866281671767,ERROR,LOW
2026-09-03T13:13:02,-55.232023280425,-104.11979908783911,ERROR,HIGH
2026-01-07T21:22:23,-6.100196891742158,-99.62059362400602,LOGIN,CRITICAL
2026-03-28T04:40:42,-81.05096281799395,-35.87677555294516,ERROR,CRITICAL
2026-10-23T05:54:15,17.714706548436652,46.37191501194556,UPLOAD,HIGH
2026-02-10T02:16:06,25.47778208519952,-55.19539839253356,PURCHASE,CRITICAL
2026-08-02T01:33:10,-53.20448119865285,-13.877784602257975,LOGIN,HIGH
2026-05-31T12:01:29,-3.4549249155939776,23.147514855226092,ERROR,HIGH
2026-07-24T14:38:46,2.71838896110053,-29.571726010750723,PURCHASE,LOW
2026-12-04T06:02:58,11.01361200789161,94.63013244355051,LOGIN,LOW
2026-06-15T01:09:43,-35.22204545305509,-24.801364717214028,PURCHASE,CRITICAL
2026-08-24T23:25:48,53.208940072206644,115.56964982138163,LOGOUT,HIGH
2026-04-07T16:19:27,76.70309867776135,-147.8142629462402,LOGIN,CRITICAL
2026-09-12T16:41:44,-10.99880145705022,31.885658022158964,LOGOUT,LOW
2026-10-07T12:38:30,-84.17296510751181,-54.18361134430654,PURCHASE,HIGH
2026-05-09T15:43:14,46.51591317639716,-102.98589284359284,ERROR,CRITICAL
2026-07-05T04:15:44,-3.2200257254515634,-92.89648796145418,LOGOUT,LOW
2026-05-28T00:08:16,-0.8767689484931083,20.595423677349743,LOGIN,CRITICAL
2026-10-31T23:53:46,-61.040110356086,-30.35396904659848,PURCHASE,HIGH
2026-08-01T15:07:30,-3.5124269038916793,-124.66838296844449,LOGIN,LOW
2026-04-12T23:48:24,29.661543744533233,-130.14154327350047,PURCHASE,HIGH
2026-05-11T21:12:35,-32.17501890451079,56.946312344143195,PURCHASE,HIGH
2026-08-18T01:50:15,88.6594199064607,2.6210975473376266,LOGIN,CRITICAL
2026-08-07T20:59:42,15.506849328521483,18.202135141604913,LOGOUT,CRITICAL
2026-11-25T19:13:06,-0.724414495653761,47.195064760514754,LOGOUT,CRITICAL
2026-07-18T01:33:44,-3.9041334068862312,-68.45170843673982,LOGIN,HIGH
2026-03-25T07:47:55,-87.62587326470302,107.40023766219298,PURCHASE,LOW
2026-07-24T08:05:28,-50.44337988614694,61.65017471759043,LOGIN,LOW
2026-08-14T08:26:39,-75.69578161545884,-99.57541292433677,LOGOUT,CRITICAL
2026-04-30T07:26:11,21.32303855293179,-98.6308524390333,LOGIN,HIGH
2026-09-26T14:34:11,85.25848439705754,-79.92730976426324,ERROR,CRITICAL
2026-08-08T23:10:13,83.11930325543312,-31.40043234025626,PURCHASE,HIGH
2026-10-21T01:20:01,-20.25253126421046,4.314474336139881,ERROR,CRITICAL
2026-03-17T14:16:57,-25.33926697105396,7.872824207162523,ERROR,LOW
2026-02-26T10:02:03,-29.371724069591473,-17.157013415723497,PURCHASE,CRITICAL
2026-06-06T23:36:27,-79.97637703454522,-120.26390846176363,LOGOUT,LOW
2026-02-20T08:19:32,-49.59814458046017,163.41223316870025,LOGIN,HIGH
2026-05-29T10:45:01,43.840452166330806,-17.42115179358737,LOGIN,LOW
2026-05-20T14:05:26,-75.81374869739169,-47.17348376872724,UPLOAD,CRITICAL
2026-01-17T21:15:43,58.69183784150343,-143.1759660520406,UPLOAD,CRITICAL
2026-03-06T11:14:55,48.996504658239445,2.4627530405089715,LOGIN,HIGH
2026-01-27T23:19:06,-15.692806449097048,-24.711679699718758,UPLOAD,LOW
2026-11-27T00:43:00,-57.655292159678204,28.481302304210516,ERROR,CRITICAL
2026-08-03T21:21:54,-37.095680543494666,-80.85206467711104,UPLOAD,LOW
2026-08-15T16:30:29,10.237286900662824,107.87665538290395,ERROR,LOW
2026-05-07T18:07:44,-64.7036878373149,-39.273098557147335,PURCHASE,CRITICAL
2026-11-11T16:40:11,56.163255825576584,128.79986272353938,PURCHASE,HIGH
2026-03-02T07:26:00,-87.33363057632319,-122.37455570900367,PURCHASE,CRITICAL
2026-08-04T15:58:14,-63.14845215386765,13.20879992782426,ERROR,LOW
2026-10-09T05:54:40,-77.31061366217625,132.59028320115954,LOGOUT,HIGH
2026-01-30T19:54:56,-35.963385209005864,-165.04114537320325,LOGIN,LOW
2026-12-21T17:30:11,5.942442161455062,70.3620434917498,ERROR,CRITICAL
2026-05-28T19:54:02,23.633720917171786,112.382393507973,PURCHASE,LOW
2026-08-23T16:19:25,47.202024197105686,61.03302126043394,ERROR,LOW
2026-05-29T20:00:25,-74.65144109419504,-85.07005837923269,LOGIN,CRITICAL
2026-08-09T12:50:50,59.99624635267472,-135.30945227224427,LOGIN,CRITICAL
2026-11-09T08:02:10,53.92705090951134,-134.9299440971794,PURCHASE,HIGH
2026-09-13T10:55:50,31.777466743175268,-128.51475149526664,PURCHASE,CRITICAL
2026-07-08T19:43:51,-16.342748397321984,18.796160823621165,LOGOUT,HIGH
2026-01-25T14:50:33,84.38803023210141,-100.63999791249555,LOGIN,HIGH
2026-02-06T05:01:33,-54.359253525649535,-154.88621007173714,LOGIN,LOW
2026-11-30T03:53:04,89.89568199128783,22.45066514652754,LOGIN,HIGH
2026-01-04T18:28:48,80.77991989991975,-56.94983145753493,LOGIN,CRITICAL
2026-10-01T08:33:24,-48.33794319493303,-66.64937325548294,LOGIN,HIGH
2026-12-06T09:05:55,15.704348089791552,-179.19847733156098,PURCHASE,HIGH
2026-01-15T23:20:03,0.4190500453749735,-30.934619303860643,UPLOAD,CRITICAL
2026-04-17T18:09:53,52.62928209154268,110.4019761067375,ERROR,HIGH
2026-02-08T20:52:59,-36.735806026274076,114.31015715895802,ERROR,CRITICAL
2026-03-24T14:19:21,-77.54238632380539,-108.74429287281689,PURCHASE,HIGH
2026-10-24T06:59:57,73.87648709230564,-82.16414277782371,ERROR,LOW
2026-10-24T22:18:48,-62.55608601577257,-61.87598796113399,ERROR,CRITICAL
2026-04-15T09:20:03,52.300706132035515,-16.202179333330662,PURCHASE,LOW
2026-03-28T09:42:08,-51.33697916259425,177.52583099491352,ERROR,HIGH
2026-04-11T07:15:44,21.282638705743622,29.024802303591883,UPLOAD,HIGH
2026-01-02T10:34:45,18.768349808918487,-97.3186238937408,UPLOAD,LOW
2026-10-02T23:12:53,-48.82331542094653,89.20582733363938,UPLOAD,HIGH
2026-02-04T13:10:55,-56.552016982081085,46.82648886462579,PURCHASE,LOW
2026-01-02T16:08:38,60.02202189978584,-173.90830307682566,LOGOUT,HIGH
2026-10-22T19:06:55,55.631656208378445,-53.78655668983308,LOGIN,CRITICAL
2026-09-08T20:15:34,10.173818679043578,-54.83414101594872,ERROR,LOW
2026-02-04T00:23:22,33.38011779317901,-166.9659472313739,LOGIN,CRITICAL
2026-08-23T00:16:22,-16.911650181403175,-60.37658045950407,ERROR,LOW
2026-03-06T08:50:32,-32.018550629506315,-37.38067020861314,ERROR,HIGH
2026-01-09T06:42:04,-78.94208870409588,-21.3075615121908,UPLOAD,HIGH
2026-06-30T03:40:01,17.900478646579757,135.65303088810316,ERROR,CRITICAL
2026-09-05T01:20:41,15.098075173314982,6.777133738541039,PURCHASE,CRITICAL
2026-04-08T23:50:43,3.0176086163561564,-11.773049500866705,LOGOUT,HIGH
2026-11-10T20:15:29,-70.82573797878946,175.76200797617884,ERROR,HIGH
2026-01-02T12:37:05,45.62884131764528,-19.974318034476283,LOGOUT,CRITICAL
2026-07-06T14:19:08,-33.62424654258818,146.68312930747294,UPLOAD,LOW
2026-11-11T03:54:40,-53.6419945444376,176.48295057060966,LOGIN,HIGH
2026-07-24T23:30:01,-71.41258508029094,155.36784737250338,LOGIN,HIGH
2026-02-11T09:44:35,13.27219476273038,93.20027613881734,LOGIN,LOW
2026-04-18T23:26:45,20.895731927847024,-118.72036746227063,LOGIN,HIGH
2026-04-22T07:26:10,-37.12956178558187,160.13274364043747,PURCHASE,HIGH
2026-11-26T19:11:39,16.545253814140935,-18.81399228756294,LOGOUT,LOW
2026-04-01T14:27:11,29.804999822052565,6.833824136061224,UPLOAD,CRITICAL
2026-06-08T02:58:45,87.286847280259,153.22240057050834,PURCHASE,LOW
2026-03-30T20:40:49,12.158444057516093,-140.7967271445977,LOGIN,LOW
2026-10-10T07:07:52,-47.855106407144994,-92.23088468258277,LOGIN,LOW
2026-05-01T19:49:04,21.09398562499672,106.90821000069354,UPLOAD,LOW
2026-05-30T09:54:49,22.771391814644048,172.7808219587364,LOGOUT,CRITICAL
2026-05-30T21:00:19,39.173948467524866,164.60815091648482,UPLOAD,HIGH
2026-09-09T12:01:04,59.66491000462443,-95.27110638204489,ERROR,LOW
2026-08-09T13:26:41,66.42957772775696,94.80555678848839,LOGOUT,HIGH
2026-07-16T17:32:40,-0.8442122550439279,80.19879024330629,LOGOUT,CRITICAL
2026-11-12T06:24:23,10.828349799536014,-54.36144631738139,UPLOAD,HIGH
2026-11-30T03:29:10,-30.67749206308423,58.051441965225905,UPLOAD,LOW
2026-12-03T05:26:15,-3.7507666752222804,112.34524026280121,UPLOAD,HIGH
2026-09-15T18:53:28,-73.35202048019015,72.46633550648923,LOGOUT,HIGH
2026-08-12T21:26:03,-53.86352358471186,-135.2275320735824,ERROR,CRITICAL
2026-06-01T15:52:53,-10.742684388901267,-167.98386607355184,LOGIN,HIGH
2026-05-22T07:12:41,10.658709223531943,-143.54346743249346,LOGOUT,HIGH
2026-06-29T14:52:57,19.35448916668571,-137.36075194849766,LOGIN,HIGH
2026-02-22T21:55:07,-28.979787793684224,-38.44746879417491,UPLOAD,CRITICAL
2026-08-26T19:34:02,-56.163952140485506,135.68682621090107,PURCHASE,HIGH
2026-04-28T09:15:51,-17.884058821554007,115.05970338963465,UPLOAD,CRITICAL
2026-08-20T10:50:38,-9.385124424073155,-143.4152431940903,PURCHASE,CRITICAL
2026-09-02T01:02:20,26.25987409784176,-50.17708051980182,LOGIN,LOW
2026-08-21T17:52:43,39.12251325488586,-89.80653048971061,LOGOUT,HIGH
2026-09-28T03:33:25,61.18703616256997,-144.33973952570935,UPLOAD,HIGH
2026-06-04T09:16:25,81.67763214204732,29.948837662908034,LOGOUT,HIGH
2026-05-06T02:41:41,-67.29422681942125,120.15035708850667,LOGIN,HIGH
2026-01-10T06:19:53,21.804835694320346,-117.49155238125586,LOGIN,LOW
2026-01-19T14:33:27,30.02565230754601,102.15778548293713,LOGIN,CRITICAL
2026-10-27T07:36:42,44.972266033060095,-150.06089110321216,PURCHASE,HIGH
2026-01-29T15:51:43,-15.249932611924606,124.59167071246458,ERROR,LOW
2026-08-07T04:48:14,-43.573854999239494,-89.14374777332377,UPLOAD,CRITICAL
2026-07-19T17:20:38,-75.25787901076146,161.1211782066465,LOGOUT,LOW
2026-01-19T04:56:30,31.0654705254439,20.174821200354103,LOGOUT,CRITICAL
2026-10-24T14:57:34,-55.220883968814896,127.32999614673787,ERROR,CRITICAL
2026-08-31T12:42:04,-80.7778831008884,64.94371717553915,UPLOAD,HIGH
2026-07-05T15:56:51,-66.98579210493277,62.58736502811601,LOGOUT,LOW
2026-01-24T19:55:44,-42.5347083825179,-85.53622074036963,LOGIN,HIGH
2026-09-20T15:17:03,70.01423962346013,172.4480701076492,LOGOUT,CRITICAL
2026-06-10T06:34:03,64.09409196814926,157.92804398095768,PURCHASE,CRITICAL
2026-06-12T17:16:42,-77.36268826526766,-130.1389652079324,LOGIN,CRITICAL
2026-08-01T09:56:48,-65.4817143218103,-129.70471316906176,ERROR,LOW
2026-10-19T12:35:31,-75.30998040192969,81.80461223615515,ERROR,HIGH
2026-02-17T05:03:39,-3.4753940314563607,-157.27301903287324,LOGOUT,LOW
2026-03-02T09:44:38,-55.87500650865736,-85.75256172383028,LOGIN,CRITICAL
2026-09-01T19:26:23,-11.454848875409922,-94.0550992452964,UPLOAD,LOW
2026-05-04T01:23:16,74.35095409022011,39.4161144851131,LOGIN,HIGH
2026-11-26T04:21:36,-6.76054076687862,-81.390581090881,LOGOUT,LOW
2026-03-29T12:12:39,50.679426818586364,59.91305548235124,UPLOAD,CRITICAL
2026-03-30T14:11:41,28.546057435447537,171.9039032130255,LOGOUT,CRITICAL
2026-02-27T22:30:17,69.39201399413346,48.62325347822053,ERROR,HIGH
2026-12-20T23:52:57,-71.69418877761903,-43.00765007955704,UPLOAD,LOW
2026-06-29T01:43:13,14.97120459978737,37.804821017810724,UPLOAD,CRITICAL
2026-05-05T14:48:05,62.21873026202357,-120.45029836102077,LOGOUT,HIGH
2026-03-13T20:24:34,73.25954176993767,-30.789249582739814,PURCHASE,HIGH
2026-04-28T00:10:39,33.08294470341882,-79.7683978554352,LOGOUT,CRITICAL
2026-09-02T14:06:12,-12.743172660366412,73.25088607275907,UPLOAD,HIGH
2026-07-17T00:20:16,-69.66618838176525,169.9181204897593,LOGIN,LOW
2026-05-01T01:06:58,50.96766155061712,-99.87737358001532,LOGIN,HIGH
2026-04-11T00:06:38,-85.62452771589187,74.7116755478487,LOGIN,HIGH
2026-08-07T05:33:15,-0.057213558237990014,-149.3377567624449,PURCHASE,HIGH
2026-09-30T19:35:34,-27.41039837233879,62.933127862016704,LOGIN,CRITICAL
2026-12-20T08:22:55,-20.041840331643243,139.96005401077718,ERROR,CRITICAL
2026-07-05T23:45:26,77.23283342834537,-161.2330256266672,PURCHASE,CRITICAL
2026-02-08T01:08:12,33.85717859379895,-174.30789994622663,PURCHASE,HIGH
2026-04-02T09:54:21,-5.766826940374145,-138.1572566294352,LOGOUT,CRITICAL
2026-06-04T02:47:19,-18.851437043605287,-171.90456153533546,LOGOUT,LOW
2026-05-06T19:54:25,1.569588880629908,-153.9143062184195,LOGIN,LOW
2026-08-30T18:00:56,-32.49451248313415,56.8418203512002,UPLOAD,CRITICAL
2026-07-10T04:23:22,-5.686720620683303,-98.14373716910028,ERROR,CRITICAL
2026-03-17T22:48:04,18.2959764413841,-50.75892275848602,ERROR,CRITICAL
2026-05-03T15:54:31,47.45535762851094,-155.718708610855,LOGOUT,HIGH
2026-10-07T13:07:51,-8.740979518757612,65.58826916457582,LOGIN,LOW
2026-07-06T05:07:02,31.57425000505789,175.55004195082842,ERROR,LOW
2026-03-26T19:48:11,37.88712035854971,-26.74925168283025,PURCHASE,HIGH
2026-09-11T13:48:17,-6.6570417932261705,-24.80807812909589,LOGIN,LOW
2026-05-22T15:52:58,80.65343976028245,-75.00108791215726,LOGOUT,LOW
2026-03-22T18:38:50,-84.48674244160293,-174.81106940288421,LOGIN,HIGH
2026-06-04T12:54:31,82.12332207608259,-168.4535844063644,UPLOAD,CRITICAL
2026-02-26T18:14:36,14.046570312390628,-120.19379953905715,PURCHASE,CRITICAL
2026-08-05T22:42:39,-64.92323061801685,-12.118447718457986,LOGOUT,LOW
2026-01-16T06:26:45,69.83568701823486,65.86268766076878,UPLOAD,CRITICAL
2026-03-20T17:30:48,-75.01958213062832,49.20361279618464,LOGOUT,CRITICAL
2026-06-15T17:41:01,86.68617683325365,94.4988099565785,PURCHASE,CRITICAL
2026-05-16T12:18:59,-63.11773826852024,-179.03902493493973,LOGOUT,LOW
2026-01-25T21:01:15,21.09289095442027,124.18336993531943,UPLOAD,HIGH
2026-02-23T11:42:22,8.058597032672552,-88.78165260957486,LOGIN,HIGH
2026-09-22T19:34:02,38.964591390116794,-3.579577947363873,ERROR,LOW
2026-09-02T08:51:16,-18.799210945334394,-156.15993576851744,UPLOAD,CRITICAL
2026-10-11T18:15:57,-31.097188862958255,-60.47391032505942,LOGIN,LOW
2026-05-22T03:26:00,69.30033232672162,-168.35000883954524,LOGIN,CRITICAL
2026-04-28T21:31:12,33.954406505807555,96.69006028872593,LOGOUT,LOW
2026-06-16T17:07:39,67.88042330090164,-105.12315624632379,LOGIN,LOW
2026-03-23T11:30:52,-14.698514774945679,178.5717115003381,LOGOUT,LOW
2026-04-04T10:48:26,-31.99701676598535,-124.72533502805234,UPLOAD,LOW
2026-01-02T02:17:22,36.97009505923559,-111.45576059013906,PURCHASE,CRITICAL
2026-02-25T06:45:21,67.88795849285631,50.30818089006013,LOGOUT,HIGH
2026-05-09T12:09:21,55.23814497029818,26.753632435963198,ERROR,CRITICAL
2026-02-24T23:18:09,62.89572397028175,21.691566190487947,UPLOAD,LOW
2026-12-05T08:10:24,-15.20228767615886,-37.29769826232737,LOGIN,HIGH
2026-11-23T07:32:48,71.97336108401961,-26.541902270928972,ERROR,CRITICAL
2026-07-03T00:19:33,40.83898813792342,-70.0024527063228,LOGOUT,LOW
2026-11-30T06:19:59,-89.74170293090458,-45.42612448154881,PURCHASE,LOW
2026-01-08T07:47:12,-19.883739665700233,-23.07812228242358,PURCHASE,CRITICAL
2026-06-30T07:39:43,-89.22884609168044,66.87872943859088,PURCHASE,HIGH
2026-11-03T07:57:09,42.18854248249389,18.83485264993422,LOGIN,HIGH
2026-10-11T01:32:37,28.059870728083425,-3.6714817091968257,PURCHASE,LOW
2026-08-14T06:59:15,80.16675140200067,118.84879596223828,LOGOUT,CRITICAL
2026-01-02T09:29:18,15.542736227265792,-73.54146365432926,LOGIN,HIGH
2026-01-03T08:35:15,-32.78679618790041,-173.46296671397317,UPLOAD,HIGH
2026-08-27T22:46:04,13.166229099634862,73.82849894205361,LOGIN,CRITICAL
2026-10-07T04:03:07,49.110540562313474,-136.0191446634931,LOGOUT,CRITICAL
2026-05-09T17:01:36,-22.95398511913791,71.32712131764893,LOGOUT,LOW
2026-09-14T13:47:14,52.77299878248033,18.96281254858843,LOGIN,HIGH
2026-07-15T10:17:51,60.74159174177544,-110.4816458055512,ERROR,CRITICAL
2026-06-22T20:12:02,24.472983738399435,-95.39580698353856,PURCHASE,CRITICAL
2026-01-23T05:45:26,81.83645774348525,126.29998606979177,PURCHASE,HIGH
2026-06-07T03:04:11,-58.61577683005099,-57.64954784054514,LOGOUT,CRITICAL
2026-05-22T09:57:36,-81.58988566036602,-141.6575053982566,LOGIN,HIGH
2026-10-29T11:34:47,-61.35167578553526,-63.13542280373824,UPLOAD,CRITICAL
2026-06-19T02:14:24,60.26831815156231,-13.317536709340686,UPLOAD,CRITICAL
2026-07-29T01:20:48,-58.109707740427034,-165.46433896141002,LOGIN,HIGH
2026-04-18T07:51:55,5.674358798272834,-173.2748357283089,LOGOUT,LOW
2026-04-09T22:13:42,73.52567101636058,-50.852020018972524,UPLOAD,CRITICAL
2026-01-03T17:10:48,37.205759112997455,33.48320461451726,LOGIN,CRITICAL
2026-06-17T16:21:17,-77.86674615838318,139.98488236841882,PURCHASE,LOW
2026-03-11T03:55:38,19.647396940721308,141.43448322465053,PURCHASE,CRITICAL
2026-05-08T13:37:31,82.73237321216286,96.54021878693982,PURCHASE,CRITICAL
2026-12-08T11:29:55,-57.41159894961714,-62.6454062378198,PURCHASE,CRITICAL
2026-06-07T23:19:34,-10.268159525010518,-19.82976035376535,UPLOAD,CRITICAL
2026-11-28T02:42:42,-74.11260396796871,65.02299389103118,ERROR,CRITICAL
2026-11-06T17:03:41,8.6853565292801,-173.40427983469644,PURCHASE,HIGH
2026-07-01T15:36:52,-15.898110010610097,-128.59342992920662,PURCHASE,HIGH
2026-10-25T21:27:51,66.23677300594127,-142.531226936022,ERROR,LOW
2026-08-02T09:38:21,12.597675891243483,141.1928071498317,PURCHASE,CRITICAL
2026-08-10T12:53:14,-6.344132542003209,161.49355988227813,LOGIN,HIGH
2026-09-14T01:05:54,77.10597212289954,-119.56077526992362,LOGIN,LOW
2026-03-20T05:20:51,-21.79517889263046,7.807646499876427,ERROR,LOW
2026-01-04T00:21:02,74.77439159544721,-109.52728824298043,ERROR,HIGH
2026-09-22T09:07:52,44.700000380446255,-133.23430536849168,UPLOAD,CRITICAL
2026-08-13T09:10:46,69.86199016063443,31.216159032836174,LOGOUT,LOW
2026-09-24T17:59:27,87.9100762734019,-1.4968596318753384,ERROR,LOW
2026-10-15T13:42:50,-68.97024382214104,-91.289963550954,UPLOAD,CRITICAL
2026-10-21T06:03:17,25.02920840866554,27.833794937941917,UPLOAD,LOW
2026-07-01T04:29:22,-71.07614149144133,146.2906808737465,PURCHASE,CRITICAL
2026-06-02T23:51:17,78.30742887224966,148.45152170905823,LOGOUT,LOW
2026-07-22T06:51:57,31.816613431535643,89.34058036477217,UPLOAD,CRITICAL
2026-05-18T00:00:57,68.8526659397132,-127.6078305780065,PURCHASE,CRITICAL
2026-09-07T14:28:36,83.38240422166342,21.895732804245483,UPLOAD,CRITICAL
2026-06-04T00:14:40,2.2553148668482947,-142.23118039522058,PURCHASE,LOW
2026-08-12T10:56:02,-5.8659060950083415,70.80357288849785,LOGIN,CRITICAL
2026-12-20T03:55:16,71.3781115585947,-176.92095106677746,LOGIN,HIGH
2026-04-03T02:58:31,-0.6405375471011467,-77.55582525155286,UPLOAD,CRITICAL
2026-11-26T23:20:31,50.93205921109811,82.07950558699952,PURCHASE,HIGH
2026-05-02T09:57:00,-6.740135527265181,144.2358210036552,PURCHASE,HIGH
2026-04-18T14:47:40,-70.14252056926622,166.68387305406748,ERROR,HIGH
2026-08-14T20:15:22,73.0127989433781,-118.67169925738693,ERROR,LOW
2026-05-30T18:03:55,25.24491339037789,153.45068606443357,PURCHASE,CRITICAL
2026-04-01T04:48:58,-36.410720807711755,-17.30714992490371,PURCHASE,CRITICAL
2026-02-12T09:07:13,34.086467552034975,-168.84267585571268,PURCHASE,LOW
2026-05-13T09:15:20,14.353033731927681,151.0571475739876,LOGOUT,CRITICAL
2026-07-20T06:54:09,-30.709831477218458,45.602876463971626,UPLOAD,CRITICAL
2026-01-22T01:05:20,-6.8289768231847034,38.14922700416591,UPLOAD,HIGH
2026-05-22T07:33:14,1.130680992550893,-66.87873212875274,UPLOAD,LOW
2026-12-25T01:02:12,30.947596501099056,-61.24835975475388,UPLOAD,LOW
2026-05-27T23:05:56,-4.148758391107833,-68.60518814206797,LOGOUT,HIGH
2026-09-20T23:52:22,-82.99022042762469,122.7629818311948,LOGOUT,LOW
2026-06-21T23:43:27,27.38785341818864,-144.76979397018766,ERROR,HIGH
2026-05-31T15:45:53,-73.09450210311222,151.6341126485883,LOGOUT,HIGH
2026-09-13T09:10:23,-85.40269020538516,45.51051289544293,ERROR,CRITICAL
2026-07-27T14:50:49,-50.775838868150444,30.192557099610468,LOGOUT,LOW
2026-03-18T15:38:00,38.78937950795802,0.37776049790429056,PURCHASE,LOW
2026-04-02T18:26:28,72.75419692722167,-32.8319185272498,UPLOAD,CRITICAL
2026-05-13T01:39:33,-66.61874956109857,19.5572260014045,LOGIN,CRITICAL
2026-03-14T17:38:30,-49.64250269785744,95.39254903707001,LOGOUT,CRITICAL
2026-11-08T03:22:39,-19.33416816062494,-109.59572242868003,ERROR,LOW
2026-05-02T18:36:33,34.98403564672854,75.9366720852646,LOGIN,HIGH
2026-08-30T23:25:24,-8.911743849087287,-85.5065875208021,LOGIN,LOW
2026-02-24T05:40:13,84.34420304769728,-91.55985134525751,ERROR,HIGH
2026-01-30T01:31:38,-37.43654551879642,105.1958315108323,PURCHASE,LOW
2026-08-16T06:05:13,-46.255382836870794,-51.50343602130718,PURCHASE,HIGH
2026-09-27T20:34:16,-8.73277636166651,175.90698670658907,LOGOUT,LOW
2026-01-16T21:43:25,-16.006811704946273,-10.705138068411344,LOGIN,LOW
2026-06-12T08:56:35,85.38750481344954,-84.4311763545393,PURCHASE,CRITICAL
2026-04-17T10:44:52,53.877722208345716,107.71035090823517,LOGIN,LOW
2026-02-11T20:31:20,9.182217430094795,-90.25864561064724,UPLOAD,LOW
2026-09-04T13:23:43,-63.45451201521132,63.72028934710366,LOGIN,HIGH
2026-05-07T04:32:45,-84.66052995050028,84.579449786839,LOGIN,LOW
2026-03-07T13:53:19,66.47464399707977,146.28664696390058,UPLOAD,CRITICAL
2026-04-02T23:39:04,28.118744699770545,47.635350894252184,PURCHASE,HIGH
2026-04-25T23:17:21,-39.00898921888814,20.68460770093563,PURCHASE,LOW
2026-09-18T16:00:23,-89.21322771440607,-87.59883721506436,PURCHASE,HIGH
2026-11-12T01:39:49,79.12399963453177,29.027633964033015,LOGIN,LOW
2026-06-08T09:48:34,-51.79572293889,-60.181095344324376,LOGIN,HIGH
2026-07-13T13:36:07,-2.2880573699708293,14.016085997651857,PURCHASE,LOW
2026-04-01T03:12:21,26.309880946887446,-4.262895378624592,LOGOUT,CRITICAL
2026-10-08T20:28:41,18.109084450520243,-85.37293818433056,ERROR,LOW
2026-01-12T08:27:35,3.5187459888292807,69.94113137616884,LOGOUT,HIGH
2026-08-08T15:26:56,-22.134660707733886,57.84820224268964,LOGOUT,HIGH
2026-12-12T13:27:44,77.24357561249326,-173.7460778195634,LOGOUT,LOW
2026-01-25T02:31:25,11.56207963781111,-45.17109288570941,PURCHASE,CRITICAL
2026-01-10T01:45:58,-17.926007369510714,-15.15183956643034,UPLOAD,LOW
2026-06-17T15:25:05,25.796697653376953,149.76286624671377,LOGIN,CRITICAL
2026-01-27T01:44:38,82.11343021196765,64.15748505900171,LOGOUT,LOW
2026-01-22T16:15:05,-52.702851555322496,125.40362533303079,PURCHASE,HIGH
2026-08-26T12:32:17,-84.03037173839476,-22.887486400546578,ERROR,LOW
2026-12-21T07:51:12,-69.38906186200188,-114.36425132958813,LOGIN,CRITICAL
2026-09-10T01:36:59,-55.14526960658973,-94.43854963952819,LOGOUT,CRITICAL
2026-10-13T07:49:23,24.334758176880328,122.06864406261235,UPLOAD,LOW
2026-08-13T11:16:14,75.57566380520464,101.95078785395123,UPLOAD,LOW
2026-02-13T16:20:31,-89.55999722318238,-58.61699520975891,LOGIN,HIGH
2026-02-03T00:37:38,-61.26922554373341,151.07193701300832,LOGIN,LOW
2026-12-15T15:18:54,10.660608877734845,138.4057996594484,UPLOAD,LOW
2026-09-11T08:30:29,-6.605814844333693,89.49516073392459,LOGOUT,HIGH
2026-10-30T16:34:12,-80.25461020469535,-77.0141102123312,UPLOAD,HIGH
2026-07-10T16:24:36,42.36086530585041,12.761223316861873,ERROR,LOW
2026-12-12T21:35:28,8.55037665393813,-127.69439740203158,ERROR,LOW
2026-02-28T12:52:01,-61.41970347810897,57.684167822294825,LOGIN,LOW
2026-03-07T00:23:02,-14.15007952088689,27.691728168921628,LOGIN,HIGH
2026-04-11T11:07:50,-15.1276914278871,-29.128955217876012,UPLOAD,CRITICAL
2026-05-06T20:18:31,-65.27624254437316,137.17411888741418,ERROR,HIGH
2026-01-06T02:28:56,62.03565167051758,-29.895851204913242,LOGIN,CRITICAL
2026-06-15T16:04:42,69.50097463620213,162.29082834345837,ERROR,LOW
2026-09-27T19:46:03,22.97289256954589,150.0537125316639,PURCHASE,LOW
2026-05-21T12:06:02,-7.014251208652524,-16.90251530676764,ERROR,CRITICAL
2026-04-08T07:50:23,-5.530758581554551,17.083790944594654,UPLOAD,HIGH
2026-01-06T11:21:56,-10.52660956495528,111.76686295029566,UPLOAD,HIGH
2026-06-11T18:45:10,-32.74552817538955,-11.483021043737608,LOGIN,HIGH
2026-02-03T13:24:18,-64.38974408150662,41.33580613897499,UPLOAD,CRITICAL
2026-06-26T05:21:08,81.62923996024094,-124.86485603099975,PURCHASE,LOW
2026-06-04T21:52:57,4.041481547306546,106.40355240960463,LOGOUT,CRITICAL
2026-11-06T09:18:21,88.00269861812123,141.68910581156115,LOGIN,CRITICAL
2026-09-08T01:35:38,46.060100704267086,-87.42329803832257,ERROR,LOW
2026-01-01T12:12:29,-28.511978125143628,131.64722395963202,LOGIN,CRITICAL
2026-07-20T08:57:53,79.47110173377504,-168.0208593570591,ERROR,CRITICAL
2026-10-06T13:07:04,-18.39344607521018,5.5119771048933615,LOGOUT,LOW
2026-09-25T23:01:15,61.079395066686885,50.85481810950449,ERROR,HIGH
2026-07-03T06:53:35,84.49454051695858,27.802260083861142,PURCHASE,CRITICAL
2026-01-25T21:29:33,-64.01785773099827,29.74798998632147,LOGOUT,LOW
2026-12-08T19:17:15,-58.64396708477657,94.23072605442354,PURCHASE,LOW
2026-08-05T04:18:06,33.24820477495692,-94.23993949686454,PURCHASE,CRITICAL
2026-09-24T06:56:05,-41.38974789547138,121.8437685341197,LOGIN,LOW
2026-08-13T00:10:26,18.70744776284681,171.7574821565281,UPLOAD,CRITICAL
2026-04-12T15:08:20,10.109603878480925,8.027812528588953,LOGIN,CRITICAL
2026-02-16T00:29:55,-5.169401316259496,69.17010564503903,ERROR,HIGH
2026-12-05T17:42:13,71.7141742892482,-47.87313624174885,LOGIN,HIGH
2026-07-01T11:55:04,26.795563240519925,80.83121166869239,LOGIN,HIGH
2026-11-18T04:17:38,-38.658254664549766,-77.40674643671522,LOGOUT,HIGH
2026-08-01T19:28:03,14.21660816027385,83.52342128268214,UPLOAD,HIGH
2026-06-25T22:22:30,35.88982632234635,53.32201457265228,PURCHASE,HIGH
2026-02-02T07:49:46,30.544360650088947,-62.09169037043752,LOGIN,LOW
2026-01-14T14:06:34,76.74712322027912,25.433968998904504,LOGIN,LOW
2026-09-20T15:26:18,-5.583270123754971,113.48713635063683,ERROR,CRITICAL
2026-10-14T04:29:30,-24.818281493679677,81.54459404632291,LOGIN,HIGH
2026-01-19T16:00:01,-63.252492229321575,59.44455730960931,UPLOAD,HIGH
2026-03-05T11:40:20,33.49396137347978,154.9044789792477,LOGOUT,CRITICAL
2026-09-23T03:01:03,21.199250903818992,-168.2020405718161,LOGIN,CRITICAL
2026-03-08T20:32:28,21.6187292502793,138.85054029107442,PURCHASE,CRITICAL
2026-11-04T00:30:52,18.548295387676234,-83.14905439740419,ERROR,CRITICAL
2026-09-27T01:32:20,27.711504842713538,129.63440699387593,PURCHASE,CRITICAL
2026-03-31T08:23:26,66.26810109500809,-27.986058029049644,UPLOAD,CRITICAL
2026-06-25T06:28:02,44.66989692793618,-88.41422752060028,LOGOUT,HIGH
2026-02-28T18:39:53,-20.955986832386344,64.15247622850896,UPLOAD,CRITICAL
2026-04-11T03:56:35,30.410830354096802,-120.32514080244097,PURCHASE,LOW
2026-06-07T01:52:24,-38.84157955392419,-54.280108509349034,LOGOUT,HIGH
2026-04-24T07:02:03,-82.91711219095889,105.6042707211202,PURCHASE,LOW
2026-12-16T16:51:49,71.65283738945266,-112.44448836290863,ERROR,CRITICAL
2026-10-26T00:13:25,-48.64149722224709,-20.11012014605626,ERROR,HIGH
2026-10-15T23:49:37,13.217165312620608,102.01236342803935,UPLOAD,HIGH
2026-05-28T07:31:23,6.043176656501046,87.67523738281028,ERROR,LOW
2026-11-22T05:54:15,5.435012859415366,-56.338184336531015,LOGIN,HIGH
2026-04-27T23:11:17,17.76810272271824,-163.28646951930318,PURCHASE,CRITICAL
2026-04-26T20:07:16,20.76785989288777,-39.245225296646254,UPLOAD,LOW
2026-04-17T19:29:17,-40.8833716371541,40.41880855373768,UPLOAD,LOW
2026-03-24T02:45:11,82.08046516409306,106.90695942541441,UPLOAD,HIGH
2026-03-08T09:02:50,-39.01653653230629,-163.75220594866155,PURCHASE,HIGH
2026-04-10T05:21:22,-42.20400587077304,-170.3486916171203,UPLOAD,CRITICAL
2026-08-05T15:27:20,-11.388655173495778,-114.24335470022754,PURCHASE,LOW
2026-05-04T05:48:14,-63.83571628240818,-21.10610764332492,UPLOAD,LOW
2026-02-07T17:42:04,72.24519670740366,-147.409498326996,LOGIN,CRITICAL
2026-07-21T04:50:19,-23.049934922735773,69.47334639859801,LOGIN,CRITICAL
2026-04-08T04:49:41,-16.13547517406164,-27.255280591962048,UPLOAD,CRITICAL
2026-08-04T02:45:00,30.296166384099536,81.68255117343762,UPLOAD,LOW
2026-11-14T21:01:58,-60.12992923149952,-92.60536813357695,UPLOAD,HIGH
2026-02-15T17:49:50,0.014417766641969365,-104.52791945015258,ERROR,CRITICAL
2026-09-27T16:42:43,-54.25926627851882,-81.00062363188871,UPLOAD,LOW
2026-12-07T19:40:46,46.68472369893621,138.50990694933228,LOGOUT,CRITICAL
2026-11-30T09:06:39,-14.653602185506372,-124.24921717778196,UPLOAD,HIGH
2026-09-15T08:47:27,77.83694806818681,-176.88531606956772,PURCHASE,HIGH
2026-08-01T07:08:14,58.722185563398654,116.14894573987033,UPLOAD,HIGH
2026-12-24T19:57:47,52.503273924074705,131.2067210429226,UPLOAD,LOW
2026-01-25T22:44:20,63.695730094353166,109.57154886044316,ERROR,CRITICAL
2026-04-10T04:21:31,19.593041622578383,14.339658773054964,ERROR,HIGH
2026-05-31T03:20:24,-89.11442404207786,-117.17822693143148,LOGOUT,HIGH
2026-02-10T06:29:41,-3.2797854409331535,17.151597222583916,PURCHASE,CRITICAL
2026-07-04T06:05:54,87.59999664867149,136.64844591085307,LOGIN,HIGH
2026-06-16T21:50:26,-75.86592329709221,-114.06184897085177,PURCHASE,CRITICAL
2026-01-19T09:58:47,55.56099183005307,-56.11064100101967,LOGOUT,CRITICAL
2026-11-20T04:28:38,71.47003570621649,-27.423619921765322,ERROR,CRITICAL
2026-12-24T02:12:05,0.6204626956924386,53.65907089946688,ERROR,CRITICAL
2026-07-30T09:33:07,4.452594987931477,158.65498192183202,PURCHASE,HIGH
2026-04-19T06:25:27,-30.709904489742307,-87.12632448932564,ERROR,HIGH
2026-01-27T21:39:16,-47.591972425771615,-178.46229730846883,UPLOAD,LOW
2026-10-08T09:56:05,78.41161329019096,176.80485791781138,LOGOUT,HIGH
2026-12-12T20:15:29,75.04905984243001,68.85209439833142,UPLOAD,HIGH
2026-03-12T16:19:00,35.16830713795213,-60.16631574291161,LOGIN,CRITICAL
2026-08-14T19:17:27,-52.416925838513535,-44.3243169598837,LOGOUT,CRITICAL
2026-08-23T02:36:07,-85.10123476417077,-124.85116524616896,PURCHASE,CRITICAL
2026-04-22T04:54:28,51.77267471722567,-7.733874488954143,LOGOUT,HIGH
2026-10-07T03:23:36,51.89828038539258,-54.18984512564184,LOGIN,LOW
2026-05-20T20:45:38,-16.273888053080512,109.19427502708618,LOGOUT,CRITICAL
2026-02-21T09:14:44,36.22150261616147,-93.60274082115224,LOGIN,HIGH
2026-01-11T23:03:22,28.30155697017463,-59.29636552345691,PURCHASE,CRITICAL
2026-01-12T18:00:22,65.95001620719657,168.4081477190823,LOGIN,HIGH
2026-01-14T15:22:19,-66.36245945707304,-133.00692169499513,PURCHASE,LOW
2026-04-07T08:14:02,-80.48564375659551,121.31880937812736,LOGOUT,CRITICAL
2026-10-05T20:41:39,45.08204730986921,-2.8591300229275305,UPLOAD,HIGH
2026-09-04T21:31:25,26.766029515498815,-77.66322711579105,ERROR,HIGH
2026-06-12T11:29:21,-56.150456703573944,-157.45427155548137,LOGIN,LOW
2026-08-31T22:29:11,-76.23037146220173,15.698287274466907,LOGIN,HIGH
2026-07-31T11:23:41,62.53846878917105,20.73623810312438,ERROR,CRITICAL
2026-10-22T11:49:56,53.630333457495965,146.221454309176,ERROR,LOW
2026-05-04T20:49:44,35.451805135315695,-72.42923941598787,UPLOAD,CRITICAL
2026-05-09T16:12:41,2.4478984791128084,-44.3847676858839,PURCHASE,HIGH
2026-05-07T15:30:16,37.557156756583794,-73.27735730435138,UPLOAD,LOW
2026-03-06T04:13:00,23.12617759266935,18.351118006097664,UPLOAD,LOW
2026-05-12T11:52:26,-64.88823105629707,157.73098693555664,UPLOAD,CRITICAL
2026-07-29T19:54:34,-21.37936846984603,30.23988705084696,PURCHASE,CRITICAL
2026-04-16T19:58:01,-19.779610290529206,152.04328907512468,UPLOAD,CRITICAL
2026-10-23T14:42:37,-34.17079410248578,13.268473599408168,LOGOUT,CRITICAL
2026-11-23T11:52:45,5.870819078584944,-76.83894901243818,LOGIN,HIGH
2026-03-01T20:27:35,-81.99791741626709,-151.4727124486448,LOGOUT,CRITICAL
2026-03-07T01:47:20,56.60843246460618,14.541852474030946,ERROR,LOW
2026-11-04T20:12:50,42.04558801527628,131.35458335527272,LOGOUT,CRITICAL
2026-03-03T21:10:32,75.23355024321901,-105.12534177090326,ERROR,HIGH
2026-07-23T02:17:14,-11.433817174812432,-74.52723707527396,ERROR,CRITICAL
2026-07-06T14:51:57,8.125210926352537,-130.97375099441945,UPLOAD,CRITICAL
2026-09-15T15:21:26,50.00327513237556,-112.98506282544606,LOGOUT,CRITICAL
2026-06-29T17:18:51,42.98058009273876,173.36064763711158,LOGOUT,LOW
2026-01-03T10:38:50,1.0474146821308352,148.59663914086047,ERROR,CRITICAL
2026-03-29T23:06:07,59.6091305341927,-22.452651044862478,LOGIN,CRITICAL
2026-01-03T19:36:15,-16.79401850134576,59.70170939937108,LOGOUT,LOW
2026-04-14T06:55:29,24.790819242545652,-55.09485622662534,PURCHASE,HIGH
2026-04-05T06:17:40,-28.417837021296165,-26.898181271148246,LOGOUT,CRITICAL
2026-02-20T02:58:32,64.58011079400475,126.49300889759331,ERROR,HIGH
2026-09-08T05:27:59,38.49067135213778,-166.84175833958028,PURCHASE,HIGH
2026-03-24T16:58:57,-28.86176053037274,-51.67696852938238,UPLOAD,HIGH
2026-03-26T18:55:38,-79.03878681754102,-134.702237849372,ERROR,LOW
2026-10-17T12:13:43,24.485105130485607,116.96910236450259,LOGOUT,CRITICAL
2026-05-14T17:57:21,56.84664790633468,111.63836033149357,LOGIN,HIGH
2026-10-03T10:05:26,-60.620938822934924,-88.35345078234992,LOGOUT,HIGH
2026-05-13T21:22:34,-29.20479258698466,146.96704944816264,UPLOAD,CRITICAL
2026-10-10T02:57:38,52.154494420173904,66.21593862962288,UPLOAD,HIGH
2026-12-13T13:31:11,74.79049352520343,-15.064788805499319,LOGIN,HIGH
2026-02-10T11:47:04,-71.28018815217594,-8.396596390129957,UPLOAD,CRITICAL
2026-11-28T14:04:33,81.7812624010972,-50.513358980883766,UPLOAD,HIGH
2026-09-05T15:09:33,51.181585010594404,-77.22389978242572,ERROR,LOW
2026-07-24T21:59:35,-19.6246493499458,103.23749002172104,PURCHASE,HIGH
2026-08-25T09:42:06,-88.17134325605934,167.00745990518743,PURCHASE,CRITICAL
2026-09-18T16:04:02,76.93778143525,-84.75958653832943,ERROR,HIGH
2026-10-17T18:15:25,-48.91246291025551,-112.53156500903384,LOGOUT,CRITICAL
2026-11-26T09:14:40,-77.3004404181861,68.32211091140306,PURCHASE,CRITICAL
2026-08-22T21:43:40,-30.546992693805194,12.477256711484301,ERROR,LOW
2026-01-05T02:29:44,28.66238305585604,-27.633378201571475,LOGOUT,LOW
2026-09-21T01:44:03,20.692823135246854,158.40603763314232,UPLOAD,CRITICAL
2026-09-21T02:39:24,61.53623871675532,165.19932700304355,ERROR,HIGH
2026-01-13T08:09:10,-2.1258539388740445,-171.34939946960796,UPLOAD,CRITICAL
2026-05-06T10:52:00,-52.86078340822279,-149.3484285000081,LOGIN,LOW
2026-11-30T18:41:51,81.93873646921685,27.331426919957977,LOGIN,CRITICAL
2026-02-15T13:34:42,-46.561701820482924,160.3160821023556,ERROR,LOW
2026-12-03T18:22:42,46.657223460568616,-128.23893013634807,LOGOUT,LOW
2026-05-19T04:47:49,-13.626294292880004,44.83955576421894,PURCHASE,CRITICAL
2026-10-29T00:05:20,89.67808539886286,-166.2512660421303,LOGIN,LOW
2026-05-23T03:08:13,57.3497073301877,-105.58582183322054,PURCHASE,LOW
2026-05-07T15:15:41,-17.33396692194674,-172.376697610705,ERROR,HIGH
2026-03-06T08:26:35,2.0688786957441607,-14.109371412426327,PURCHASE,HIGH
2026-05-23T01:38:11,19.467528594052865,57.6180891957743,PURCHASE,HIGH
2026-09-28T14:59:49,74.97338209037397,60.402914906074244,PURCHASE,HIGH
2026-07-12T02:21:17,-28.687211704982268,-56.4265064881895,UPLOAD,HIGH
2026-05-23T20:33:35,-85.42475104044517,-56.662809873255725,LOGOUT,CRITICAL
2026-09-02T08:30:37,-20.389915376002563,22.73220610340306,LOGIN,HIGH
2026-02-14T13:23:18,-35.93474974848112,-48.76204524100265,PURCHASE,LOW
2026-08-06T03:39:46,-49.63389208638807,-55.8093427185602,LOGOUT,CRITICAL
2026-05-02T12:50:12,-66.42333751147734,127.16652988351507,PURCHASE,LOW
2026-11-11T04:28:26,77.94514425923327,159.26551701968276,UPLOAD,CRITICAL
2026-07-14T10:09:02,-60.4754008392128,93.35068275593318,ERROR,CRITICAL
2026-05-02T16:29:40,-72.66947524800958,-155.8436109148486,LOGOUT,LOW
2026-04-27T06:19:30,59.80153294937284,-45.26608722721511,PURCHASE,CRITICAL
2026-04-25T21:32:10,-32.45950053029659,-158.3847942249539,LOGOUT,LOW
2026-11-03T14:35:55,55.22995009769491,-131.21774606041356,ERROR,CRITICAL
2026-12-09T10:06:48,-42.826127980788854,-107.10677229419778,UPLOAD,CRITICAL
2026-10-28T19:53:25,8.446539234141838,-71.93321419964948,LOGIN,LOW
2026-11-16T10:34:31,41.180726626721736,65.95271906977513,LOGOUT,LOW
2026-10-08T23:27:58,78.69458166123289,102.87860557937086,PURCHASE,HIGH
2026-01-04T17:32:34,42.62123023272693,-117.76589624740305,LOGOUT,HIGH
2026-04-01T16:51:30,-37.87892732085711,120.77873681446601,LOGIN,CRITICAL
2026-04-08T06:57:51,-73.75424733992712,106.99809117583794,LOGIN,CRITICAL
2026-12-16T23:35:23,-83.01866408358862,78.63484158339435,LOGOUT,HIGH
2026-07-05T17:06:08,12.901342638263174,29.878050420775367,LOGIN,CRITICAL
2026-01-11T10:48:58,-39.18363789831749,114.2277998644339,UPLOAD,HIGH
2026-02-04T09:15:30,-65.4668147557534,147.92289015611112,LOGOUT,LOW
2026-05-07T04:27:01,-35.55238624517222,-177.0620126196459,UPLOAD,CRITICAL
2026-02-03T18:31:46,81.86613003892043,101.42225445052372,LOGOUT,HIGH
2026-10-15T18:45:19,83.38187419902502,171.8618914780053,PURCHASE,CRITICAL
2026-10-03T18:10:03,-23.959842583995496,-155.28335219050723,LOGOUT,CRITICAL
2026-10-25T22:14:10,33.411288799451995,-24.334076575296876,LOGOUT,HIGH
2026-06-16T00:45:56,8.435649833693603,-148.61367742098707,ERROR,LOW
2026-04-23T18:17:47,57.48958172735561,-138.24916693209724,LOGIN,LOW
2026-01-11T01:35:27,49.18897770178586,42.92849534058911,LOGOUT,CRITICAL
2026-02-02T11:03:00,88.90776589722856,-165.80394720125128,PURCHASE,CRITICAL
2026-11-30T17:14:03,-35.0432316892816,-167.62686745379855,UPLOAD,CRITICAL
2026-08-22T22:13:58,-80.86692735485406,16.21286088303438,UPLOAD,CRITICAL
2026-01-28T06:38:38,14.111222836168892,63.87375107691204,PURCHASE,HIGH
2026-03-03T06:38:48,-56.11393674416022,116.82057355359558,LOGIN,CRITICAL
2026-08-12T14:02:58,66.39473219376845,-167.00387519054638,LOGOUT,LOW
2026-09-18T11:23:16,-50.94753001187154,-64.46396096557508,UPLOAD,CRITICAL
2026-11-14T03:38:34,35.31425921053798,-146.12393499004307,LOGOUT,LOW
2026-10-23T07:12:42,-12.413136075584049,130.52793849537306,ERROR,HIGH
2026-01-21T21:46:26,88.50621785276164,170.56772480366476,LOGIN,HIGH
2026-02-03T00:58:01,-87.95786682899028,55.870068359045774,UPLOAD,CRITICAL
2026-02-05T19:45:18,21.308517312461646,139.62834881412942,ERROR,HIGH
2026-01-14T21:21:04,-32.20930050041319,132.05079861627587,LOGIN,LOW
2026-10-08T11:10:37,-52.93003439374358,-122.80025654842372,LOGOUT,HIGH
2026-11-07T07:20:27,-42.57060716570864,-47.56325725653292,LOGIN,HIGH
2026-01-30T18:05:11,-43.90167712430764,6.925907514316805,ERROR,HIGH
2026-01-23T12:53:29,58.7477410495317,-1.4646646129973533,PURCHASE,CRITICAL
2026-03-01T14:41:14,-25.540926699731344,129.47879787599118,ERROR,LOW
2026-03-29T19:20:44,-76.45651304280963,-44.163245319389205,LOGOUT,LOW
2026-06-03T03:49:53,-85.30245311301462,-109.49535281681027,ERROR,CRITICAL
2026-07-15T16:01:19,41.05607460312007,-146.5840781119742,LOGIN,HIGH
2026-10-27T05:58:59,69.9863094404696,91.81552677018391,LOGIN,LOW
2026-10-23T00:50:38,64.24192550182045,40.33854437233245,LOGOUT,LOW
2026-06-14T20:51:53,-18.191271450099805,-13.803623853805902,LOGIN,HIGH
2026-08-19T14:41:29,19.35638569718877,-35.066275529272474,UPLOAD,HIGH
2026-06-04T06:17:40,33.55539447685547,-91.596813275912,LOGOUT,LOW
2026-03-26T17:46:18,34.20392157896052,-158.66452388062967,ERROR,LOW
2026-10-16T05:42:25,32.61370403535368,8.2493827847033,LOGIN,LOW
2026-08-14T05:58:15,-0.8140653670087232,148.7057395551539,PURCHASE,CRITICAL
2026-01-19T20:34:34,10.69794964607145,-108.75573746954663,LOGOUT,LOW
2026-04-26T19:50:24,-51.211336463776206,-168.97651040800426,ERROR,HIGH
2026-12-12T11:13:44,6.2130150206157,-3.2687563781817914,PURCHASE,CRITICAL
2026-07-30T09:06:56,34.82811596023957,18.7413888377788,UPLOAD,CRITICAL
2026-03-08T10:45:47,-46.18695062203964,-59.380643249151746,LOGIN,CRITICAL
2026-07-11T10:02:40,-56.42925317894434,8.85561307020842,PURCHASE,CRITICAL
2026-11-22T15:04:54,34.64141760354629,66.92282717362184,UPLOAD,HIGH
2026-10-16T10:24:52,-40.61742019584232,-66.10860944079599,LOGIN,LOW
2026-08-29T20:44:24,48.473274414085154,141.89953630714854,ERROR,LOW
2026-03-25T09:48:46,75.48082348664497,6.976886617357195,LOGOUT,LOW
2026-06-16T08:39:22,-0.7903725081758637,21.88573902245784,LOGOUT,CRITICAL
2026-10-03T21:43:52,-1.972968316216992,-37.30346593191925,UPLOAD,CRITICAL
2026-03-16T18:18:34,-63.83337474232503,-93.41257578521916,LOGIN,LOW
2026-04-11T05:38:38,35.074253844987,-31.969967395655715,ERROR,HIGH
2026-07-21T12:19:45,-33.98383174543725,-28.40701309225736,PURCHASE,CRITICAL
2026-06-17T06:40:19,42.849768894385136,159.74285435837544,PURCHASE,LOW
2026-06-02T14:02:42,-48.44010942878665,96.02061533779761,LOGOUT,LOW
2026-06-05T11:17:49,-48.96270886796081,-15.347363055870801,PURCHASE,LOW
2026-08-12T08:12:11,-10.39230535521017,-36.13109340195433,LOGIN,HIGH
2026-05-20T04:03:59,2.4094059641937804,-178.24648034100562,LOGIN,LOW
2026-10-18T23:57:05,49.725510839252564,-88.89792913398811,LOGIN,HIGH
2026-06-20T15:37:12,-57.912730143002996,-139.41365886908693,PURCHASE,CRITICAL
2026-03-25T04:15:50,36.54855838614726,140.98768848656943,LOGIN,HIGH
2026-07-29T07:59:00,-21.38235150808623,-143.2881081812854,ERROR,LOW
2026-11-30T21:25:44,-54.31621329530244,-44.98124042595862,LOGIN,CRITICAL
2026-08-24T22:58:47,-60.05053406998253,89.46566305609974,LOGIN,HIGH
2026-05-13T16:49:45,-28.838667812422614,47.013320453918084,ERROR,HIGH
2026-12-20T07:38:31,-43.52321303202965,86.94665747407936,UPLOAD,LOW
2026-05-28T11:45:29,1.1802923347854914,-88.02433063861905,LOGOUT,HIGH
2026-06-25T13:39:47,-73.8891264948625,-83.90971235555621,LOGIN,LOW
2026-04-23T15:37:40,67.91130173111895,63.59707547850019,PURCHASE,HIGH
2026-05-12T06:02:20,62.567926660094,-52.49796597030621,ERROR,HIGH
2026-01-12T03:09:04,-88.40399279031065,177.29144098237384,LOGIN,LOW
2026-08-22T09:28:50,81.95058937712926,51.67038286172209,LOGOUT,LOW
2026-07-12T20:06:59,49.578536353785154,164.32603477982235,UPLOAD,HIGH
2026-11-07T15:15:08,15.668091065315792,146.5549544702473,LOGOUT,CRITICAL
2026-02-08T10:36:14,27.293949531788357,81.64022496138449,ERROR,CRITICAL
2026-12-05T18:18:10,54.52587498261545,-39.39160878044885,UPLOAD,LOW
2026-07-27T19:18:02,-23.822908859985816,102.99728181147168,LOGIN,CRITICAL
2026-05-07T03:45:59,60.79177738914217,47.15312303865943,LOGIN,CRITICAL
2026-03-17T05:12:58,-43.445203860940055,101.12128271020163,UPLOAD,CRITICAL
2026-02-03T00:34:17,-16.850243635965356,150.73979501782503,PURCHASE,LOW
2026-07-31T02:40:48,-69.56964602668603,-111.96867742932758,PURCHASE,LOW
2026-04-04T10:04:14,-40.4829845806631,9.968458311343738,PURCHASE,CRITICAL
2026-04-16T15:19:07,-56.01250129275832,88.38184465493896,ERROR,HIGH
2026-01-14T04:12:52,-87.19276827286987,-28.809925748561426,ERROR,CRITICAL
2026-05-09T10:31:47,38.25507401628761,27.50458449675321,LOGIN,HIGH
2026-11-12T01:52:25,-57.376372762730725,163.6759374137506,PURCHASE,HIGH
2026-08-27T02:06:09,44.79238547157968,-26.01116294124745,PURCHASE,HIGH
2026-02-23T16:00:25,60.35523366345339,173.14977427628895,ERROR,CRITICAL
2026-09-29T03:21:29,84.45356371753743,124.10670546177295,LOGOUT,HIGH
2026-05-14T03:04:49,-59.65990774267797,-177.2091321036035,LOGIN,LOW
2026-06-11T03:12:15,84.03184210836375,87.2949329021402,LOGIN,CRITICAL
2026-06-23T12:44:55,-53.15513947038069,-69.82812936645286,UPLOAD,CRITICAL
2026-11-01T03:32:32,-38.778084177664084,90.45418735454024,UPLOAD,LOW
2026-04-01T23:13:38,-33.651988496270626,-137.68451352565523,ERROR,CRITICAL
2026-03-24T15:59:08,9.14450512104878,116.39235510252587,ERROR,HIGH
2026-12-20T04:39:31,41.81092390857384,38.17419242194893,LOGIN,CRITICAL
2026-09-23T10:49:51,63.40362584824055,-160.91250723168946,ERROR,LOW
2026-06-30T15:15:48,10.113424613118411,160.53951171963172,LOGOUT,CRITICAL
2026-10-04T13:16:45,22.13324853104777,49.05286249667955,PURCHASE,HIGH
2026-06-07T07:12:22,81.36698047429769,85.56010116515267,LOGOUT,LOW
2026-11-29T14:33:06,-41.29487173771695,179.66648548950963,UPLOAD,HIGH
2026-08-06T06:19:58,-39.268501429444605,71.58631571799964,PURCHASE,LOW
2026-08-31T22:12:24,37.010509225613234,49.355931171855815,LOGOUT,HIGH
2026-10-05T03:32:30,-26.89117208647496,-126.08940181595707,UPLOAD,LOW
2026-09-06T12:21:47,-51.61186049125506,-119.16648654027989,UPLOAD,HIGH
2026-10-04T21:05:57,-25.343992004542457,-34.06197132888008,ERROR,CRITICAL
2026-08-04T11:03:52,-67.55501524569053,-105.07727610036721,LOGOUT,HIGH
2026-12-10T19:13:27,-31.371934204516705,-81.38921149524359,ERROR,CRITICAL
2026-07-03T10:39:00,-72.74586462207907,-150.19646195326385,UPLOAD,CRITICAL
2026-02-20T10:42:21,69.03566353899816,82.42137010734842,LOGIN,CRITICAL
2026-12-03T01:13:26,87.82318616527397,-11.252226341344993,LOGIN,CRITICAL
2026-12-12T16:23:29,3.913305120701338,34.02631923507363,LOGIN,CRITICAL
2026-12-30T12:14:00,-89.63476830888223,81.97968429080237,LOGIN,LOW
2026-06-11T18:15:54,-68.53315194180618,-71.74916374766165,ERROR,HIGH
2026-04-09T20:50:40,-21.271556703287985,53.868901352743194,LOGIN,CRITICAL
2026-11-29T12:54:32,0.870715107032197,-158.27376966946227,UPLOAD,HIGH
2026-05-22T01:39:00,54.04399480385791,-117.91372043398316,PURCHASE,HIGH
2026-03-24T16:14:18,82.73147874847393,112.79990790085799,UPLOAD,CRITICAL
2026-11-30T04:56:26,27.276257557950714,-58.8665137497742,LOGOUT,LOW
2026-07-13T00:45:51,89.99799467541396,60.877933009169794,PURCHASE,CRITICAL
2026-09-20T00:34:19,60.98082523667733,82.08324416285541,ERROR,LOW
2026-01-22T22:40:30,-5.62388613181453,21.78345560616401,LOGIN,CRITICAL
2026-02-27T02:26:01,-28.6853493481496,-117.87052720516661,LOGIN,LOW
2026-02-03T14:40:07,45.17358136895487,81.74656329692903,UPLOAD,LOW
2026-08-02T19:58:36,84.40419740540096,91.78260728537259,ERROR,HIGH
2026-08-11T01:06:28,84.88605145663072,-158.2549865452819,ERROR,CRITICAL
2026-06-07T14:56:52,-15.851747013313187,-172.96966959964547,UPLOAD,HIGH
2026-05-21T00:54:10,73.90161580895185,123.69152838868376,UPLOAD,LOW
2026-11-18T22:19:30,12.796357396138447,179.0853086856198,ERROR,LOW
2026-06-09T04:14:20,-34.66100504657637,92.87303162439707,UPLOAD,LOW
2026-02-12T02:31:22,48.33647317521462,-179.5810152703592,LOGIN,LOW
2026-09-23T04:46:07,88.74435032981836,-9.940840576101465,UPLOAD,LOW
2026-06-23T14:30:34,-81.60423274387666,-91.45175773299835,UPLOAD,LOW
2026-07-24T22:47:52,23.672457279122327,90.65313059049134,ERROR,CRITICAL
2026-10-01T19:31:49,47.46843083378556,90.5256453955912,UPLOAD,LOW
2026-03-05T18:39:14,-83.41479800814474,108.19744395192646,LOGIN,CRITICAL
2026-12-12T08:53:42,70.2215000441144,-95.55178569058722,UPLOAD,HIGH
2026-08-19T15:14:57,-62.18089967198986,70.28797841789745,ERROR,HIGH
2026-10-08T14:31:36,-35.19568177052969,-21.50709218171636,ERROR,CRITICAL
2026-03-10T08:27:40,20.824328018518173,-54.85925837356254,ERROR,HIGH
2026-09-19T10:39:23,65.42675739842548,112.34667511666544,ERROR,HIGH
2026-06-21T12:23:59,-66.0182988876649,-10.479212535469259,PURCHASE,CRITICAL
2026-04-18T06:09:11,-73.83379415262831,35.309789058113324,LOGOUT,CRITICAL
2026-02-09T23:41:00,-9.58525747337626,30.95251305193196,ERROR,HIGH
2026-08-13T05:42:34,-26.995504344786482,129.27763559667397,LOGIN,LOW
2026-04-30T08:32:06,-29.908022898073845,-132.34431868995296,LOGOUT,LOW
2026-03-14T04:44:16,-11.25660497326892,-115.36155653750384,UPLOAD,LOW
2026-01-23T15:50:20,-50.992804449041785,124.25640037319818,ERROR,CRITICAL
2026-12-18T02:09:25,-43.97595493378946,-118.14102096042842,PURCHASE,HIGH
2026-03-28T11:31:59,-46.526024030002674,40.24355000099072,LOGIN,HIGH
2026-10-20T14:59:46,49.54957341852153,-87.15224832891364,LOGIN,CRITICAL
2026-05-29T00:05:03,-49.12194728626273,-148.84510579880333,UPLOAD,HIGH
2026-02-26T22:45:48,26.513301035220877,-82.1653386399571,ERROR,CRITICAL
2026-07-05T21:12:29,-23.742723599144085,-134.94802323478996,UPLOAD,LOW
2026-07-07T06:18:54,46.81013922332113,26.91211740433934,LOGIN,LOW
2026-10-07T16:01:20,53.7396231626642,122.6024486257283,LOGOUT,HIGH
2026-10-08T21:55:17,76.3469241415892,-33.04993110766645,LOGOUT,LOW
2026-02-22T19:38:23,-1.3379509880722225,-97.00266243401343,PURCHASE,LOW
2026-02-28T00:57:40,5.902238412661674,-52.21713594366065,ERROR,LOW
2026-10-28T07:57:47,80.36433412686037,7.068772041171883,ERROR,LOW
2026-12-14T15:57:27,51.57416514994145,127.75013069010572,LOGOUT,HIGH
2026-09-19T19:42:51,-58.19150199351508,-58.673306775618556,UPLOAD,LOW
2026-02-09T14:46:30,-83.63789109919988,111.56871350552149,ERROR,CRITICAL
2026-09-29T10:47:18,38.58855738760792,-160.8456077986507,UPLOAD,CRITICAL
2026-08-15T19:54:09,-33.805066900972385,55.792807301445805,PURCHASE,LOW
2026-03-21T09:16:34,43.75144705354242,-175.98940211418858,LOGOUT,LOW
2026-04-01T13:46:57,69.64005646928689,-109.20495267355496,LOGIN,CRITICAL
2026-09-01T09:41:07,6.733107564618777,111.85120720617351,LOGOUT,CRITICAL
2026-04-20T02:27:52,-23.915818246064646,48.46224036645651,LOGIN,LOW
2026-05-20T19:53:04,26.22054642167562,140.70671228373845,LOGIN,HIGH
2026-06-30T11:41:27,-50.558306282908696,-143.63004614949938,UPLOAD,CRITICAL
2026-09-07T05:14:29,22.733905217820492,90.98678452289977,LOGIN,HIGH
2026-06-13T11:41:31,12.846030582267929,-41.16873924041275,LOGIN,CRITICAL
2026-09-01T19:49:59,-20.490734031478837,-46.96952772219325,PURCHASE,HIGH
2026-04-28T11:03:16,41.0231555235369,68.81789842150062,LOGIN,HIGH
2026-07-10T02:10:07,29.82380349495328,14.176571108088808,LOGOUT,HIGH
2026-08-30T01:34:03,30.369099887621047,-23.37256204954062,LOGIN,HIGH
2026-03-22T02:28:10,38.39192365247402,46.52603430007977,ERROR,LOW
2026-09-09T12:56:09,84.54996316392715,168.5849331089297,ERROR,CRITICAL
2026-07-25T13:36:53,-24.721282638510615,-106.49584222803546,LOGOUT,CRITICAL
2026-08-04T23:09:33,-51.59075532541678,109.00399689361302,LOGIN,LOW
2026-08-23T06:30:48,-7.77344323359695,147.66422851821756,ERROR,CRITICAL
2026-09-19T00:42:28,3.21868952551128,-101.63057413712865,LOGOUT,LOW
2026-09-27T06:49:25,-22.98699927244853,-94.31189731215608,LOGIN,CRITICAL
2026-07-17T23:45:58,-22.65643346040723,29.395489519379595,ERROR,HIGH
2026-11-06T20:40:01,-24.69506382727674,-150.94901379095975,LOGIN,LOW
2026-05-09T18:56:21,-87.89700007958665,-23.071719732995717,UPLOAD,HIGH
2026-09-05T17:37:33,30.79699485104058,-166.74352418498643,ERROR,LOW
2026-04-26T14:25:57,-1.041786855763192,-10.428750263874917,PURCHASE,CRITICAL
2026-08-13T02:05:10,32.137169657205135,-25.71762823476851,LOGOUT,CRITICAL
2026-08-15T15:18:49,-25.49252085127962,41.629611492527204,LOGIN,LOW
2026-07-24T22:52:00,-29.70916469890082,-68.24896355875512,ERROR,HIGH
2026-03-07T14:13:40,-62.51328916423466,-62.9084300481597,UPLOAD,HIGH
2026-04-04T23:43:43,73.3579775829675,-20.96416632693783,LOGOUT,CRITICAL
2026-09-20T18:58:08,87.44179542834897,-97.9732321592756,UPLOAD,HIGH
2026-08-27T21:01:25,-29.37296088746421,34.73080146350662,LOGIN,LOW
2026-08-05T01:23:05,11.318796445548074,-64.6613678065309,PURCHASE,HIGH
2026-05-21T16:49:24,-11.613643466195924,58.50810524113888,PURCHASE,LOW
2026-01-29T22:15:49,-5.41257299127129,4.877169256032317,LOGOUT,LOW
2026-01-21T19:21:31,-63.068936073038365,126.7820766029829,LOGIN,CRITICAL
2026-02-26T21:12:43,42.53423962890892,160.16686266949336,LOGOUT,HIGH
2026-09-18T18:39:22,-22.312238366450984,65.84266772453347,LOGOUT,HIGH
2026-10-13T18:26:10,-19.706120355232727,106.10261087144573,LOGOUT,CRITICAL
2026-10-01T14:12:01,58.8293425251525,-118.79573210368679,LOGOUT,HIGH
2026-12-23T13:32:15,0.8985835415360413,-83.55538246675661,LOGOUT,CRITICAL
2026-01-26T08:45:02,-13.30478578689906,-39.08269016569986,LOGIN,CRITICAL
2026-02-18T02:17:40,-83.9906507091413,-176.2644518252393,UPLOAD,CRITICAL
2026-06-17T07:16:00,-18.66052814126354,169.2670996622183,LOGIN,CRITICAL
2026-06-21T19:08:31,-52.582912030001914,129.1887681820877,LOGOUT,HIGH
2026-05-01T05:08:18,-35.24277682367375,91.96372956796478,UPLOAD,CRITICAL
2026-09-01T20:54:57,34.353088256615465,59.210481411593264,UPLOAD,HIGH
2026-08-27T11:14:46,-24.647886653109154,158.20024237469977,LOGIN,HIGH
2026-06-17T06:50:20,53.09269540377207,103.28112642312499,UPLOAD,CRITICAL
2026-01-10T00:19:21,17.9046211809587,-1.566417851880999,ERROR,HIGH
2026-12-22T11:08:08,78.78780140585786,74.61283919584596,PURCHASE,CRITICAL
2026-08-06T04:22:29,-70.66038114870925,-77.19691421072918,ERROR,LOW
2026-10-05T23:28:57,-41.05797160175412,-23.281536801965643,UPLOAD,HIGH
2026-04-10T00:13:40,74.54998455104499,105.39902654906285,LOGOUT,CRITICAL
2026-06-21T01:34:14,48.26043232409967,137.5859151818259,PURCHASE,LOW
2026-07-14T15:16:30,79.80926009318233,-169.20200141291974,PURCHASE,HIGH
2026-06-19T14:44:28,-27.941306342852478,175.45179986681984,UPLOAD,LOW
2026-06-21T20:25:05,7.617657063846039,141.8144398112554,ERROR,HIGH
2026-02-05T04:10:54,16.81470330923591,152.05071085180765,UPLOAD,CRITICAL
2026-04-02T19:18:34,85.79959690653459,-81.56198972177381,PURCHASE,HIGH
2026-01-17T20:28:50,19.121431615158954,-34.82039315313071,PURCHASE,CRITICAL
2026-03-25T05:37:27,0.6055047162161884,-37.77430819878467,PURCHASE,LOW
2026-02-28T04:12:32,-46.846142946823065,4.141437633384413,UPLOAD,CRITICAL
2026-08-18T18:58:31,59.16567341351464,-39.6235783327314,ERROR,CRITICAL
2026-09-06T11:10:57,-60.22807905272255,154.92200344819486,PURCHASE,LOW
2026-05-20T03:51:01,-44.795643127634044,-33.94786496347737,PURCHASE,LOW
2026-02-13T12:49:44,-56.40035549070991,-143.23573703340793,PURCHASE,HIGH
2026-01-13T12:03:57,58.058018403680705,1.5854039987506496,LOGIN,LOW
2026-07-22T09:07:30,8.262294144192595,-104.5522973027655,PURCHASE,HIGH
2026-08-30T12:30:26,-37.66726919474494,-26.220033464960522,PURCHASE,CRITICAL
2026-11-08T14:43:57,-79.45231871196063,-8.30181133113777,PURCHASE,HIGH
2026-04-18T06:24:50,-7.2799451838711775,84.47590983690469,UPLOAD,LOW
2026-09-13T04:22:05,43.50196062506245,-150.50931190423276,LOGIN,LOW
2026-03-10T21:40:04,-69.15737609380378,-58.30948311134651,LOGOUT,CRITICAL
2026-08-12T03:13:16,56.906621772827975,-34.17824498153547,PURCHASE,HIGH
2026-08-03T02:00:51,51.95724571928051,75.65783277880428,LOGIN,CRITICAL
2026-08-07T15:48:37,72.52934794865169,-164.0107940490108,PURCHASE,LOW
2026-05-02T21:20:58,3.8040826349855195,-100.22007675954232,LOGOUT,HIGH
2026-02-20T21:12:53,62.11663691614157,-30.245807340193124,ERROR,LOW
2026-02-08T23:57:21,56.686044336977716,5.62497133736548,PURCHASE,CRITICAL
2026-01-01T03:01:01,47.95562114767162,-170.6716467421793,UPLOAD,HIGH
2026-11-02T00:29:57,63.82504438419386,-110.5117648516995,UPLOAD,LOW
2026-02-11T03:19:14,88.47326768692443,138.33991893544777,LOGIN,LOW
2026-11-29T06:27:50,-37.02540125015066,-52.62451210458413,ERROR,LOW
2026-07-30T11:35:37,-73.32433518752669,-45.07831363963214,LOGIN,HIGH
2026-10-18T08:49:23,74.57957221369153,111.03102946744787,UPLOAD,HIGH
2026-08-24T23:06:25,12.276784172136757,28.223421288556438,LOGOUT,HIGH
2026-08-31T21:49:28,51.193851905496444,-45.47619124482921,PURCHASE,HIGH
2026-02-16T22:04:09,13.60562337249516,61.86346331739742,UPLOAD,LOW
2026-11-20T15:03:04,77.16634410433394,-31.75768053820937,ERROR,LOW
2026-07-14T19:52:08,-12.04209146580395,57.695146033792525,LOGIN,HIGH
2026-01-04T00:34:42,6.528229877831507,51.12374150773874,UPLOAD,LOW
2026-08-21T00:35:49,63.12415999711561,74.56871553254888,UPLOAD,CRITICAL
2026-10-31T11:17:59,62.545073393264715,176.12238773428288,LOGIN,HIGH
2026-12-23T16:11:34,74.12010585039144,-143.491252541106,ERROR,LOW
2026-03-01T16:34:17,83.31100736840426,-100.79883311157784,LOGOUT,LOW
2026-10-24T02:08:26,-54.95161197855521,27.53549700293823,LOGOUT,LOW
2026-01-17T08:19:08,11.256767041057628,159.1244902421367,PURCHASE,LOW
2026-09-16T13:00:34,-80.6108174483443,177.12944848584937,LOGOUT,HIGH
2026-12-05T22:55:07,31.7200453068876,156.82816009528813,ERROR,HIGH
2026-05-22T01:24:48,3.9870534838798477,-54.447637656864,LOGOUT,CRITICAL
2026-06-24T08:39:53,-44.120409061296044,-177.5141812867109,ERROR,LOW
2026-01-27T12:32:22,34.291071185954195,142.66667322079115,LOGOUT,HIGH
2026-11-03T09:56:59,85.74080998687566,-132.72904411335793,LOGIN,CRITICAL
2026-03-31T03:35:09,75.03300555585471,178.08383896796914,UPLOAD,HIGH
2026-01-29T12:26:10,-12.721278389989152,-3.4608122515773516,LOGIN,LOW
2026-02-12T18:50:05,-68.78166064779376,-24.61620645743713,LOGIN,CRITICAL
2026-02-01T19:04:20,71.85913161828358,60.20115332865217,LOGOUT,CRITICAL
2026-10-03T21:55:34,26.112562420848278,-97.1919575711446,UPLOAD,CRITICAL
2026-12-26T16:29:05,-50.102639531939694,-158.6565760853926,PURCHASE,HIGH
2026-08-15T16:37:55,67.46699507681424,2.8686406972633733,ERROR,CRITICAL
2026-10-07T20:52:56,74.74956187917624,-158.55565730848338,LOGOUT,LOW
2026-02-14T16:05:01,52.32831173545128,113.75788270376609,PURCHASE,CRITICAL
2026-06-17T04:18:57,9.894871104202934,67.5086327028445,UPLOAD,LOW
2026-11-25T11:35:58,-86.37050331633415,29.76350704879593,ERROR,CRITICAL
2026-02-11T20:11:08,12.729697952462743,-34.35791500163032,UPLOAD,LOW
2026-04-22T22:17:10,-25.324163544539545,-56.23922781065235,LOGIN,LOW
2026-02-24T18:02:42,45.8161882222561,123.3174326879892,ERROR,LOW
2026-07-21T12:11:19,-67.95915340713653,102.96841426693402,LOGIN,CRITICAL
2026-12-12T14:59:54,10.223543780761048,-175.20152739329538,PURCHASE,CRITICAL
2026-11-06T05:33:16,55.309140632097126,122.34053146317905,UPLOAD,CRITICAL
2026-01-30T06:33:43,34.52254675338612,-0.15725816389013403,LOGIN,HIGH
2026-01-15T19:30:01,54.79962199476125,18.651906718916308,LOGOUT,HIGH
2026-06-14T23:54:30,11.506137986652476,-85.0996489750132,UPLOAD,HIGH
2026-01-12T14:06:07,57.64085063866685,-175.84024628531841,PURCHASE,CRITICAL
2026-01-14T11:43:16,-15.485236428788014,-132.58694343841157,ERROR,HIGH
2026-05-13T05:30:22,-18.292542861434,33.883564775442096,LOGOUT,CRITICAL
2026-08-29T02:23:32,24.782065736865732,149.23892185026824,PURCHASE,CRITICAL
2026-09-11T22:25:42,-82.68811384081779,-87.15903065355535,UPLOAD,HIGH
2026-01-31T08:38:05,-35.091161983061355,59.45601122616674,LOGIN,HIGH
2026-08-29T21:35:48,-25.36439208854617,154.76857743696934,ERROR,HIGH
2026-03-11T13:43:14,-33.084709103145016,-111.40754787017518,UPLOAD,HIGH
2026-06-26T08:53:08,-16.877450529524154,-39.407611357159226,LOGIN,CRITICAL
2026-11-10T04:23:55,-27.828631735256337,-163.83735690667157,ERROR,HIGH
2026-07-12T09:10:27,-64.98288963438162,172.94761051837582,ERROR,LOW
2026-07-02T07:14:53,88.06112939736812,62.02658427053635,ERROR,CRITICAL
2026-05-05T08:11:21,14.841055297811238,-174.84329992152567,ERROR,LOW
2026-08-25T09:57:50,55.19485444037815,164.6333573737026,LOGIN,LOW
2026-10-22T14:14:41,-19.758657145125255,-130.6420037393116,UPLOAD,HIGH
2026-06-19T02:05:38,-88.58196066141977,-111.72924763680292,UPLOAD,CRITICAL
2026-02-19T12:09:01,-41.38770308029308,158.84247082477378,UPLOAD,CRITICAL
2026-12-23T07:37:19,23.638786819770473,102.99617888811355,ERROR,HIGH
2026-09-10T14:47:27,-81.72489551835899,-37.49974866920718,ERROR,LOW
2026-11-22T21:47:27,-0.425402713700592,-3.2142846603154,PURCHASE,LOW
2026-03-03T09:56:40,-78.67701186662713,-48.98774790861057,ERROR,LOW
2026-03-22T02:41:06,-74.38734986615384,157.61216233004893,PURCHASE,LOW
2026-04-17T05:21:27,-57.7239423022843,-106.89153490608189,LOGOUT,HIGH
2026-11-18T11:41:24,43.69888238795173,119.21123573321648,LOGIN,CRITICAL
2026-05-05T16:12:28,44.12247218672286,8.092977863303219,UPLOAD,HIGH
2026-08-22T02:18:04,-19.71379117561419,-157.49321279718106,LOGOUT,LOW
2026-05-21T13:45:47,82.04219008133171,-159.63648049375035,LOGOUT,LOW
2026-09-01T02:09:34,-25.203504536489547,83.57434692199428,LOGOUT,HIGH
2026-03-19T08:50:50,48.15757033063613,-112.16958747180455,LOGIN,CRITICAL
2026-04-16T17:02:32,-23.13596527771972,-31.06479491295684,PURCHASE,CRITICAL
2026-11-19T01:49:56,22.261730293843115,-76.26420200618064,LOGOUT,LOW
2026-02-28T00:43:24,-67.16243229353242,78.4182475209148,LOGIN,LOW
2026-08-23T18:38:33,-74.66446877289951,-127.12176761263277,UPLOAD,HIGH
2026-12-22T21:37:38,-43.53424265951619,87.90130348085972,LOGIN,HIGH
2026-12-19T22:22:55,35.70286896319345,107.56194343446003,PURCHASE,LOW
2026-11-10T13:56:16,72.60247958365619,153.44565543835245,ERROR,CRITICAL
2026-03-28T09:20:33,-42.25694682419286,146.49615919686204,LOGOUT,CRITICAL
2026-11-24T07:44:52,24.331524251429215,135.34230843492134,ERROR,CRITICAL
2026-10-23T22:54:20,7.918473982836872,68.10289319301765,PURCHASE,LOW
2026-10-21T17:27:34,-63.25425075441305,154.06929672742342,ERROR,CRITICAL
2026-02-27T04:40:42,-48.944516802643875,-101.87612818814044,UPLOAD,CRITICAL
2026-12-03T02:59:15,32.662032859148326,88.50268770855808,LOGIN,CRITICAL
2026-02-12T08:24:46,27.565846612965046,165.64108383170122,UPLOAD,HIGH
2026-02-28T11:43:45,65.07276621410108,-121.45505107616881,ERROR,HIGH
2026-06-29T21:00:08,3.477291904570478,41.95873909991528,ERROR,LOW
2026-09-21T19:22:24,-30.150707028121204,1.4165241304762333,ERROR,HIGH
2026-10-29T11:39:28,79.94881582833659,-55.142113923556806,LOGOUT,HIGH
2026-03-24T19:13:57,48.10402755743908,-71.8172366856284,UPLOAD,CRITICAL
2026-02-25T19:26:16,-54.82409779118466,92.5903460172608,ERROR,CRITICAL
2026-02-27T21:39:16,-33.37790074984021,-73.64604659954664,LOGOUT,LOW
2026-09-06T07:35:21,-32.05264153728011,-62.30318753397587,LOGIN,HIGH
2026-07-24T10:16:44,32.32139989940646,92.60174056264634,UPLOAD,LOW
2026-05-09T14:15:00,-81.7087555134082,-90.16992263022425,PURCHASE,HIGH
2026-03-31T11:29:44,9.723406974367833,9.816249811706285,UPLOAD,HIGH
2026-03-03T16:28:33,-88.71923716618082,-85.68151623832385,ERROR,HIGH
2026-06-18T23:52:29,-21.65563669268262,-43.609106428229296,LOGIN,CRITICAL
2026-02-19T21:44:41,7.26041464713775,169.15279938468194,PURCHASE,HIGH
2026-10-02T11:34:00,35.33340833338508,0.19942343852366662,LOGIN,CRITICAL
2026-09-16T07:25:41,-66.71125344924035,45.276756958288615,PURCHASE,LOW
2026-01-29T01:28:02,33.122585501974086,115.75831590185555,ERROR,CRITICAL
2026-05-20T18:34:59,18.75190417561528,-143.01973690308353,LOGOUT,HIGH
2026-02-19T20:43:27,-72.84927876144604,55.7423169345258,ERROR,HIGH
2026-10-04T11:07:52,71.72602407114354,-150.40817430248222,PURCHASE,LOW
2026-01-02T11:21:00,24.402662272952142,-136.1587678977766,ERROR,LOW
2026-04-18T17:12:36,75.95558383694333,-52.030080175092976,UPLOAD,CRITICAL
2026-05-29T08:02:36,77.64725979462563,-53.09020031379295,ERROR,HIGH
2026-04-16T07:57:44,77.68322405854988,-103.12792431648143,UPLOAD,CRITICAL
2026-11-27T04:28:27,-3.8115181222316465,111.87866661022213,PURCHASE,LOW
2026-03-30T04:33:14,57.36380907704685,139.3790422349116,UPLOAD,HIGH
2026-03-05T22:26:27,21.99982492465142,123.12010632079154,ERROR,LOW
2026-02-05T19:41:29,-85.47290090470798,-163.5450802097305,LOGOUT,CRITICAL
2026-04-28T11:55:11,-49.26840936386059,-71.44994545048503,UPLOAD,HIGH
2026-05-22T11:29:24,43.000729293071316,15.385614129645603,PURCHASE,CRITICAL
2026-10-06T10:22:33,-15.595967673943946,-155.22505831630363,UPLOAD,CRITICAL
2026-07-16T17:44:43,-73.38234744357679,155.73292979164825,UPLOAD,HIGH
2026-01-21T20:24:08,80.64542016312365,178.55109464331616,LOGOUT,LOW
2026-05-23T06:41:08,13.083761381636677,-124.75930050245833,UPLOAD,HIGH
2026-03-26T09:51:08,-7.857985357352447,171.94702931189693,LOGOUT,CRITICAL
2026-02-19T12:58:43,-1.6120426167248354,-76.15222804238098,LOGIN,LOW
2026-03-25T06:13:30,-68.84551786756471,-119.74351415754842,LOGOUT,CRITICAL
2026-05-05T20:31:55,-42.47304051954593,-165.25539566147015,ERROR,LOW
2026-04-23T13:29:00,-8.915588727495745,66.8744367536707,PURCHASE,CRITICAL
2026-12-08T03:04:53,42.80489204838989,145.12596539504636,LOGOUT,HIGH
2026-08-04T18:20:22,-6.601738067435392,-14.46058951485523,ERROR,HIGH
2026-01-03T11:26:39,-7.3723330852405695,-100.37517499202373,ERROR,HIGH
2026-11-30T20:18:59,89.64308110447746,94.43526690580552,ERROR,LOW
2026-01-02T10:46:59,30.99783892971459,-18.25892227929046,LOGOUT,LOW
2026-11-28T23:22:53,88.64462553659357,126.89996790644403,LOGIN,LOW
2026-11-02T19:30:25,33.739229113633854,13.955785972932517,LOGIN,CRITICAL
2026-11-18T22:46:47,77.02763183604773,129.13825711833977,UPLOAD,HIGH
2026-12-03T00:21:26,82.50963029781946,-120.58810611759063,UPLOAD,HIGH
2026-10-24T03:33:05,-10.73448997691726,-26.40179534171463,LOGOUT,CRITICAL
2026-03-21T23:58:13,-54.4389538981933,-176.0063707361242,PURCHASE,CRITICAL
2026-10-30T15:06:51,-25.17242613514918,31.042623813360933,ERROR,CRITICAL
2026-03-06T12:09:42,29.206342971982266,-166.7937606271489,ERROR,HIGH
2026-09-14T08:53:04,83.99202131835122,-168.3138436117772,PURCHASE,CRITICAL
2026-05-17T19:48:32,87.9366721338805,-145.9797374500829,LOGOUT,HIGH
2026-09-11T18:25:33,74.5462519499086,-105.98976910521642,PURCHASE,CRITICAL
2026-11-12T02:32:22,40.860757752367164,28.180094928900303,UPLOAD,LOW
2026-02-13T16:15:03,83.98560161705205,56.816579933041936,ERROR,HIGH
2026-02-08T02:09:11,-62.27635641368573,-85.90021889452926,LOGIN,LOW
2026-12-06T00:11:13,-20.016246625147275,-95.38597368921552,UPLOAD,CRITICAL
2026-02-04T07:27:55,-4.708851603525943,74.7074282678347,PURCHASE,CRITICAL
2026-10-03T20:40:29,40.65082213904017,-98.81108936561307,ERROR,HIGH
2026-09-01T01:59:18,80.94429042357874,-145.8549103890446,ERROR,CRITICAL
2026-05-12T06:51:34,14.28915651835726,153.25787820007406,UPLOAD,CRITICAL
2026-10-03T15:21:02,-22.990970886581366,155.53829739155793,LOGOUT,LOW
2026-08-30T19:39:25,-45.58609150398287,26.57098376522947,LOGOUT,LOW
2026-03-23T00:02:54,47.35122824885778,-32.359258013727896,ERROR,HIGH
2026-08-12T18:34:42,-0.621947706431925,-4.009987235742273,ERROR,HIGH
2026-07-21T19:38:42,-1.3732380738603496,-4.278235049556201,UPLOAD,LOW
2026-05-21T03:38:44,51.89633965954104,-26.9476817109813,LOGOUT,HIGH
2026-02-04T16:19:31,-2.6052708459574205,179.43111311213306,LOGIN,CRITICAL
2026-05-15T09:22:57,-50.389412497003704,113.04921447124718,UPLOAD,LOW
2026-08-01T17:10:28,27.424301788178198,107.80104687214526,LOGOUT,HIGH
2026-11-02T11:51:23,-1.5500058688688512,-133.1001720643349,LOGOUT,CRITICAL
2026-08-24T17:01:02,-87.66250891742236,112.10803938212291,ERROR,LOW
2026-05-22T02:22:57,65.85957575561338,-168.06316380328187,LOGIN,LOW
2026-03-28T23:18:28,19.762120538407586,-59.64758015527302,UPLOAD,LOW
2026-04-30T13:04:07,-39.04940640168517,89.77815502562726,ERROR,HIGH
2026-07-13T22:39:53,21.32542601325433,92.93064614274255,PURCHASE,CRITICAL
2026-08-23T10:58:28,-87.70207095395355,-179.08711589096163,UPLOAD,HIGH
2026-02-07T18:25:28,54.04103717266352,-41.58957183479174,PURCHASE,HIGH
2026-10-01T10:05:19,19.008017356236792,-67.7281786342827,UPLOAD,CRITICAL
2026-02-04T18:46:58,-28.3271312965202,146.06503079261427,LOGOUT,CRITICAL
2026-09-14T21:26:44,75.98475385320947,-42.68868026503793,UPLOAD,CRITICAL
2026-05-28T22:09:09,-6.8778119986116195,-96.7800815451323,ERROR,LOW
2026-01-15T04:50:55,15.12599946264335,-38.014754932062885,LOGIN,LOW
2026-10-23T19:19:47,-55.13911960681931,-114.76646545793545,PURCHASE,LOW
2026-09-19T23:58:37,-58.778816086916095,-49.01996744267501,ERROR,CRITICAL
2026-08-08T18:36:28,-11.010292347037478,-123.03665338091665,PURCHASE,HIGH
2026-08-29T23:00:43,87.15217861842393,-142.71900684202987,PURCHASE,HIGH
2026-12-22T08:28:07,32.76433974435666,42.50250183320736,LOGOUT,HIGH
2026-07-01T07:52:15,-88.71965809659588,-138.37265338551563,PURCHASE,HIGH
2026-09-21T05:49:25,21.343766877483475,120.07325729297668,ERROR,CRITICAL
2026-07-13T20:17:55,-52.991651650048276,111.01481039702458,ERROR,LOW
2026-11-14T08:26:54,83.95412329973985,-27.35620779639845,PURCHASE,HIGH
2026-07-17T10:30:07,9.328442244341886,12.97466808776673,UPLOAD,HIGH
2026-10-20T22:48:57,-78.68942628586285,154.04302889278205,UPLOAD,HIGH
2026-09-19T13:56:36,18.891042808971505,-107.83203915480516,PURCHASE,CRITICAL
2026-05-27T23:53:47,87.53581564337594,-7.614220452925025,UPLOAD,HIGH
2026-11-19T01:25:28,-51.74313522278758,70.86999155350071,LOGOUT,HIGH
2026-04-17T08:03:46,-41.12245798805763,-1.3736797989776335,LOGOUT,HIGH
2026-03-19T23:15:40,-62.93147185295521,-37.57919712158619,ERROR,CRITICAL
2026-06-14T18:44:07,69.30374640484214,95.47743257002304,PURCHASE,CRITICAL
2026-06-02T21:37:31,55.525547243192534,107.45862256721853,PURCHASE,CRITICAL
2026-06-22T14:34:21,28.04807658087448,-40.59144244638151,UPLOAD,HIGH
2026-11-15T04:06:04,15.006143554615846,-84.57201637267394,ERROR,CRITICAL
2026-01-31T09:52:19,-27.20331472422943,123.10534615970079,LOGOUT,HIGH
2026-11-28T12:46:10,-10.196562533956822,-89.01303059702836,PURCHASE,CRITICAL
2026-01-15T00:16:47,39.04220040838942,-133.30496124068208,LOGIN,HIGH
2026-04-04T17:25:43,-10.316962084711378,-118.92489749054847,LOGIN,CRITICAL
2026-10-09T13:15:25,-40.879140330398904,119.4298645056291,UPLOAD,CRITICAL
2026-06-04T17:01:10,-33.33229707085272,-98.28335977341389,UPLOAD,HIGH
2026-05-10T05:36:19,67.95526746554225,-94.67158348311888,PURCHASE,HIGH
2026-08-04T03:20:02,66.04192830274121,-168.28627081046398,ERROR,CRITICAL
2026-01-03T19:57:38,-22.572450180925642,11.55446885323812,LOGOUT,CRITICAL
2026-07-27T06:14:20,-23.06277583178644,-34.951110415723036,LOGOUT,LOW
2026-10-08T05:56:40,19.28926320192079,-90.83712438829676,UPLOAD,HIGH
2026-04-28T15:38:29,85.683217594474,8.95019900384375,PURCHASE,LOW
2026-07-04T08:41:52,-50.146026592346665,-104.74851504020002,PURCHASE,LOW
2026-05-17T14:31:49,-89.76456813582831,136.768035434757,LOGOUT,LOW
2026-11-11T21:11:01,88.09834157805366,-87.27558149520185,LOGIN,HIGH
2026-02-10T03:22:58,-81.739878770785,85.71403351887932,LOGOUT,HIGH
2026-05-21T04:25:47,2.9745513311250136,132.96574705739835,ERROR,CRITICAL
2026-08-14T19:16:55,-12.261373571488406,-107.24724530646985,PURCHASE,HIGH
2026-07-01T11:21:24,-39.396121527333676,-26.265171647578228,ERROR,HIGH
2026-10-17T13:11:16,-83.27831011582013,-101.37221257183525,LOGOUT,HIGH
2026-03-18T08:07:40,58.002494730668275,25.335480145806144,ERROR,HIGH
2026-02-13T06:52:35,-29.578619695943964,-127.21082268862838,LOGIN,CRITICAL
2026-10-22T08:11:41,13.60189133183573,114.53823427601105,LOGIN,LOW
2026-12-07T15:24:17,-74.01817155028363,-115.54586391014823,ERROR,HIGH
2026-01-18T10:41:26,-3.0710290018102313,11.99517160402982,UPLOAD,HIGH
2026-02-14T15:44:05,-19.48677112292242,171.63115789286337,PURCHASE,CRITICAL
2026-12-09T04:56:02,-6.932904827298358,23.681329698749806,ERROR,LOW
2026-07-21T07:33:18,-54.66378719171813,-95.0187567569677,LOGIN,HIGH
2026-02-03T20:43:00,-42.55456533066924,-102.61336713879759,PURCHASE,HIGH
2026-12-01T20:23:21,27.9541357369487,-82.94701148500131,ERROR,CRITICAL
2026-08-18T03:35:27,-52.13277314676091,-57.09834778119864,PURCHASE,CRITICAL
2026-10-22T03:29:26,48.3361217039739,67.0528682025705,ERROR,LOW
2026-03-14T03:07:27,46.89474123806946,-169.56240429407583,ERROR,CRITICAL
2026-07-02T16:10:38,-29.85837431335176,92.238232265117,LOGIN,HIGH
2026-02-03T02:05:18,24.571606608517016,149.1489065576746,UPLOAD,CRITICAL
2026-02-16T12:09:07,79.45914006818609,35.89711953431387,LOGOUT,CRITICAL
2026-06-05T00:07:53,76.03929398263625,130.57033239775672,UPLOAD,LOW
2026-02-19T11:13:49,-56.23141565503802,-13.780540143852704,PURCHASE,CRITICAL
2026-09-08T08:10:49,15.884945048131868,167.54132231425126,LOGIN,CRITICAL
2026-10-13T23:55:32,83.88574791906962,147.32160932432993,LOGOUT,HIGH
2026-06-09T16:54:12,78.33133600725799,-19.47806504939973,PURCHASE,CRITICAL
2026-07-16T03:10:03,50.130261154905156,-175.78519958153092,UPLOAD,LOW
2026-10-22T13:40:56,-81.92338099305087,108.95204031006085,ERROR,CRITICAL
2026-05-22T02:48:32,-68.56100023120207,-169.2135103440199,ERROR,HIGH
2026-01-16T20:33:20,-0.7275652405152471,167.6224541949088,UPLOAD,LOW
2026-10-23T16:18:48,6.811549831416173,52.37544528022897,ERROR,CRITICAL
2026-10-11T19:05:37,-41.59716924866843,168.83468322947596,LOGIN,LOW
2026-04-09T18:17:46,3.158031340364431,96.75721501154385,ERROR,LOW
2026-06-18T02:32:34,77.34538462677926,-61.71723069566269,PURCHASE,CRITICAL
2026-09-21T11:05:04,-88.69700315418987,-75.22055926955696,PURCHASE,CRITICAL
2026-02-20T05:07:40,-3.7424055245034538,5.0661860465411905,UPLOAD,LOW
2026-03-15T10:55:59,-68.81686422201366,-17.39295453228675,UPLOAD,LOW
2026-11-04T12:40:35,29.37964857710533,-39.61428039303496,PURCHASE,LOW
2026-10-15T03:18:28,80.68016465669331,-25.91184901236565,UPLOAD,HIGH
2026-10-17T18:16:25,22.351488101956534,118.30665332162971,PURCHASE,HIGH
2026-12-12T03:49:12,-82.5037159089099,22.30856446352638,UPLOAD,HIGH
2026-10-16T07:59:21,15.772258332447507,-171.3762066366891,LOGOUT,CRITICAL
2026-01-14T01:52:02,-6.989825123995587,139.4873125391254,ERROR,LOW
2026-11-25T01:33:46,38.384269539064036,-56.77993434946667,ERROR,CRITICAL
2026-08-31T17:22:15,50.62282345991812,-135.2887485358255,PURCHASE,LOW
2026-03-22T06:47:40,60.01290577780128,53.63049845095793,LOGOUT,CRITICAL
2026-08-21T06:51:03,28.51136365563508,-35.20603882376059,LOGOUT,LOW
2026-01-09T06:49:02,82.69105365925651,116.10753328317281,LOGOUT,LOW
2026-05-20T02:49:09,62.94351021631678,-36.16178775619923,PURCHASE,LOW
2026-04-06T01:56:09,-84.71671015597852,35.007163817883566,UPLOAD,LOW
2026-11-08T22:47:39,-26.420474577455757,109.8339266042862,LOGIN,LOW
2026-09-23T02:27:16,-6.675983089756485,152.78091653292523,LOGIN,LOW
2026-02-26T16:32:03,65.9487256068222,46.063972259557715,PURCHASE,LOW
2026-02-06T06:43:07,10.516714869071492,151.69875560320065,LOGIN,LOW
2026-04-24T11:33:33,-66.95588815148156,-151.78101093211438,UPLOAD,LOW
2026-09-29T18:27:11,-82.98323291203803,178.81572611207082,ERROR,CRITICAL
2026-02-19T01:20:33,55.39459111945192,-160.03205814701082,UPLOAD,LOW
2026-10-31T14:33:05,34.76128537845521,23.9815643839909,LOGIN,HIGH
2026-04-26T11:14:21,5.52360081538032,75.17396212654921,LOGOUT,CRITICAL
2026-05-20T09:20:08,-10.17629730576509,116.83965723774469,UPLOAD,HIGH
2026-12-10T16:34:39,-53.17676435675993,112.0854794171205,LOGOUT,HIGH
2026-11-19T17:44:22,39.00421454989521,49.71051070665777,PURCHASE,LOW
2026-07-24T09:09:40,59.37609865438964,-45.090814613642806,LOGIN,CRITICAL
2026-03-02T21:36:46,-2.51648719488729,129.44263103795691,LOGOUT,CRITICAL
2026-12-05T00:09:17,-65.14502124051496,155.44715329122255,LOGOUT,CRITICAL
2026-05-18T21:10:24,66.25321263226908,-144.55202354789094,PURCHASE,LOW
2026-12-05T04:39:21,-24.779430585180634,52.747661233944086,ERROR,CRITICAL
2026-11-01T06:12:47,4.670737974710818,80.57428321641447,PURCHASE,HIGH
2026-08-18T19:29:49,-82.6166373203538,-160.69046097047863,UPLOAD,LOW
2026-08-12T09:08:10,-13.820055492017076,81.61911298976167,UPLOAD,HIGH
2026-11-25T03:39:15,-35.400349444714784,87.02685311921584,ERROR,HIGH
2026-02-10T02:57:25,31.53728324068561,-58.10969885169371,PURCHASE,CRITICAL
2026-08-04T07:26:35,-39.289514531667166,86.20236517076432,PURCHASE,CRITICAL
2026-01-12T19:48:17,1.8757835252549313,-130.95709386775982,PURCHASE,HIGH
2026-06-08T03:34:58,38.132169338215505,-165.21441604615933,PURCHASE,LOW
2026-06-22T06:50:07,77.89977306962959,-31.329610538203326,PURCHASE,HIGH
2026-11-01T10:03:05,-26.58658066212991,71.19688010195199,LOGOUT,HIGH
2026-12-01T08:34:03,-30.124572727869236,3.8806711734017654,LOGIN,CRITICAL
2026-10-21T20:19:26,38.12500628932398,59.056980423000624,ERROR,HIGH
2026-10-29T08:30:37,-30.647630587186562,-19.069873717799084,ERROR,CRITICAL
2026-07-12T21:08:24,78.07891330695779,-82.25661714406763,UPLOAD,LOW
2026-05-24T16:03:56,-38.90306816779737,74.89417733468045,LOGOUT,LOW
2026-07-19T17:45:27,-9.472072074493354,126.54931771639656,UPLOAD,LOW
2026-07-07T09:28:56,17.304320369576587,41.65018390024818,LOGIN,HIGH
2026-01-25T03:02:22,37.92507194954227,134.6997007663266,PURCHASE,CRITICAL
2026-04-21T09:00:54,8.535451365880675,-68.20574935593737,ERROR,HIGH
2026-12-15T02:56:36,-42.272708520560435,79.06601208718621,LOGIN,HIGH
2026-06-15T14:04:15,-66.13707009296094,63.98798676513394,PURCHASE,HIGH
2026-09-13T22:14:29,62.18177562910475,-137.73137081076442,PURCHASE,HIGH
2026-08-16T15:03:56,-50.2205639941164,144.58963759805255,LOGOUT,HIGH
2026-06-17T08:31:09,-9.584731404249908,44.663497390788194,LOGIN,HIGH
2026-04-27T22:41:46,-67.69351630804746,-124.24873018223074,LOGOUT,HIGH
2026-02-27T07:02:07,32.31719677807081,-36.971712933772295,LOGOUT,LOW
2026-04-20T22:00:03,57.066452847475546,161.43682063179654,LOGOUT,HIGH
2026-02-10T02:04:13,-0.6414490703317028,154.3999876775519,LOGIN,LOW
2026-05-12T15:34:03,-39.074817949020805,-48.766670814898674,UPLOAD,LOW
2026-11-03T22:11:00,-37.83779067118022,-51.96729373860859,PURCHASE,HIGH
2026-12-25T16:52:30,-11.674530921462036,-112.55854737044172,LOGIN,HIGH
2026-08-05T19:12:26,82.13605951201137,58.88228295213179,LOGOUT,HIGH
2026-11-05T11:42:38,84.61592798682037,56.88976983812128,ERROR,HIGH
2026-07-17T15:59:15,-80.28566717439645,115.33398659255289,UPLOAD,HIGH
2026-10-22T14:55:17,-88.59987039659921,175.86445159667608,UPLOAD,LOW
2026-01-12T15:20:02,0.4935726160371985,93.2876418405337,LOGIN,HIGH
2026-03-20T00:44:18,-75.69761331933078,-148.03400595932868,PURCHASE,CRITICAL
2026-07-03T03:09:24,10.647975934973346,95.7451365673781,LOGIN,CRITICAL
2026-10-06T22:05:01,14.235324727166386,29.905542160160024,LOGOUT,HIGH
2026-08-04T22:11:01,-20.93120292060044,-163.3586934191205,UPLOAD,CRITICAL
2026-04-05T04:54:53,66.66128272073033,60.56267741910639,ERROR,LOW
2026-07-23T07:29:13,13.635670632269793,166.86637817328506,UPLOAD,CRITICAL
2026-08-01T04:05:12,-26.95308837055147,64.51803541779339,LOGIN,LOW
2026-05-24T03:10:14,-23.07500152133443,94.4898182054792,LOGOUT,CRITICAL
2026-01-31T09:36:43,-73.28976661380503,-47.00734151274827,LOGOUT,LOW
2026-01-17T23:24:40,-60.88258748455717,-77.38723116028658,LOGIN,CRITICAL
2026-10-03T00:33:09,-55.82530749235277,64.03170722785873,LOGOUT,CRITICAL
2026-03-26T07:49:51,79.27758189081777,-23.965528849678066,ERROR,CRITICAL
2026-01-17T12:44:01,-56.71062526303181,-179.12197977566575,LOGOUT,CRITICAL
2026-08-06T16:23:25,24.53067154108227,6.75358817757288,LOGIN,CRITICAL
2026-07-26T17:21:22,20.688885584666636,10.156802139993829,PURCHASE,HIGH
2026-07-21T20:15:49,-72.11885679152385,92.13156333861559,ERROR,HIGH
2026-06-06T23:14:13,-45.27614582634259,137.50926359198155,LOGOUT,CRITICAL
2026-01-04T01:39:11,7.861969335864558,-72.36804705484734,LOGIN,LOW
2026-04-25T03:46:37,-56.457375334840904,95.73293854082175,ERROR,HIGH
2026-07-06T16:46:18,-39.943066188679104,82.05506037042994,ERROR,HIGH
2026-04-17T17:27:04,62.68095959274092,-87.24341476920243,UPLOAD,LOW
2026-10-25T16:15:34,33.160321397312615,-120.07664029162255,ERROR,CRITICAL
2026-11-15T14:58:14,-11.863089403780464,-93.73756319848012,UPLOAD,CRITICAL
2026-05-08T02:18:02,3.290970003056401,65.91577119753032,UPLOAD,HIGH
2026-06-22T06:54:05,58.46198673436609,-71.15302310775658,UPLOAD,CRITICAL
2026-03-07T13:00:04,-34.001984969745095,9.530828598969435,LOGIN,HIGH
2026-12-29T01:19:49,80.97706665325086,-41.75200362830549,UPLOAD,LOW
2026-11-05T00:52:33,12.426597408866968,73.12974036176053,LOGOUT,LOW
2026-11-11T17:13:47,-31.133437607805334,110.9110417766754,ERROR,HIGH
2026-09-11T19:56:31,-64.04890868606302,41.41800985107977,LOGIN,LOW
2026-09-01T08:23:03,-21.8061584040301,105.81336714328052,LOGIN,CRITICAL
2026-12-31T13:42:58,11.762324459379116,-44.98870718049389,UPLOAD,HIGH
2026-06-01T15:28:15,-14.706095157705647,178.55988659572284,UPLOAD,LOW
2026-12-15T12:08:09,-68.08766440278386,175.08711452483243,LOGOUT,LOW
2026-08-12T21:43:41,50.670413541203175,-127.47813308628233,LOGOUT,HIGH
2026-05-30T00:25:26,10.833288642139436,-130.54647574673618,LOGIN,LOW
2026-07-01T15:22:36,-52.598025936836876,-5.0506620517304555,UPLOAD,HIGH
2026-01-21T16:10:28,86.62472344655617,63.17636949142425,LOGIN,LOW
2026-07-19T21:10:33,-15.538728173455866,151.17030671453915,UPLOAD,HIGH
2026-07-12T12:56:00,0.2597508134644926,-161.47520561391687,PURCHASE,HIGH
2026-05-08T07:51:28,15.141897866931473,67.13498836777998,PURCHASE,CRITICAL
2026-10-29T04:43:17,-9.115982657174598,-36.21798727943445,PURCHASE,HIGH
2026-07-15T02:51:13,-20.632855884045043,63.72049391840716,LOGIN,HIGH
2026-05-12T00:05:20,-77.92130624539168,84.51384222086733,ERROR,CRITICAL
2026-10-18T17:33:33,-3.7840475343276836,-27.234331563042304,PURCHASE,CRITICAL
2026-04-13T12:21:24,-51.329604281032566,-30.876807201088695,LOGOUT,LOW
2026-07-01T07:45:00,-83.4442260401241,-32.00873375942169,PURCHASE,HIGH
2026-05-18T22:04:01,-55.2810776315193,-89.52825898029656,PURCHASE,LOW
2026-01-17T10:22:00,-78.9386849661836,-125.66680556833117,UPLOAD,HIGH
2026-06-22T01:46:30,-44.989199473974445,77.52919015221829,PURCHASE,LOW
2026-01-20T16:38:37,-45.07914618668346,-150.18405059452368,UPLOAD,LOW
2026-08-11T00:09:22,84.78204201893979,-54.863473166218796,LOGIN,HIGH
2026-06-08T18:44:19,-22.66808649209952,-143.53858109745624,LOGOUT,HIGH
2026-12-08T10:01:48,63.399163324530605,-64.978377387834,UPLOAD,LOW
2026-09-01T01:53:05,-42.6399672180387,-112.48669379592842,LOGOUT,LOW
2026-10-03T13:41:40,11.277832613339768,132.49137263362275,ERROR,HIGH
2026-06-09T12:31:44,37.83915235935588,-106.26770446434591,ERROR,CRITICAL
2026-08-18T12:55:40,34.53105352073614,-162.85662948645984,PURCHASE,LOW
2026-03-22T11:18:41,-53.198057125254635,-145.5161207872407,ERROR,LOW
2026-12-24T07:53:10,86.70663590667601,108.14415024181034,UPLOAD,LOW
2026-10-14T02:20:30,58.22530409985632,-164.44160510795032,PURCHASE,LOW
2026-02-19T06:53:01,18.564995636596365,10.348145486545945,PURCHASE,HIGH
2026-12-16T14:17:24,60.94669504297147,100.26253089342345,PURCHASE,CRITICAL
2026-11-20T01:42:55,47.99200470117668,-49.73418040179874,UPLOAD,LOW
2026-05-10T14:47:50,62.50404524718965,-9.690646776404975,LOGOUT,HIGH
2026-08-28T09:27:47,21.678592840273723,-145.55429410418714,LOGIN,HIGH
2026-03-25T17:14:48,-33.02459670125051,172.84031645482827,LOGOUT,LOW
2026-05-02T05:05:15,79.59173601956974,-177.75392989885793,ERROR,HIGH
2026-10-12T02:45:25,71.43297905893749,79.03603443399771,LOGIN,LOW
2026-01-16T14:12:39,-12.940792040333704,-176.0977732068161,LOGOUT,LOW
2026-02-12T05:28:59,-17.73837686362313,31.56263294874711,PURCHASE,HIGH
2026-11-09T01:52:25,78.45524427451141,116.31819013926793,LOGIN,HIGH
2026-06-23T14:26:51,-46.94278170200592,120.37421238272731,LOGIN,HIGH
2026-04-06T11:17:36,-75.11677138711482,-134.5467752244391,PURCHASE,LOW
2026-11-07T15:08:29,-74.34205209962471,-31.04360436652135,ERROR,HIGH
2026-06-04T14:57:57,64.0608756824019,-116.80782824904506,LOGOUT,HIGH
2026-02-03T13:45:10,72.77907203501454,168.48784720964,PURCHASE,CRITICAL
2026-01-09T14:38:43,-14.666410406602296,-127.60351829084146,ERROR,HIGH
2026-05-09T20:11:53,-29.093021102529733,-28.444897797070325,LOGOUT,LOW
2026-09-19T22:20:59,-46.448228709900015,46.46040350938563,ERROR,CRITICAL
2026-01-23T07:24:29,-64.08478824909754,80.64836377703222,LOGIN,LOW
2026-01-03T23:48:10,70.06668219588389,-51.751195451383666,ERROR,CRITICAL
2026-07-09T07:09:37,-82.49952780658104,28.45702797909479,PURCHASE,HIGH
2026-01-30T12:30:51,49.06825134739009,169.72965049757852,LOGIN,CRITICAL
2026-07-22T22:31:09,-73.56427764229045,-42.09425446904902,UPLOAD,LOW
2026-11-11T15:32:43,-57.55891401372123,-93.26593450165427,LOGOUT,CRITICAL
2026-11-09T00:48:59,-48.66547765699535,70.65422394019075,LOGOUT,LOW
2026-09-02T12:42:21,65.70701484906357,-81.84839523806383,PURCHASE,CRITICAL
2026-08-15T07:43:55,36.155320983684916,168.59437040600352,ERROR,HIGH
2026-07-03T17:25:42,57.185905948964546,142.69841312803328,UPLOAD,HIGH
2026-03-15T03:30:25,-63.84955931511887,-141.02172095883682,UPLOAD,LOW
2026-01-13T10:53:17,-63.37698169906636,-116.41047460928459,PURCHASE,HIGH
2026-10-19T05:21:09,5.097708263559895,-59.64191447117322,PURCHASE,CRITICAL
2026-02-12T20:42:42,13.236669334910573,-128.63358185091698,LOGIN,HIGH
2026-01-27T17:29:09,64.11491915186272,54.88041018046985,LOGIN,HIGH
2026-10-03T18:33:49,-35.139324531054875,1.592730669675575,PURCHASE,LOW
2026-01-20T09:08:06,19.22250985983284,-111.46991295817534,ERROR,HIGH
2026-10-08T22:37:23,-45.39365946971865,172.9876365512098,LOGOUT,LOW
2026-01-03T12:42:26,-33.17234272689441,75.12058167165947,PURCHASE,CRITICAL
2026-04-28T12:56:58,-55.16859841508267,72.20060313778896,LOGIN,LOW
2026-08-13T07:59:05,57.53371534680326,143.8949675966129,LOGIN,HIGH
2026-10-27T10:52:58,88.35369398771559,-96.01659057809867,ERROR,LOW
2026-09-06T11:15:06,26.41674419052923,-145.47883597713485,ERROR,LOW
2026-11-18T17:45:15,83.99824451211364,-82.96038032545889,LOGIN,LOW
2026-11-15T00:50:30,-56.891490061718045,73.3549235167024,UPLOAD,LOW
2026-08-03T07:08:33,71.73407973641952,120.48272289184877,LOGOUT,LOW
2026-12-24T10:59:22,74.00908911947542,115.1123416687779,ERROR,LOW
2026-06-24T09:44:11,25.549884671734063,124.86594791760791,PURCHASE,HIGH
2026-07-25T12:22:19,-70.48066987304091,-43.707176313945325,ERROR,HIGH
2026-01-15T07:05:43,-26.17092543262867,-146.0182504528087,LOGOUT,CRITICAL
2026-10-28T16:21:10,11.304797850671108,-169.01042167208706,LOGIN,LOW
2026-09-24T06:32:47,-27.51096896976535,-49.28987978925716,UPLOAD,LOW
2026-10-28T18:24:55,-21.883685222390227,96.868106107046,LOGOUT,LOW
2026-10-06T15:20:47,27.082806328345015,-4.274605423294872,LOGOUT,HIGH
2026-04-22T15:54:11,25.844967439190867,-169.94524995321348,UPLOAD,CRITICAL
2026-11-14T03:27:47,-43.613999708869414,-72.00810122834346,ERROR,HIGH
2026-10-01T11:41:17,39.127584727540636,46.61296059612556,PURCHASE,LOW
2026-10-15T09:46:24,-29.871188381551967,-107.05253291649777,PURCHASE,HIGH
2026-01-09T07:58:05,29.51043001967173,126.89708395733618,ERROR,HIGH
2026-01-03T14:30:32,13.778875522112486,-38.89526497741363,LOGIN,HIGH
2026-07-28T22:22:49,68.53251991157123,-64.67834984409583,LOGOUT,CRITICAL
2026-10-08T02:25:38,-57.18819587655353,-140.1625990186035,LOGOUT,HIGH
2026-01-11T02:59:02,46.81564780444407,172.14953613009988,ERROR,CRITICAL
2026-11-15T02:24:04,82.70222568268983,-136.33882044255228,ERROR,CRITICAL
2026-12-01T06:41:14,65.72025510366353,86.22138203914795,LOGIN,CRITICAL
2026-12-11T03:31:38,79.07236234717473,-100.6992286670066,LOGIN,CRITICAL
2026-09-10T04:24:33,-77.75942052809815,-79.7982693914019,UPLOAD,LOW
2026-11-13T08:27:06,10.034487337647107,55.324982466155404,LOGIN,LOW
2026-12-05T18:57:34,-54.66515646100446,-131.0637603711047,ERROR,CRITICAL
2026-03-07T06:41:52,4.92869991319013,-55.89872468662253,UPLOAD,HIGH
2026-06-30T13:32:48,58.1905118254613,126.40937938150029,LOGIN,LOW
2026-04-18T18:46:08,30.784424438778473,-12.907481429819796,ERROR,CRITICAL
2026-02-20T06:29:18,68.56943288887027,-143.79958452384741,UPLOAD,HIGH
2026-06-15T18:05:13,26.54631836777051,98.24699003018225,UPLOAD,HIGH
2026-04-29T19:16:32,-11.877458504804594,167.0905722432476,ERROR,LOW
2026-09-04T21:31:31,-32.77172332170671,34.065404611275426,ERROR,CRITICAL
2026-11-06T23:21:41,11.327534194681078,-139.65531441140095,UPLOAD,LOW
2026-02-27T23:32:35,-83.35460943178678,131.51545057999817,LOGIN,LOW
2026-05-24T01:41:22,-17.771722501304282,127.97381113383301,UPLOAD,CRITICAL
2026-09-15T10:38:06,-7.278539214473184,-78.3687273933104,UPLOAD,CRITICAL
2026-08-25T19:51:16,-58.55255258599634,-163.8418390040484,ERROR,HIGH
2026-02-11T02:30:22,-13.605167984548174,88.92271828387805,UPLOAD,HIGH
2026-09-06T03:33:32,-4.880938872362606,-49.28179387090833,LOGIN,CRITICAL
2026-02-20T18:22:38,41.548116507686785,-3.576823013292284,ERROR,HIGH
2026-07-17T21:44:30,-9.130570814780782,172.93590442519684,ERROR,HIGH
2026-08-24T19:38:00,-47.023547833510776,130.7939046216432,UPLOAD,CRITICAL
2026-09-16T21:47:38,32.05693863423319,-60.08674267189261,UPLOAD,HIGH
2026-03-25T22:45:31,6.668456065173302,-45.77626512060843,UPLOAD,CRITICAL
2026-08-18T05:34:20,-5.458360051284274,-135.2895332583804,PURCHASE,LOW
2026-10-28T05:04:49,-83.50262514037185,-151.10865369298864,LOGOUT,LOW
2026-09-28T16:46:28,-21.606093640844676,-88.49782769916304,UPLOAD,LOW
2026-02-27T18:01:13,-21.32574524153719,-3.27510028856301,UPLOAD,LOW
2026-08-09T19:42:39,-14.35883452602036,30.69652652047995,LOGOUT,LOW
2026-05-24T12:33:26,-46.98441131350482,-166.47418263078106,LOGIN,LOW
2026-10-24T23:06:19,9.920349166618522,20.45209644757091,LOGIN,HIGH
2026-09-07T02:13:34,-19.203324351709412,-132.26231347310656,ERROR,HIGH
2026-04-01T03:43:39,-47.62408778595683,123.51695715884722,LOGOUT,HIGH
2026-09-25T19:02:02,-59.10038344869472,-131.1294769096356,PURCHASE,CRITICAL
2026-07-10T16:04:33,-44.355398815797216,1.5050924167069013,LOGIN,LOW
2026-08-05T21:52:54,-61.62415256662986,32.72050341678934,UPLOAD,LOW
2026-04-23T18:33:50,44.28154666952915,-136.00061831816475,LOGOUT,CRITICAL
2026-03-06T03:47:50,54.11584021863524,-130.51983767417605,LOGOUT,LOW
2026-06-21T01:43:19,26.062041244031548,3.845956290815195,PURCHASE,LOW
2026-11-05T01:18:25,-46.02688564227191,54.36814948681794,ERROR,HIGH
2026-11-21T20:43:27,46.44637000523986,53.414127379455664,PURCHASE,HIGH
2026-07-07T07:52:45,34.690178176984276,-1.8184848061398213,ERROR,CRITICAL
2026-01-31T15:11:33,-7.437574758246498,-106.61759893075322,LOGOUT,CRITICAL
2026-04-28T00:01:20,-51.897076112585516,50.66605474751691,LOGOUT,HIGH
2026-04-07T04:07:34,0.5227745063501601,70.44028064263546,LOGIN,CRITICAL
2026-05-09T07:47:18,-0.9083336345157704,-168.6032647748474,UPLOAD,LOW
2026-12-16T11:58:12,84.36419667822798,-123.14839379445482,UPLOAD,HIGH
2026-07-20T05:27:12,-83.76490107213618,103.39836141254204,ERROR,CRITICAL
2026-09-30T13:31:29,63.835763686662716,-17.745364370087202,PURCHASE,HIGH
2026-03-14T09:52:14,68.77087973152129,-87.63045824357502,LOGOUT,CRITICAL
2026-02-08T23:58:54,-16.751403089975142,-44.075727162000675,ERROR,LOW
2026-11-10T05:55:55,3.753756259972448,-66.44759150725076,LOGIN,HIGH
2026-08-11T09:17:56,46.62306673086954,-97.98147142943846,UPLOAD,CRITICAL
2026-12-22T16:31:24,-40.93450838413803,108.67157338720443,LOGIN,CRITICAL
2026-01-27T04:45:44,-87.18453307471013,-127.47351267249374,ERROR,CRITICAL
2026-08-19T07:12:12,-4.690210916998552,44.004163365531696,PURCHASE,HIGH
2026-11-23T19:17:17,15.216534041208504,-138.69644633310955,LOGIN,LOW
2026-11-27T10:02:13,4.422868519614127,-154.43870230186894,UPLOAD,CRITICAL
2026-08-27T19:46:27,-15.181392058482672,141.71415103751036,UPLOAD,CRITICAL
2026-02-14T03:03:19,-51.45697971664864,-123.97552077056547,UPLOAD,LOW
2026-05-24T13:57:20,-9.30632922944794,163.16765334863533,LOGOUT,CRITICAL
2026-04-30T02:31:22,53.38342734056329,139.58602121694338,LOGIN,LOW
2026-02-04T14:57:42,-31.508861862159364,-0.18557925872403302,LOGOUT,HIGH
2026-06-27T21:23:14,-23.5023678003856,-160.84417379282976,LOGIN,HIGH
2026-04-22T04:26:17,61.48128649550529,136.36421894551665,LOGOUT,HIGH
2026-03-14T18:28:29,-35.66017158485535,158.6906898048244,PURCHASE,HIGH
2026-06-11T15:30:21,88.0456904268261,-178.83126252642467,LOGOUT,LOW
2026-11-19T13:05:26,-48.507323104866835,75.2575606870484,ERROR,CRITICAL
2026-10-03T10:10:41,35.23797981836714,-128.12903166636764,LOGOUT,CRITICAL
2026-04-21T11:38:46,-89.28611600224335,121.15206561710482,LOGIN,HIGH
2026-04-06T14:00:19,29.953436800231714,-97.53340170211987,ERROR,HIGH
2026-12-21T14:25:33,-78.82939349637354,162.60513908056743,UPLOAD,HIGH
2026-11-20T13:59:19,76.71286528299635,-9.977606485300072,LOGIN,CRITICAL
2026-09-15T02:12:16,-80.88545489995403,-161.73944647164453,LOGOUT,CRITICAL
2026-07-24T01:55:00,63.58194170408589,-152.28297189973532,ERROR,CRITICAL
2026-10-28T12:15:03,-25.655331764340133,-39.174152997442405,PURCHASE,LOW
2026-01-29T22:56:12,-43.24345667784488,94.51617677308724,LOGIN,CRITICAL
2026-03-10T20:45:11,-89.91808813606593,-118.63548562254883,PURCHASE,CRITICAL
2026-02-11T10:27:38,-2.2311897513888823,-36.230391381271176,ERROR,CRITICAL
2026-01-17T03:47:17,72.98029027377885,-58.52341505136998,PURCHASE,CRITICAL
2026-11-19T08:10:15,-74.5390759767541,83.49558937204591,PURCHASE,HIGH
2026-02-17T07:41:27,-55.48590273186754,62.680097750881174,ERROR,HIGH
2026-05-20T16:14:28,41.54746431597624,-175.56010685434765,UPLOAD,HIGH
2026-08-20T23:04:27,54.022362275303834,-155.75866611044034,ERROR,CRITICAL
2026-10-22T18:33:33,68.26832724741848,18.693090095864363,ERROR,CRITICAL
2026-08-26T22:04:18,-72.19729676800303,-45.644280748592564,ERROR,CRITICAL
2026-03-08T04:34:23,11.847531875357092,73.40034841380717,LOGOUT,CRITICAL
2026-11-08T20:26:43,-35.27680645378852,-115.81867261777651,LOGIN,CRITICAL
2026-12-02T01:45:27,-69.09421968637032,66.80653659218439,PURCHASE,LOW
2026-08-10T12:46:58,14.921429037212732,38.73753888398778,UPLOAD,LOW
2026-04-23T16:47:47,-70.17146504548292,-177.5376550079236,LOGIN,LOW
2026-11-13T17:38:21,2.381293274953606,-49.74587194910447,ERROR,CRITICAL
2026-08-14T16:03:59,-55.87903496259602,-136.4410374878085,LOGOUT,HIGH
2026-05-05T20:06:26,-62.30947761960415,146.0753053684105,LOGOUT,CRITICAL
2026-01-12T20:32:53,-70.54692580520789,-71.29052221469114,LOGIN,LOW
2026-01-21T01:19:48,21.4703682243141,2.191956585472525,PURCHASE,CRITICAL
2026-04-30T07:31:55,-11.548836147124177,172.68935904764174,UPLOAD,CRITICAL
2026-06-01T20:25:08,-17.41579722227395,44.7268741356298,UPLOAD,LOW
2026-09-26T08:52:56,7.643261897844042,-13.193597889077694,UPLOAD,LOW
2026-04-07T00:56:14,29.173376779297868,-15.457632546950208,PURCHASE,CRITICAL
2026-02-09T12:40:09,74.36535861299649,-67.61836868246601,PURCHASE,CRITICAL
2026-09-06T06:22:32,13.808541910914599,178.61186003080815,PURCHASE,LOW
2026-11-06T02:17:43,-63.083987314416845,-139.07553731271088,LOGIN,LOW
2026-02-08T04:54:41,-55.6761426397075,6.257656166496446,LOGOUT,LOW
2026-02-09T17:53:14,-25.325293597015843,118.3756816090347,UPLOAD,LOW
2026-12-11T13:24:33,83.63598467743441,-75.66489856026269,UPLOAD,HIGH
2026-12-29T18:18:50,38.747781478705036,-175.54685248571798,LOGOUT,LOW
2026-12-09T07:19:02,40.7749788300178,84.51939651078669,PURCHASE,HIGH
2026-03-09T15:14:44,79.6805178430067,-8.419108539021806,LOGIN,CRITICAL
2026-04-05T06:05:31,89.83296916234875,-123.0845787852261,LOGOUT,HIGH
2026-04-06T21:14:49,78.71287398268225,168.30904150550276,PURCHASE,LOW
2026-04-04T21:11:41,6.641341867328691,-21.23589152140204,LOGIN,HIGH
2026-07-04T02:48:36,-20.72427164513762,-68.06276024734336,LOGOUT,CRITICAL
2026-12-23T19:02:44,41.713388976622696,54.65260771980812,UPLOAD,CRITICAL
2026-07-11T15:41:27,25.162509136604186,147.57434043226823,ERROR,CRITICAL
2026-06-03T10:57:46,73.791905079468,-71.14178524426197,UPLOAD,CRITICAL
2026-12-07T09:41:30,71.22423228419584,-0.28557348813009753,LOGOUT,LOW
2026-01-16T10:11:28,-9.212162665635603,-58.30512952616715,PURCHASE,CRITICAL
2026-01-21T02:25:45,-86.3164522990707,119.72161768912264,LOGIN,HIGH
2026-11-28T20:16:14,-76.85233709692503,67.65212328998095,UPLOAD,CRITICAL
2026-12-02T03:13:07,-1.2516287418064849,150.20130732708213,PURCHASE,HIGH
2026-11-09T08:52:12,85.43266225429213,-55.92048719865569,LOGOUT,HIGH
2026-05-15T12:15:52,-37.918857042750034,-156.69666918164134,UPLOAD,CRITICAL
2026-09-18T13:21:07,-52.67381662998344,-115.9625400994525,ERROR,CRITICAL
2026-10-20T14:34:06,37.72394439872875,-95.78392200816545,UPLOAD,HIGH
2026-09-29T14:05:52,-56.64955899480374,19.99839392843208,LOGIN,CRITICAL
2026-03-07T17:36:45,53.10640265809758,4.064140972204086,LOGOUT,HIGH
2026-09-09T16:46:08,-55.493295232621264,61.42238159150625,LOGOUT,HIGH
2026-08-02T07:40:00,27.16379207943588,5.750224349521261,ERROR,CRITICAL
2026-12-23T18:06:15,-82.84831308308618,-114.9675769041713,LOGOUT,HIGH
2026-12-17T23:54:22,74.53546436272177,98.37826784072774,LOGOUT,LOW
2026-07-22T08:40:19,20.555285277778793,-47.80233823975345,LOGOUT,LOW
2026-11-15T16:43:12,-75.48416010600221,-26.502647955647348,UPLOAD,CRITICAL
2026-03-14T15:46:16,31.403179873209382,54.28824088589025,PURCHASE,LOW
2026-05-02T08:21:05,37.27960127714475,79.16934743918637,PURCHASE,LOW
2026-11-13T13:14:36,-5.529070816837219,127.68256633577971,LOGIN,HIGH
2026-07-06T05:08:02,-22.507874957446816,80.35713286021598,UPLOAD,HIGH
2026-08-08T22:41:36,-39.14052711015898,28.03272291564781,UPLOAD,HIGH
2026-03-18T19:48:49,50.80286310889241,-15.815298437785202,UPLOAD,HIGH
2026-10-01T13:00:43,82.47451465300182,-134.91152527383787,LOGIN,LOW
2026-08-01T08:51:45,78.18550767054597,112.27198896652317,UPLOAD,HIGH
2026-01-29T08:01:48,19.959737215978066,116.3541714295277,UPLOAD,HIGH
2026-10-15T07:53:00,-25.380784645507376,89.3709232037765,LOGOUT,HIGH
2026-08-15T07:08:53,-30.094038690653093,-143.70421565613142,LOGOUT,CRITICAL
2026-01-14T10:12:22,43.64928289453022,40.44012683805465,PURCHASE,HIGH
2026-02-07T09:16:38,14.730306226199076,-105.05911858826147,PURCHASE,LOW
2026-12-24T13:43:22,44.578591039179855,152.58241631107933,LOGIN,LOW
2026-08-20T17:11:03,-16.07021726951632,-68.89591721188307,LOGIN,CRITICAL
2026-03-31T11:24:49,85.91885786429953,110.40730279244337,ERROR,LOW
2026-06-06T02:00:19,46.13576713194482,84.28846551437857,LOGIN,HIGH
2026-10-13T01:08:23,-84.52107008304009,-156.64121436443128,LOGOUT,HIGH
2026-12-09T21:15:01,75.88422181464551,-128.7494897049662,LOGOUT,HIGH
2026-02-22T03:50:35,-14.434350908465134,72.74249416046732,UPLOAD,HIGH
2026-12-04T05:50:35,82.89727041424734,-165.76618464665947,LOGOUT,CRITICAL
2026-03-08T23:42:55,-51.033722206993644,117.19312694815778,LOGIN,LOW
2026-07-20T09:02:39,-75.56790307579416,-157.27383375716602,UPLOAD,CRITICAL
2026-09-11T22:14:28,40.5863668220974,90.0420308323308,PURCHASE,HIGH
2026-09-20T01:05:03,-10.23834754891513,65.51654090418879,PURCHASE,LOW
2026-11-15T21:14:08,-68.39905893274329,145.13685955139476,ERROR,CRITICAL
2026-05-04T04:16:25,80.63834432245756,-27.679827750469855,ERROR,LOW
2026-01-28T07:31:31,-74.217684603882,38.277192882109915,LOGOUT,LOW
2026-02-10T20:07:03,71.57981025358137,178.67217654447296,UPLOAD,HIGH
2026-03-04T21:42:22,85.31802880266909,-160.618256226867,ERROR,CRITICAL
2026-10-25T19:32:36,-29.820734406526945,169.58954102789994,PURCHASE,CRITICAL
2026-11-19T13:02:48,-85.2575513361753,-95.44449856092008,UPLOAD,LOW
2026-07-17T20:14:39,54.20996951586187,-92.35647697899998,ERROR,HIGH
2026-08-01T11:43:47,81.33030702918876,77.4948068958866,LOGIN,LOW
2026-02-20T02:15:59,-77.80998967480684,-124.89626266331557,LOGIN,CRITICAL
2026-04-09T04:31:09,-85.72757826808687,-148.59219758818915,LOGIN,LOW
2026-07-21T02:12:25,-42.877683378363336,-27.843585144242525,ERROR,CRITICAL
2026-08-02T15:47:44,-5.295225710178983,-19.578565724562026,LOGOUT,LOW
2026-10-22T22:56:38,-78.43844361097521,24.43392260648045,UPLOAD,HIGH
2026-12-01T17:17:40,74.6569367775808,-176.13179001610877,LOGOUT,LOW
2026-04-19T18:45:40,-56.21257561474368,-67.90038496892927,ERROR,HIGH
2026-03-24T17:43:29,40.36262584393876,-69.55672241779618,LOGOUT,LOW
2026-01-17T20:24:09,-15.955476574449378,-156.11638819065772,LOGIN,LOW
2026-04-25T06:24:39,61.82198532758423,-179.30005592384282,LOGIN,CRITICAL
2026-04-24T12:23:44,-70.10548147656036,-136.09486368008965,PURCHASE,HIGH
2026-05-10T16:42:53,82.80772726338924,-16.12260128825241,PURCHASE,LOW
2026-01-19T09:06:07,39.73529908824338,93.54212516008118,LOGOUT,CRITICAL
2026-09-22T11:00:19,-66.97742296589357,-96.47228408719181,PURCHASE,HIGH
2026-10-21T05:18:05,64.91253062482843,69.28159421034928,LOGOUT,CRITICAL
2026-02-03T01:03:46,-1.958160936839036,106.16792351899562,LOGIN,CRITICAL
2026-07-23T00:14:23,54.13274837709281,35.96756429106017,UPLOAD,CRITICAL
2026-08-04T06:35:46,-0.5729188862698038,19.34131507754546,ERROR,HIGH
2026-06-14T11:29:10,-4.298222866661931,-22.336417657011054,PURCHASE,LOW
2026-03-26T13:27:40,0.01819138578278512,-12.701057223517921,LOGIN,LOW
2026-11-03T17:47:09,-51.64503388729048,13.336125837630362,UPLOAD,CRITICAL
2026-03-28T16:26:04,20.65033988777455,51.56029871784136,LOGOUT,LOW
2026-04-18T20:40:40,1.2021962238793833,-99.06311978414247,PURCHASE,HIGH
2026-02-15T09:40:17,15.647164177330438,-65.12935278587246,UPLOAD,HIGH
2026-12-27T22:34:04,1.7650703007564346,118.45287077440287,ERROR,CRITICAL
2026-03-28T17:44:25,-39.501117315706175,13.87833833685076,LOGIN,HIGH
2026-08-13T18:14:16,28.317710552313542,100.3894516245382,LOGIN,LOW
2026-09-01T06:16:16,24.062690907453373,-141.5003862588037,ERROR,HIGH
2026-07-18T01:31:59,-30.33872014606777,-110.62592203481381,UPLOAD,LOW
2026-10-25T23:06:53,87.2026927551623,49.5216232322467,LOGOUT,CRITICAL
2026-06-01T23:09:29,39.65268124071986,-168.1314521267194,PURCHASE,HIGH
2026-08-22T09:15:58,-55.581573709120406,-95.20622514135754,LOGOUT,HIGH
2026-02-01T12:22:28,31.368981014470336,-66.16795531959453,LOGIN,HIGH
2026-03-30T12:13:01,2.9811805227578674,125.07839464673071,ERROR,LOW
2026-02-24T11:26:05,85.8818074302203,85.99735951851233,LOGIN,HIGH
2026-03-18T14:13:19,-7.445441330924794,56.422901306135884,LOGOUT,LOW
2026-09-24T17:16:54,71.15888493020651,-50.74510748923609,PURCHASE,CRITICAL
2026-05-11T17:06:46,46.0370925026252,62.557091974167435,PURCHASE,HIGH
2026-12-30T21:11:33,46.67780066203673,-167.0359706724941,UPLOAD,CRITICAL
2026-08-19T11:38:53,31.955565172227836,-15.82829081658818,UPLOAD,CRITICAL
2026-07-28T22:57:28,84.9686369631354,31.614312334107666,LOGOUT,CRITICAL
2026-10-05T23:48:26,71.54783257384048,-131.24727583688764,LOGIN,LOW
2026-10-15T11:47:25,-83.03414835038976,100.6653619583081,LOGIN,HIGH
2026-01-09T09:55:27,48.425129622946685,42.67812782323389,ERROR,LOW
2026-02-18T11:10:33,50.81240483583363,-73.78374140775442,LOGIN,CRITICAL
2026-06-22T06:35:14,-23.929017034471244,-2.9587352762420096,LOGIN,HIGH
2026-02-06T19:23:53,79.66994389735294,-171.72515196410455,PURCHASE,CRITICAL
2026-06-16T00:48:23,-16.406127758133664,-150.5452612947375,ERROR,HIGH
2026-04-17T04:28:20,-63.1917219401358,-23.97467549599807,PURCHASE,HIGH
2026-11-16T21:40:45,80.49904698889006,-0.8765591580727801,PURCHASE,CRITICAL
2026-08-02T01:27:11,-15.402945394788603,-150.4208749428918,LOGIN,LOW
2026-07-14T23:43:51,-6.626538903145374,100.29176745534465,LOGOUT,LOW
2026-03-02T23:37:38,-31.266065959752275,99.560913867669,PURCHASE,CRITICAL
2026-04-25T02:01:11,-49.65680464022276,91.69831045339527,ERROR,LOW
2026-02-22T06:35:53,-34.56760725960628,-44.565142412584066,ERROR,CRITICAL
2026-08-08T22:14:56,88.53796489865772,134.95039383946698,PURCHASE,CRITICAL
2026-11-12T01:43:45,55.95746042040713,-158.4569189569759,LOGOUT,CRITICAL
2026-10-29T06:58:06,-79.73153392269633,107.31414992945099,LOGOUT,CRITICAL
2026-02-09T06:19:40,54.50382354502935,-20.76822471053933,UPLOAD,CRITICAL
2026-07-14T06:18:20,78.02975927427482,26.429629708704226,PURCHASE,HIGH
2026-11-23T19:10:12,13.249867327152884,-77.89327168344133,LOGIN,HIGH
2026-11-29T01:51:33,4.931347383694018,-142.09844220822413,LOGOUT,LOW
2026-02-06T05:06:07,2.098365103311096,96.40936905097084,PURCHASE,LOW
2026-02-22T18:40:26,-45.457103289121314,113.06576442080473,PURCHASE,CRITICAL
2026-05-28T04:07:14,56.80631478790494,-145.1169503954229,LOGIN,LOW
2026-06-30T02:09:01,-23.903326935753782,-150.95744607513257,ERROR,LOW
2026-01-09T09:05:01,-45.76851018651649,-92.86814000256187,ERROR,HIGH
2026-03-18T19:43:37,41.19070508865758,-124.35947204026655,ERROR,CRITICAL
2026-07-02T03:21:39,-36.716752461342544,170.10176310320554,PURCHASE,LOW
2026-05-28T13:19:15,-65.1469767336813,-147.0925465589604,LOGOUT,LOW
2026-02-17T22:50:38,-76.85289123735261,-58.839436077919544,LOGIN,CRITICAL
2026-01-26T19:27:56,-69.56232423680223,120.9482178930682,LOGIN,CRITICAL
2026-02-23T09:40:24,-85.00176602413846,-175.83109217905943,LOGIN,LOW
2026-10-14T05:23:16,-17.637974940756408,29.900730203129427,LOGIN,LOW
2026-05-20T23:55:29,66.80578547080651,-116.44696424052526,PURCHASE,HIGH
2026-03-05T16:07:35,26.41121577940625,-27.42062298727575,ERROR,CRITICAL
2026-04-05T21:27:04,44.687301037770965,-48.406534687662344,LOGOUT,CRITICAL
2026-04-14T02:46:17,30.55945086848773,-66.25334740442237,ERROR,LOW
2026-02-18T00:54:27,59.85347191754201,-140.8796007424933,PURCHASE,CRITICAL
2026-10-24T21:10:01,21.811291297954114,77.55218073725308,PURCHASE,HIGH
2026-10-13T06:34:44,-64.49956778916959,105.1582325446571,LOGIN,CRITICAL
2026-04-17T21:09:47,63.183330363523936,-61.39785026572585,LOGOUT,HIGH
2026-10-24T09:26:02,49.31622013015135,136.04164744930654,UPLOAD,LOW
2026-06-05T22:01:41,5.394197426031766,79.14119385790849,UPLOAD,HIGH
2026-01-24T07:29:09,6.094359898298592,-82.90385435115417,UPLOAD,CRITICAL
2026-11-14T07:14:56,63.37782918098233,-68.05987903255725,LOGIN,LOW
2026-11-07T07:53:35,-55.52930366961692,-109.85269632159566,UPLOAD,HIGH
2026-08-19T08:40:09,-48.60182338516502,-54.78734981996277,LOGIN,CRITICAL
2026-03-22T02:25:42,80.82111016317725,85.25147330658308,PURCHASE,CRITICAL
2026-03-08T13:30:56,1.4370142908161938,-169.10646199447834,LOGIN,HIGH
2026-05-03T18:45:09,-81.79719345931325,-1.0532479153147278,UPLOAD,LOW
2026-08-16T13:04:13,33.50262909273458,141.02282156767518,ERROR,LOW
2026-05-21T02:04:53,-43.3355313397552,104.37571716368114,PURCHASE,LOW
2026-05-20T01:59:59,-57.449860345648425,73.34790417882411,ERROR,HIGH
2026-07-09T18:36:47,-3.163740295468571,-77.30127781407697,PURCHASE,CRITICAL
2026-06-01T15:53:41,-42.38220316932902,31.42817592845506,LOGIN,HIGH
2026-06-15T21:12:53,-39.18389554908985,-160.96691058895604,ERROR,LOW
2026-05-31T02:44:25,12.29400765726787,134.56429797390314,LOGOUT,HIGH
2026-04-26T14:18:43,8.340605781899725,-134.67386226578398,ERROR,HIGH
2026-11-10T02:35:03,-24.298851904132746,-105.15863166107187,ERROR,CRITICAL
2026-03-30T11:54:06,51.328323330537756,113.60689132745728,UPLOAD,HIGH
2026-12-17T18:32:54,27.285697726621194,-75.50873372583926,ERROR,LOW
2026-08-15T08:10:44,-71.87834795453817,-136.33797162793468,PURCHASE,LOW
2026-07-01T16:06:16,-61.711199024711036,-50.23387960209536,PURCHASE,CRITICAL
2026-03-18T22:34:12,18.549404429730018,-164.3315673371498,ERROR,LOW
2026-08-11T17:27:03,60.09509010982228,41.21866693792026,LOGOUT,LOW
2026-11-24T03:48:17,23.801973415696324,-88.96596693437922,LOGIN,HIGH
2026-08-07T21:45:01,-64.20169106509537,162.7916956617484,PURCHASE,CRITICAL
2026-12-31T07:30:02,70.69604622514862,-142.5049718141693,ERROR,HIGH
2026-03-20T04:10:32,-67.6124654455872,-38.07293028692507,LOGIN,LOW
2026-02-21T03:29:52,-23.088067542246478,53.67053253265837,LOGOUT,CRITICAL
2026-09-22T05:45:50,86.13529983653089,99.71515037429128,PURCHASE,LOW
2026-09-19T18:00:36,24.231854882445944,3.065590384542304,UPLOAD,HIGH
2026-04-14T20:41:55,78.80957206949492,-14.425495263547589,UPLOAD,HIGH
2026-03-02T07:26:45,33.42223127511507,-92.5928178887315,LOGIN,HIGH
2026-08-18T17:27:44,73.85892650207248,25.167173661963687,PURCHASE,HIGH
2026-12-26T19:11:46,53.718916439510565,37.61890062327487,PURCHASE,CRITICAL
2026-08-31T00:27:04,-26.272955002708628,-15.68924170809575,UPLOAD,LOW
2026-03-09T07:16:47,-9.247434954907163,-110.50356014644197,LOGIN,HIGH
2026-10-03T14:14:10,67.33473473654266,65.1794351789122,LOGOUT,HIGH
2026-10-11T06:00:40,-70.8353288826715,-97.71055931016662,LOGOUT,CRITICAL
2026-04-19T16:28:50,72.40229892924668,-121.89549865737699,UPLOAD,LOW
2026-06-03T01:38:06,65.24945989116199,149.1214257967698,ERROR,HIGH
2026-02-09T18:05:00,-6.899452406481672,150.52390913406356,PURCHASE,CRITICAL
2026-01-12T19:20:29,47.960200756315544,-80.36175823019555,LOGIN,HIGH
2026-10-10T21:11:19,76.14281021132294,-58.91169101774092,PURCHASE,LOW
2026-02-01T08:49:14,-60.59329897584276,-44.00167581955901,UPLOAD,LOW
2026-02-17T16:17:44,83.66830366003126,-53.92259357602963,LOGOUT,CRITICAL
2026-12-04T15:50:58,54.83825701196679,11.482919593491147,UPLOAD,LOW
2026-01-15T16:53:26,-4.170978818162638,53.94578475582074,PURCHASE,CRITICAL
2026-05-19T10:53:15,-59.452535042423875,160.67196946994676,UPLOAD,CRITICAL
2026-02-22T08:43:26,-10.376390066952482,155.25096210815872,ERROR,HIGH
2026-07-07T00:05:02,53.026107170606764,-114.27825842603978,UPLOAD,LOW
2026-05-04T15:11:44,35.85814153923883,-101.87173360708867,LOGOUT,CRITICAL
2026-12-08T20:28:50,-7.774813064674021,83.30722006792786,LOGOUT,CRITICAL
2026-06-21T01:26:23,3.605331431405176,-102.25850359463664,ERROR,CRITICAL
2026-08-13T15:42:40,-56.320759248986,116.95385087330686,PURCHASE,LOW
2026-01-16T22:44:50,-87.85448875403691,-43.43204497911438,ERROR,HIGH
2026-10-21T19:55:59,-60.2758736000344,-87.31451548832945,PURCHASE,CRITICAL
2026-07-22T16:41:38,-20.634090511840668,135.79504851199908,ERROR,HIGH
2026-03-26T02:38:07,67.4255452261068,-155.41805230059333,PURCHASE,HIGH
2026-04-07T13:21:56,-69.9482332577813,-170.5155926332274,LOGOUT,LOW
2026-08-06T14:30:52,12.203059350682835,-109.9636520178795,UPLOAD,HIGH
2026-03-28T05:00:57,-84.54218387791649,111.5639856800737,PURCHASE,LOW
2026-07-04T23:31:36,22.085421962489534,122.86677870048561,ERROR,HIGH
2026-11-27T02:29:25,59.32828935102077,-98.0152878317079,LOGOUT,CRITICAL
2026-07-04T23:45:24,88.00272818430221,140.07178083614485,PURCHASE,LOW
2026-10-16T04:39:26,-33.9586402990299,-57.64121876208736,LOGOUT,CRITICAL
2026-09-26T02:19:53,-8.303667600665293,148.48161935184953,PURCHASE,CRITICAL
2026-09-06T02:59:25,59.30216194035057,70.81986672914121,UPLOAD,LOW
2026-06-09T23:53:03,7.939920342808392,-173.32656741072884,UPLOAD,LOW
2026-07-03T08:00:01,-62.86620072195028,-170.09309052021047,ERROR,LOW
2026-12-05T10:08:21,-61.808022634103,91.14277425144542,UPLOAD,CRITICAL
2026-11-25T06:29:07,45.46521570970347,-79.46041967733909,LOGOUT,LOW
2026-08-20T13:04:13,89.27389737794164,71.88346532289415,UPLOAD,HIGH
2026-10-27T23:31:46,-83.19552523156347,-95.55220428486315,LOGIN,HIGH
2026-11-11T20:11:17,21.72264742290926,100.71545155138693,UPLOAD,CRITICAL
2026-10-08T05:37:27,-6.379431707458778,-53.71933012160953,ERROR,HIGH
2026-06-23T00:10:20,52.12077626429428,-169.3598023714701,LOGOUT,LOW
2026-01-06T08:15:29,57.429242495226845,18.287396351091047,UPLOAD,LOW
2026-11-05T12:01:30,-11.889221552980374,-178.91091615739325,UPLOAD,HIGH
2026-12-31T15:43:55,-77.93323320393077,-58.960723547314075,LOGOUT,CRITICAL
2026-04-19T14:46:03,-68.08247394541623,-100.42737203991544,LOGIN,LOW
2026-06-22T07:36:03,2.3826379518897767,16.65345067047241,ERROR,CRITICAL
2026-05-16T18:01:44,2.821381733717132,101.29321973364,PURCHASE,HIGH
2026-09-23T03:53:39,7.417755431347999,161.81748208940797,LOGIN,CRITICAL
2026-05-12T13:39:14,13.507266309486624,-145.09223975749407,PURCHASE,LOW
2026-04-26T05:13:14,21.350340613663988,147.1434449969658,LOGOUT,LOW
2026-06-01T18:46:02,-15.785732627180082,-75.14362868833798,ERROR,LOW
2026-06-22T22:37:05,-57.96334884832126,-25.470522463645068,PURCHASE,LOW
2026-07-29T18:48:42,74.02896227293607,-76.30826505883083,LOGOUT,LOW
2026-04-30T19:05:50,52.78138335180532,150.78894467165713,UPLOAD,HIGH
2026-10-25T06:21:08,29.183396088417496,148.78963363583813,PURCHASE,HIGH
2026-02-26T19:01:25,-70.9118040825508,135.62703176575735,PURCHASE,CRITICAL
2026-03-17T02:25:16,77.23204041466818,37.71868998657874,LOGOUT,CRITICAL
2026-12-18T04:14:16,-38.42364177710226,-26.731853170095548,ERROR,HIGH
2026-04-10T13:54:40,84.35737390840208,-21.016876398558964,UPLOAD,CRITICAL
2026-12-07T14:21:12,35.095656778691236,22.91033643385387,PURCHASE,CRITICAL
2026-05-03T04:53:41,-9.626644933730717,43.41391345214453,LOGIN,LOW
2026-06-03T12:23:07,26.21329416325939,157.40647790753513,ERROR,CRITICAL
2026-02-28T17:37:24,86.10067618774224,-75.70911271972733,LOGIN,CRITICAL
2026-06-23T19:55:38,22.46656389912225,55.12275493489901,ERROR,CRITICAL
2026-08-26T08:19:56,70.69816318948264,-102.01451954524919,ERROR,LOW
2026-01-29T03:33:20,84.06275085225235,-79.65372586997776,LOGOUT,LOW
2026-06-17T10:42:12,43.29632958676345,-51.70531955894907,UPLOAD,CRITICAL
2026-02-27T04:11:16,76.73439086149313,-86.87511389267756,LOGOUT,HIGH
2026-08-01T06:30:42,-87.37380721663463,-21.45748703936144,PURCHASE,LOW
2026-07-07T08:58:22,23.087911501917958,-107.67382249212136,PURCHASE,LOW
2026-11-08T09:19:28,1.6129528793730117,-19.059687745741286,ERROR,CRITICAL
2026-03-11T07:07:39,87.43505103721998,143.9766231999336,UPLOAD,LOW
2026-10-21T22:22:07,-80.96864037169306,169.4748663786351,LOGOUT,CRITICAL
2026-10-09T15:57:13,-61.373620744555225,163.0185061320916,PURCHASE,HIGH
2026-02-15T18:04:01,-64.62299774917173,-39.81881737135865,ERROR,LOW
2026-01-29T02:29:39,-62.226141590816574,-90.29948739894125,LOGIN,CRITICAL
2026-10-31T02:07:14,-28.54557378284437,57.503421769597196,UPLOAD,HIGH
2026-11-02T21:37:54,15.65600053016098,-47.732333508981355,LOGOUT,CRITICAL
2026-04-29T10:11:48,-57.30683549288318,99.21352311826934,ERROR,LOW
2026-01-03T16:22:47,14.460085907111903,102.41295412653506,LOGIN,HIGH
2026-12-23T01:52:45,-1.601032271865222,13.569285248433516,ERROR,CRITICAL
2026-08-24T05:59:21,-81.68800767063331,163.34317679698887,LOGIN,LOW
2026-12-17T06:04:34,73.80738383799937,-153.65707356024302,LOGOUT,CRITICAL
2026-06-07T13:02:48,-29.091994481068348,-111.94266881791091,UPLOAD,CRITICAL
2026-05-06T12:13:50,-11.937064291464281,157.03601951150586,PURCHASE,CRITICAL
2026-12-12T15:38:09,32.33764475860768,179.26755271316728,ERROR,CRITICAL
2026-11-08T17:43:00,-10.585677422984887,167.5003615762347,ERROR,LOW
2026-06-15T12:22:50,-82.08421107768329,-0.46091811323114484,ERROR,LOW
2026-11-19T22:45:02,-39.960635142830746,-93.73918109307141,ERROR,LOW
2026-01-20T18:15:07,51.10813327133761,83.972031867885,LOGIN,CRITICAL
2026-12-03T23:24:22,28.885716705591634,177.059873276904,PURCHASE,LOW
2026-05-31T11:56:29,10.767481914035386,-150.31866254125305,ERROR,LOW
2026-07-15T15:08:26,73.87652908605457,-14.964614233384538,LOGOUT,LOW
2026-12-19T01:36:54,-25.59826939876139,-7.9166265216899205,ERROR,HIGH
2026-11-20T06:59:17,-88.88196443744302,-62.98759839096658,PURCHASE,CRITICAL
2026-06-19T18:18:59,-12.765143499158043,8.468286795367732,PURCHASE,CRITICAL
2026-10-09T08:12:22,-0.0949752675808071,-155.85530624792455,LOGOUT,HIGH
2026-07-16T11:22:18,-24.921419331221557,-95.80802957716408,LOGIN,HIGH
2026-02-12T06:20:30,40.64273902865028,37.570336022382605,UPLOAD,HIGH
2026-03-09T05:36:15,-14.712322523421193,75.16873399142935,UPLOAD,LOW
2026-02-01T21:45:56,23.938721038296663,-130.91293250185578,LOGOUT,CRITICAL
2026-12-04T16:30:13,15.341615752947547,108.36168817203514,LOGOUT,LOW
2026-05-02T23:05:43,11.373645524579914,-171.428252718244,ERROR,CRITICAL
2026-11-16T07:28:01,-67.87374810805974,130.01965008036905,LOGOUT,CRITICAL
2026-09-28T07:33:50,-88.79022812765615,78.61486299572562,UPLOAD,HIGH
2026-12-25T10:56:30,50.50191524028148,-28.832578933115656,ERROR,LOW
2026-05-22T02:56:01,59.40859190354567,60.031370935817705,LOGIN,CRITICAL
2026-06-30T10:56:21,26.982632020349797,-43.24661477944554,LOGIN,HIGH
2026-05-03T14:04:40,-14.815843264385109,32.07474009407301,LOGOUT,CRITICAL
2026-02-02T19:46:25,70.54975493082031,-35.327021726787194,PURCHASE,HIGH
2026-06-20T22:41:34,27.523430676168886,-3.0419390542428744,ERROR,HIGH
2026-12-29T00:51:30,-22.96030486407963,-9.419704235735509,ERROR,HIGH
2026-06-05T16:23:08,65.0389904179232,-6.96314342201299,ERROR,LOW
2026-08-07T07:30:47,-26.498050968125412,-176.96856602990468,PURCHASE,CRITICAL
2026-02-24T05:53:46,15.500793594436786,-68.09360147542048,PURCHASE,LOW
2026-01-28T10:07:46,-1.6179401764555337,-157.67170083890466,UPLOAD,CRITICAL
2026-07-28T15:52:17,3.4933512592272677,10.519106450449868,UPLOAD,CRITICAL
2026-07-14T16:15:40,-2.222896819619379,-128.3071389162013,PURCHASE,HIGH
2026-10-15T13:02:02,-40.34268851940503,-120.0199404226178,ERROR,LOW
2026-09-24T18:44:09,35.969684270932504,-49.74646472004807,LOGIN,HIGH
2026-12-12T19:14:01,19.318363894747094,34.168247116155726,UPLOAD,HIGH
2026-11-01T08:01:12,32.298942668651904,52.327718655967345,ERROR,CRITICAL
2026-04-18T01:03:03,-83.75381103823615,-43.23472344766344,ERROR,LOW
2026-04-29T13:30:30,-15.320595689481024,165.63335474912242,LOGOUT,CRITICAL
2026-01-15T12:48:27,-45.764288535707614,108.036144018318,LOGIN,HIGH
2026-04-06T23:48:26,-79.9902518472335,-147.97367188457483,LOGOUT,CRITICAL
2026-11-15T18:02:53,71.59594672196931,-92.9468013682436,LOGIN,LOW
2026-02-12T03:14:21,75.92042252545724,108.34969157567582,UPLOAD,HIGH
2026-09-17T15:39:13,-86.13859748775467,-52.68897257318275,UPLOAD,CRITICAL
2026-05-06T14:09:02,-28.235133482868697,-0.6650394564738917,PURCHASE,LOW
2026-09-28T12:07:33,-37.881060063941426,-124.74730547499104,ERROR,LOW
2026-05-14T10:36:37,-76.53244845743166,-110.57136186700663,UPLOAD,HIGH
2026-12-30T15:54:18,-44.468714279237545,-16.263811180710235,UPLOAD,LOW
2026-05-04T06:12:27,-76.88556709332255,-16.895969623681026,UPLOAD,CRITICAL
2026-03-19T13:30:53,27.03004516885275,-15.740429039724944,LOGIN,CRITICAL
2026-04-04T19:16:39,-30.92786906035581,168.79656421445316,ERROR,CRITICAL
2026-06-17T18:46:32,85.20782439275263,-90.92058065132777,LOGOUT,CRITICAL
2026-10-04T12:46:12,55.01049700029341,-52.055559636557874,UPLOAD,HIGH
2026-09-15T23:40:25,-44.93951475402331,-12.968902623672221,UPLOAD,LOW
2026-05-08T00:03:15,80.01913773158947,-40.65317477714393,LOGIN,CRITICAL
2026-02-17T15:20:17,18.001048495255517,89.9899727846348,LOGIN,CRITICAL
2026-06-17T20:04:10,-66.79636502658832,129.85616261396223,UPLOAD,HIGH
2026-09-04T03:38:10,-5.305151374914345,73.32523749494581,LOGOUT,CRITICAL
2026-03-18T02:09:52,-19.199814317320488,138.7171143758402,UPLOAD,HIGH
2026-02-23T08:33:02,-12.309445034429984,129.60211433678512,LOGIN,HIGH
2026-08-18T01:50:40,-7.636625659293884,-23.72143914327674,UPLOAD,CRITICAL
2026-11-22T14:59:17,19.116513874830105,175.17718447372454,LOGIN,LOW
2026-02-20T22:05:28,27.896208896106913,154.9972758742278,ERROR,LOW
2026-08-24T15:01:01,46.620381552450965,64.6831113337388,UPLOAD,HIGH
2026-11-29T11:04:21,39.653638254233215,63.394959203860424,LOGOUT,LOW
2026-03-14T23:06:02,7.2047687464904016,57.747145917346785,LOGOUT,LOW
2026-12-22T09:24:54,-66.8509052518308,99.30440030816169,PURCHASE,CRITICAL
2026-01-30T05:12:30,12.983613665877442,48.2081667978006,PURCHASE,CRITICAL
2026-11-06T08:00:31,-21.115654029891388,117.45353661260418,PURCHASE,HIGH
2026-09-25T10:28:40,-57.083002723077065,-167.16553037027887,ERROR,HIGH
2026-06-15T01:30:02,-16.55382261371669,47.58108381268832,LOGOUT,CRITICAL
2026-03-24T09:15:56,87.37400160774891,-52.98944225066127,UPLOAD,LOW
2026-04-22T19:52:40,-56.05009532181341,-132.66844050605667,LOGOUT,HIGH
2026-04-04T10:23:24,31.24739108177124,-147.11627853224107,PURCHASE,LOW
2026-04-02T06:31:21,-80.34223485159205,-1.9742417857322039,PURCHASE,CRITICAL
2026-10-21T21:07:07,4.869514039703802,-77.82553625407463,PURCHASE,LOW
2026-01-24T19:14:54,-64.5942008558945,-78.09031731993667,PURCHASE,LOW
2026-10-20T10:41:16,80.651902574111,-162.262703361889,PURCHASE,HIGH
2026-01-06T14:59:17,46.79403969539189,88.42672777242666,LOGOUT,CRITICAL
2026-12-03T18:08:21,-45.58465861157347,-113.72530947940874,LOGIN,CRITICAL
2026-09-06T09:58:46,79.24681468870304,23.40202315834543,ERROR,LOW
2026-02-24T06:13:39,-42.30032273702804,-178.59258511050965,LOGOUT,LOW
2026-01-10T08:08:54,73.31376531386692,-175.67113065346615,ERROR,LOW
2026-09-17T22:05:29,10.30719840005223,-95.18053200867615,PURCHASE,CRITICAL
2026-09-25T18:13:47,-46.52529188270508,154.30173163502445,ERROR,HIGH
2026-09-02T12:17:43,25.75248315714377,-3.773220501695107,PURCHASE,HIGH
2026-04-10T21:47:28,-10.649515899936517,-156.64622755702155,LOGOUT,HIGH
2026-05-19T15:10:53,-4.353252124321102,-98.91291527808336,PURCHASE,HIGH
2026-08-05T11:29:46,76.81540458808149,-76.28380143243835,LOGIN,LOW
2026-12-20T01:46:29,-19.865899882230238,-25.92335404402766,PURCHASE,CRITICAL
2026-04-06T22:47:43,14.417591237187693,107.50937400671802,UPLOAD,CRITICAL
2026-12-04T20:37:52,-67.04336382970986,-84.14785128441787,ERROR,CRITICAL
2026-01-20T19:23:40,59.80837825678634,166.2190382542512,PURCHASE,LOW
2026-12-29T15:03:50,25.500299019217096,-105.23012758424275,PURCHASE,LOW
2026-09-05T05:25:38,-45.07903454832044,-161.80589379966963,LOGOUT,HIGH
2026-08-29T06:58:57,63.84203652556141,14.253867492644702,UPLOAD,CRITICAL
2026-12-10T19:44:10,-30.4987623485597,-114.8631954119362,PURCHASE,HIGH
2026-07-03T18:07:02,-55.990112433289674,73.74811439546622,UPLOAD,LOW
2026-11-19T20:42:37,-66.31245383215095,131.35257018597633,LOGIN,LOW
2026-06-24T17:34:44,75.41258782257128,67.91612488169301,LOGIN,LOW
2026-06-21T12:03:03,-27.60526755525332,-92.72865530662733,PURCHASE,HIGH
2026-06-29T09:46:29,30.232356530542987,-148.4877134739116,PURCHASE,LOW
2026-02-02T17:30:26,52.15872163393473,-147.75399124836872,LOGOUT,LOW
2026-01-14T01:08:29,59.981990655549,74.23133716713386,PURCHASE,CRITICAL
2026-02-04T12:04:21,-81.74553259690144,78.170911814259,PURCHASE,LOW
2026-06-02T23:10:19,-44.78659556970433,-102.38739772717246,PURCHASE,HIGH
2026-04-08T11:18:13,-52.15224602618674,-122.2674901071971,UPLOAD,HIGH
2026-08-17T10:47:21,-73.27715199054133,-126.952495453718,LOGIN,CRITICAL
2026-01-22T21:26:50,-6.590061982980075,-125.91140941192214,ERROR,HIGH
2026-10-06T18:24:36,0.04065858584469595,-65.10955857786685,ERROR,CRITICAL
2026-01-19T05:40:26,62.4921301968096,2.617535329500612,ERROR,CRITICAL
2026-05-05T02:57:33,30.357766649370475,-141.68751403468735,UPLOAD,LOW
2026-03-15T03:35:45,7.273264043850986,-46.03212149070919,LOGIN,LOW
2026-01-17T22:21:44,15.840284286512002,143.82445977329422,ERROR,LOW
2026-09-04T06:34:42,85.58452759155568,-56.84166442444605,ERROR,CRITICAL
2026-07-04T19:11:26,77.72890106044704,138.49516599665594,PURCHASE,HIGH
2026-05-24T13:37:52,9.275191980405282,-136.58561071309217,LOGOUT,CRITICAL
2026-09-13T13:39:27,-34.368085611560495,-13.492392036914026,LOGIN,LOW
2026-04-23T08:25:26,-40.64081516402541,-28.383343297391775,LOGOUT,LOW
2026-03-13T09:14:16,38.112815854456784,115.21634113993338,PURCHASE,CRITICAL
2026-11-03T09:34:12,84.98489243484275,61.25500849425265,UPLOAD,HIGH
2026-12-31T09:21:06,58.01637648657285,-156.57913774023567,PURCHASE,CRITICAL
2026-06-09T13:06:23,42.2724498519695,-60.15710917419585,ERROR,HIGH
2026-07-12T06:28:59,-53.27766137983809,170.23227718263922,LOGIN,CRITICAL
2026-05-23T07:34:11,-70.51944880359291,82.4718944991132,ERROR,HIGH
2026-08-09T22:21:32,31.431462836182575,-50.768853028797906,UPLOAD,HIGH
2026-12-21T14:53:13,14.384848427100906,-62.204794257395776,ERROR,LOW
2026-01-17T05:22:17,51.41539057455796,50.60362794814435,LOGOUT,CRITICAL
2026-03-27T00:33:21,-9.413403317988099,-66.68037820428135,LOGOUT,CRITICAL
2026-11-24T09:23:59,-18.870923276115803,-82.06295322104285,PURCHASE,CRITICAL
2026-02-24T05:50:06,-74.1103738429632,23.023315500558226,LOGOUT,LOW
2026-05-07T15:10:16,-73.33538478744414,-84.39651845496797,PURCHASE,HIGH
2026-12-23T10:36:01,15.817223445337731,-47.424191667851375,LOGOUT,HIGH
2026-09-07T00:10:30,-66.51688425709759,-5.517756173464818,ERROR,LOW
2026-04-17T00:41:30,-77.38439447244083,-128.18814414101132,ERROR,HIGH
2026-03-25T02:39:35,-79.66482346296769,42.77793157586041,ERROR,LOW
2026-07-31T16:55:01,-76.05388611762032,104.42707788354397,LOGOUT,LOW
2026-08-18T06:20:38,10.721653295262414,-136.13048936567642,UPLOAD,LOW
2026-05-21T11:19:20,24.907362731528877,-126.50224065703907,LOGOUT,CRITICAL
2026-03-01T08:28:11,-60.084793647199895,49.66609249220073,LOGIN,LOW
2026-10-06T04:23:31,88.06465701213068,60.13726904920361,PURCHASE,CRITICAL
2026-06-03T01:29:35,71.59858587351133,20.517091853230852,LOGIN,HIGH
2026-11-09T17:34:30,-12.146778242015898,52.708080413500284,UPLOAD,HIGH
2026-03-18T22:45:59,18.62232379465057,151.61320713517955,ERROR,CRITICAL
2026-12-29T15:56:36,-51.764821271139745,179.53969177795625,PURCHASE,HIGH
2026-06-06T11:03:42,-7.576681646206609,44.5328316737488,LOGIN,HIGH
2026-07-16T10:12:36,-61.95077064687986,-70.75862002576969,ERROR,HIGH
2026-05-27T12:33:30,19.361919131497885,67.61988015713513,LOGOUT,HIGH
2026-12-27T21:33:46,33.17109590414594,-178.24543383119538,UPLOAD,CRITICAL
2026-05-01T02:51:17,-52.13490997815662,-32.94911248981035,LOGOUT,CRITICAL
2026-10-16T17:01:08,-25.923420168638728,82.35955063927162,UPLOAD,HIGH
2026-05-11T06:03:49,14.270650390819867,-59.68876418943195,ERROR,LOW
2026-08-10T16:50:20,-4.189655015645613,-113.62963813750972,ERROR,CRITICAL
2026-10-19T13:47:16,63.04985334233726,-104.14255104519539,LOGOUT,HIGH
2026-06-23T22:58:19,42.193545450502455,-122.81774062199158,LOGOUT,CRITICAL
2026-04-29T03:04:16,39.2112120168178,137.5089018690066,UPLOAD,CRITICAL
2026-08-24T05:53:30,38.08880321544737,-9.512414142939662,LOGIN,CRITICAL
2026-09-22T20:55:22,-41.313253461163704,-116.3391364419661,LOGOUT,HIGH
2026-09-05T18:54:13,-44.74699946088387,136.00862586595684,ERROR,HIGH
2026-06-04T11:22:09,-71.03607141766614,-52.76230457390223,PURCHASE,CRITICAL
2026-10-11T01:32:20,43.85631732300166,-148.7037128443669,LOGIN,HIGH
2026-12-04T21:48:59,2.376346522972028,-119.22970666903812,UPLOAD,HIGH
2026-10-22T06:45:16,42.988140391690735,7.183239239028808,UPLOAD,HIGH
2026-08-28T06:13:30,84.05443333457333,-82.13790901101531,PURCHASE,CRITICAL
2026-12-14T05:55:41,87.29637657007498,140.21776562066583,LOGOUT,CRITICAL
2026-12-30T04:08:44,53.33653328316339,54.003791237628405,UPLOAD,HIGH
2026-02-02T09:12:07,3.62546408380382,-26.192128779218052,PURCHASE,HIGH
2026-11-07T16:33:35,-74.3980337581141,60.199558942693784,PURCHASE,LOW
2026-11-27T03:27:13,11.060320850484374,14.483642295218402,LOGOUT,LOW
2026-07-31T10:45:57,-45.436687037333904,-170.0426500762266,ERROR,CRITICAL
2026-10-15T20:29:58,-55.689482329682036,-11.190247301026517,UPLOAD,LOW
2026-11-09T10:29:33,-65.6603993760627,119.72838643487421,LOGOUT,HIGH
2026-07-11T18:52:27,18.44420622661613,102.6177287785174,UPLOAD,CRITICAL
2026-11-10T10:16:43,-89.5754692227348,99.32242425115021,LOGOUT,LOW
2026-12-28T07:46:08,53.963737376068025,-152.3596043974156,LOGOUT,LOW
2026-07-14T15:16:56,47.588792190487965,-115.06300083407329,LOGIN,CRITICAL
2026-03-01T12:45:46,-46.717150774678316,-144.21377859285124,LOGOUT,LOW
2026-01-29T10:14:15,77.07251723909772,-92.74827232265532,ERROR,CRITICAL
2026-10-23T02:24:41,33.43199088449151,64.4001443979476,PURCHASE,LOW
2026-08-19T13:11:30,9.59637412382638,-151.36218532572573,ERROR,LOW
2026-03-13T07:11:31,-46.006870254913146,17.735089466940963,ERROR,HIGH
2026-03-14T17:44:29,-83.7064220750787,-139.5371143083596,UPLOAD,HIGH
2026-08-23T17:22:17,-86.72978653340164,125.34109161413392,LOGOUT,LOW
2026-09-15T12:24:55,49.19098706670036,-5.05517371879958,PURCHASE,HIGH
2026-12-18T02:20:40,13.553119939176867,68.13288066496582,LOGIN,CRITICAL
2026-01-03T05:09:26,34.24706443351353,56.21699697867248,LOGIN,HIGH
2026-05-27T02:36:25,66.38750330877048,123.44228077988674,LOGOUT,LOW
2026-12-31T16:13:01,-37.075338564899,-68.79332489776833,LOGOUT,HIGH
2026-03-26T22:36:15,51.14843558889859,3.7126812896238164,ERROR,LOW
2026-05-25T17:59:02,74.36616683819508,-67.45818359789142,ERROR,HIGH
2026-06-19T01:52:44,21.385162776324194,-139.1160335580215,LOGIN,CRITICAL
2026-09-25T22:48:11,9.440921704436022,-176.11386769998998,ERROR,LOW
2026-07-27T00:16:50,84.12521953543714,146.20089688855666,PURCHASE,LOW
2026-01-19T02:13:21,22.184022685399512,56.443961239270294,UPLOAD,LOW
2026-12-01T09:32:41,66.52262388286647,155.91312126630902,LOGOUT,HIGH
2026-09-01T12:59:26,38.411352799998866,50.944518454756974,LOGOUT,LOW
2026-03-07T03:22:06,-69.61392888069811,59.783627131989334,LOGIN,LOW
2026-05-26T12:03:52,65.00178328197165,133.35646491995425,LOGOUT,LOW
2026-04-14T00:45:44,35.62092001508452,16.69840666679343,LOGOUT,CRITICAL
2026-10-13T20:16:22,45.74352892528904,-112.71519172114445,ERROR,HIGH
2026-03-04T04:57:39,-25.029727916717704,55.99461848154883,LOGIN,LOW
2026-02-04T06:37:21,-50.35633906642669,-144.4578594178329,ERROR,CRITICAL
2026-05-15T11:57:31,40.59839615392693,-120.37524856263718,LOGOUT,LOW
2026-12-12T20:24:35,-20.46962075725692,64.66797090743506,LOGIN,CRITICAL
2026-10-22T04:01:05,-74.98057982206016,-19.46371658151449,LOGIN,LOW
2026-11-08T22:24:38,-12.058849649884621,152.2826031489763,UPLOAD,HIGH
2026-10-14T03:59:06,-65.57410961720876,35.208990294794404,LOGOUT,HIGH
2026-02-07T05:23:35,-30.043303564307344,2.5923641242958695,PURCHASE,LOW
2026-06-17T21:25:24,-10.363773687965136,100.69691245009426,LOGOUT,LOW
2026-01-16T20:14:42,20.662510567955763,-72.40810431449886,ERROR,CRITICAL
2026-11-10T09:02:14,77.59246043643148,-58.316882884966915,LOGIN,HIGH
2026-09-19T15:25:24,-87.85338606698424,105.09871565594585,LOGIN,CRITICAL
2026-07-22T16:30:55,-39.417859313822255,-153.26643867914748,PURCHASE,LOW
2026-06-23T17:41:07,-31.976653760926446,-64.89759474287656,UPLOAD,HIGH
2026-07-14T21:07:13,-32.416196245797025,17.18946833041923,ERROR,HIGH
2026-06-23T10:26:11,-78.78874553826991,101.40088363562819,UPLOAD,HIGH
2026-06-19T09:20:32,-8.624835388400456,-2.830505536318043,LOGIN,CRITICAL
2026-09-12T09:31:00,40.693870640545526,178.6279240886176,ERROR,HIGH
2026-04-16T20:49:54,28.778284586524734,119.08003013224527,PURCHASE,CRITICAL
2026-04-01T05:07:28,-32.0524750725839,78.43902172511287,LOGIN,LOW
2026-07-13T05:30:28,72.49859846693056,-20.92825189143977,ERROR,CRITICAL
2026-08-20T01:16:13,86.74215733769802,-92.74513114433702,LOGOUT,CRITICAL
2026-03-14T18:40:41,11.647412215499358,-137.59025525428137,UPLOAD,LOW
2026-02-20T15:45:09,-88.04120909436662,-141.14158516826686,LOGOUT,LOW
2026-11-17T22:45:54,-55.210045531307124,-170.0321805940274,LOGOUT,HIGH
2026-07-27T10:45:52,-84.41386376962603,138.88618187950811,UPLOAD,LOW
2026-05-22T07:34:37,-84.69536280498933,-70.97441006507975,ERROR,HIGH
2026-01-25T22:32:10,-78.09421240245214,-11.137055831452756,PURCHASE,HIGH
2026-11-08T10:55:15,-76.02481835020527,-148.06242640376254,LOGIN,CRITICAL
2026-06-02T13:52:44,-41.12702624992694,-53.40826140271332,ERROR,CRITICAL
2026-06-19T04:22:03,74.22465407728197,20.214235976293878,LOGOUT,CRITICAL
2026-09-13T07:04:29,-73.87832500461514,141.92432630000684,PURCHASE,LOW
2026-06-23T22:05:14,42.889696500032954,37.499387629973455,PURCHASE,CRITICAL
2026-04-26T15:20:54,7.744454318681349,-151.11001269212278,LOGOUT,CRITICAL
2026-09-13T09:41:15,3.818807316457182,27.917729783644432,LOGIN,LOW
2026-10-20T11:03:41,80.78955689082201,-81.22509736164965,PURCHASE,CRITICAL
2026-06-08T00:20:38,-0.027439272172060214,70.27293849559246,ERROR,HIGH
2026-06-11T14:16:00,72.38145554677249,30.409718675793812,PURCHASE,LOW
2026-04-15T01:42:06,11.60898202537787,85.60565926459037,LOGIN,HIGH
2026-01-16T03:36:16,12.283971664236006,104.45329542488349,ERROR,HIGH
2026-04-30T00:04:30,-30.40088911713471,155.5149853514045,ERROR,HIGH
2026-10-22T12:38:10,53.73611843006276,-133.58292491472056,LOGOUT,CRITICAL
2026-03-21T20:39:49,9.921387886668413,-89.43027814158283,PURCHASE,LOW
2026-04-29T13:54:58,-8.619090237734596,134.6312235174969,ERROR,HIGH
2026-09-13T04:47:19,-65.52272067914043,130.33358714174295,LOGOUT,LOW
2026-08-28T17:21:39,75.13310464915926,48.99995037689936,LOGOUT,CRITICAL
2026-04-14T23:49:31,4.344192307629584,20.02636351248981,LOGOUT,HIGH
2026-10-03T06:03:43,0.36563403750329826,-117.12540781312264,ERROR,LOW
2026-08-29T13:13:06,19.383109344194466,161.85955843674225,LOGOUT,CRITICAL
2026-10-09T11:11:28,-28.89894913058194,-9.864800266700257,LOGIN,LOW
2026-09-29T20:43:53,72.20549215293295,-169.1953703616505,UPLOAD,LOW
2026-08-12T10:25:44,0.5452507150106101,59.75215340053791,LOGOUT,CRITICAL
2026-08-24T12:18:23,53.98381438204305,-68.99947348471974,ERROR,HIGH
2026-07-27T06:35:19,-38.520419687166196,-131.28653881074132,ERROR,LOW
2026-08-16T09:35:33,10.302615924577111,-65.12575492098091,ERROR,CRITICAL
2026-05-15T16:26:30,-66.44326368108177,-93.69136708221004,LOGIN,CRITICAL
2026-10-12T16:27:11,9.514263979609524,58.14483972959644,ERROR,LOW
2026-11-03T10:19:48,84.81870195264935,-9.604383635415047,PURCHASE,LOW
2026-11-19T12:13:25,-47.75862400055105,-67.77437685293341,LOGIN,HIGH
2026-09-02T23:11:26,-61.55323542525052,126.75587950326337,ERROR,HIGH
2026-03-17T12:14:04,-45.748220617841596,100.6359969174581,LOGIN,HIGH
2026-09-26T10:02:44,67.954924285223,-146.92816872310894,ERROR,CRITICAL
2026-03-18T05:08:15,-44.023326048232704,68.05267717377623,PURCHASE,LOW
2026-12-06T07:09:47,-15.191578283008297,-35.58544589819152,UPLOAD,CRITICAL
2026-06-12T22:51:47,-57.2494703558016,-101.82625599067676,PURCHASE,HIGH
2026-01-13T11:42:06,-39.003773855650124,-84.11597809962734,PURCHASE,CRITICAL
2026-02-15T12:19:15,43.23537456539884,138.25035896052339,PURCHASE,LOW
2026-04-16T04:55:32,66.82730505085203,156.24551782777417,LOGIN,LOW
2026-02-10T21:01:41,-5.9060521340659875,-84.55040067294925,UPLOAD,HIGH
2026-04-24T19:13:01,88.49280448386992,-60.31806221530998,PURCHASE,LOW
2026-10-25T05:11:56,56.33121605656734,47.43952422974161,UPLOAD,CRITICAL
2026-04-27T05:30:58,-57.66627092560513,45.16558018758258,PURCHASE,HIGH
2026-04-03T06:56:15,1.020077763042707,143.72330108397824,LOGIN,LOW
2026-08-31T08:28:42,-69.97617496443577,172.33289724250136,ERROR,HIGH
2026-10-20T05:09:58,-1.5985434092384452,39.76227926097431,PURCHASE,CRITICAL
2026-05-31T10:47:05,-38.11079150404026,31.18890505018436,UPLOAD,HIGH
2026-03-09T09:24:41,-44.426509593673956,82.23838235100419,PURCHASE,LOW
2026-09-11T03:20:53,73.33469593464412,42.595599518659554,ERROR,HIGH
2026-10-24T23:16:28,26.126508284997243,112.3135706973959,PURCHASE,LOW
2026-11-28T16:28:57,-89.62198144936598,-12.701621399891536,LOGIN,HIGH
2026-05-24T03:27:04,86.68299920779882,54.32913621593997,UPLOAD,LOW
2026-11-29T16:23:24,-39.967358511542834,138.03959075198287,LOGOUT,CRITICAL
2026-12-15T15:01:44,-47.77050458811969,-57.742434853093116,ERROR,CRITICAL
2026-03-08T14:38:51,-43.186429304102575,86.45408534083629,LOGIN,LOW
2026-10-09T06:12:06,0.570984754876875,-129.48694668443605,ERROR,HIGH
2026-12-18T02:43:14,81.02554487399868,87.40311870146024,UPLOAD,CRITICAL
2026-09-22T07:13:39,58.66060045455558,-41.786027116200984,LOGOUT,HIGH
2026-03-21T20:13:11,44.059885803909964,175.60297112516474,LOGIN,HIGH
2026-09-03T09:46:31,-15.16271395694963,-26.7214605848595,UPLOAD,HIGH
2026-02-14T08:43:05,40.57088438248107,-44.05684194534322,UPLOAD,CRITICAL
2026-06-10T11:29:34,-46.377797462111154,-19.48539310150977,PURCHASE,CRITICAL
2026-02-09T18:48:30,68.57136120028144,-127.06734860217077,LOGIN,CRITICAL
2026-12-21T12:29:13,-1.6047889918846607,164.07077023401314,LOGIN,HIGH
2026-05-12T07:55:46,-88.38824125786637,-152.09043006731912,PURCHASE,HIGH
2026-02-02T10:30:20,-27.00067084554214,-176.76406207043613,LOGIN,LOW
2026-05-04T15:53:59,-89.59941726190772,81.77299169255434,LOGOUT,LOW
2026-06-11T07:00:55,-82.06201314705172,147.518688228391,LOGIN,LOW
2026-12-20T13:12:42,86.91205923637449,-120.57930558285223,UPLOAD,CRITICAL
2026-06-11T09:53:45,52.05646007586614,166.40645973100197,UPLOAD,LOW
2026-09-06T02:42:57,-65.94043344030072,153.18116115148922,LOGIN,CRITICAL
2026-06-01T21:24:57,69.94153853051887,-84.86154266363518,UPLOAD,CRITICAL
2026-04-25T16:55:29,-64.61821401904064,-166.79293195778055,ERROR,CRITICAL
2026-06-03T09:56:30,47.314787123581795,42.439135742365664,ERROR,CRITICAL
2026-12-06T20:29:21,-42.971663702228675,-168.32869756730895,LOGIN,CRITICAL
2026-01-27T04:40:07,-38.534834122211365,-79.82475622197137,PURCHASE,LOW
2026-04-10T23:01:55,-19.393814187561844,50.98988899027427,LOGOUT,HIGH
2026-03-07T20:35:57,-45.595631845294065,123.81866598109644,ERROR,LOW
2026-10-07T00:00:00,86.35600763346008,28.37348619518474,LOGOUT,CRITICAL
2026-10-01T15:38:02,76.78925135545612,-64.05933271085966,UPLOAD,CRITICAL
2026-12-03T18:20:02,17.932029434940958,-15.495370990761018,PURCHASE,CRITICAL
2026-07-02T17:43:54,35.55524661114086,-103.19757102175956,ERROR,CRITICAL
2026-10-25T01:15:56,19.584777434853777,-118.64285786828384,LOGOUT,LOW
2026-05-13T01:09:44,-33.40951167192871,-7.970238872458509,ERROR,CRITICAL
2026-11-15T18:21:37,18.147317435117273,12.471177171933249,LOGOUT,HIGH
2026-06-22T06:26:51,-11.781273164924741,-11.143282113389176,LOGIN,LOW
2026-05-24T07:03:59,15.593414003515747,37.88790895144601,UPLOAD,LOW
2026-05-03T21:36:42,-89.20045793847342,-78.93309075958393,LOGOUT,CRITICAL
2026-01-22T14:55:36,85.54333435407835,-57.23994977540953,ERROR,CRITICAL
2026-01-10T20:54:00,67.42307844762664,11.066036283994293,UPLOAD,CRITICAL
2026-06-09T03:45:04,21.415000363368506,166.97888208854243,ERROR,CRITICAL
2026-01-06T20:32:25,63.82704147049998,-29.108235566821293,PURCHASE,HIGH
2026-09-20T17:33:37,-5.759465967891288,150.20971403573816,LOGIN,HIGH
2026-05-07T20:37:48,62.14689161434595,106.99145929298345,LOGIN,LOW
2026-02-04T09:50:11,0.0735680190732495,-133.36897984004648,LOGOUT,CRITICAL
2026-02-23T02:51:46,-21.65587353747887,121.84572187024423,PURCHASE,LOW
2026-07-24T10:22:31,-85.7989111709532,102.61975621458942,PURCHASE,HIGH
2026-08-15T04:37:14,-37.18898481905942,0.6153425995584882,UPLOAD,CRITICAL
2026-04-01T22:16:37,-32.10294207222506,-45.53963030468691,PURCHASE,LOW
2026-11-08T02:49:22,-40.244433169336936,-92.09806018004853,ERROR,CRITICAL
2026-08-18T09:48:48,-30.446659722535898,116.26446814100746,ERROR,CRITICAL
2026-12-26T19:56:36,-24.746127730463485,98.66454985877698,ERROR,LOW
2026-07-08T16:21:48,67.58702274224561,-89.27738993132789,PURCHASE,CRITICAL
2026-12-24T11:32:25,44.984164445457964,-61.1071155415664,LOGOUT,LOW
2026-05-09T12:45:00,78.87804304956168,88.00931154408573,PURCHASE,HIGH
2026-06-27T20:32:41,52.75969048338911,124.45272438585852,LOGIN,LOW
2026-09-14T04:35:06,-1.4807030187677839,-63.13651056417093,LOGOUT,LOW
2026-11-27T20:27:02,-3.546955093607849,90.5449353786783,LOGOUT,CRITICAL
2026-04-17T07:32:40,11.269418771694944,93.88271708117361,ERROR,HIGH
2026-12-07T17:41:00,-60.82046644669323,103.15373707340888,ERROR,HIGH
2026-04-09T22:51:50,32.15584499550211,30.528272554838367,UPLOAD,CRITICAL
2026-01-21T11:31:44,-64.40235427886473,115.17575622100674,UPLOAD,HIGH
2026-04-15T13:10:19,-83.1514614911512,-179.6682830066533,UPLOAD,HIGH
2026-10-23T00:03:39,-73.85827659332783,25.326006838824753,LOGIN,LOW
2026-04-20T20:31:32,-64.1696104804194,23.123476105380405,PURCHASE,HIGH
2026-12-12T05:32:38,-32.3705624055288,121.37637294905238,UPLOAD,HIGH
2026-01-27T20:54:12,37.289864113735334,-107.38211808161904,UPLOAD,HIGH
2026-05-26T16:20:06,36.97791415883897,-59.86461149179206,UPLOAD,HIGH
2026-06-12T00:52:15,-77.34184118946847,-132.89724275256833,ERROR,CRITICAL
2026-03-07T01:56:57,-86.08220019339382,-158.5617161988919,PURCHASE,LOW
2026-01-09T16:59:17,-18.382967693294376,-91.41557549225153,PURCHASE,HIGH
2026-01-30T14:30:40,-77.58939135895811,35.574595476275846,UPLOAD,HIGH
2026-03-15T08:15:37,-9.21175833116365,7.660590593821723,ERROR,HIGH
2026-08-23T06:31:57,70.75826815863292,-112.10621776249853,LOGOUT,CRITICAL
2026-07-17T03:04:12,-82.60796702180824,-143.13253360775548,UPLOAD,LOW
2026-07-06T18:54:04,-74.69480063914735,138.3518327023383,ERROR,LOW
2026-04-06T05:30:44,-53.58016537595668,118.17793269213013,LOGOUT,LOW
2026-07-15T23:14:40,56.73634400417535,-74.92483123173044,LOGIN,CRITICAL
2026-09-10T11:25:04,-35.75486909624799,-28.929886259369965,ERROR,LOW
2026-09-16T05:58:20,-57.46781452106655,-174.27848706419755,UPLOAD,LOW
2026-02-03T20:24:25,-49.94673844560505,147.81387417910292,UPLOAD,LOW
2026-10-11T22:55:00,-61.49776113668364,147.0617653731485,LOGIN,CRITICAL
2026-04-04T07:42:54,77.36394625001216,-5.211760841667001,ERROR,HIGH
2026-12-31T21:10:17,-7.616658501609891,-13.040182860411818,LOGOUT,HIGH
2026-05-13T20:18:19,47.74404191779999,-15.789508999205736,PURCHASE,HIGH
2026-05-16T09:07:50,-36.216864738253115,42.292800536938614,LOGIN,LOW
2026-04-08T03:58:40,71.91258380780312,1.5351331226351022,UPLOAD,HIGH
2026-11-09T23:44:36,64.95611209605451,-89.95741938996875,PURCHASE,CRITICAL
2026-10-08T08:45:08,-70.01293063597262,144.62734682997973,LOGOUT,HIGH
2026-08-31T10:32:33,-53.22262210133899,-66.55170937085919,LOGOUT,LOW
2026-11-16T11:03:01,-81.1230702942303,42.576784367636265,LOGOUT,LOW
2026-09-26T09:57:41,-45.0919820819303,55.0084106671124,LOGIN,LOW
2026-05-22T20:07:45,32.168696628043534,174.0230594958357,PURCHASE,CRITICAL
2026-07-21T22:57:06,-33.31782325696192,88.81629498874935,LOGIN,HIGH
2026-01-09T20:51:56,-64.21388977935247,-89.85633815637959,ERROR,LOW
2026-11-07T19:09:24,53.215550452958894,-174.88593296123602,ERROR,HIGH
2026-10-06T13:43:59,-70.89774819039765,47.60712593545699,LOGIN,CRITICAL
2026-11-17T08:36:52,-36.54833216199476,113.38793324333568,ERROR,HIGH
2026-03-03T01:05:05,-70.67476326332854,157.05401007539717,ERROR,HIGH
2026-08-07T10:45:34,87.1327014568673,84.5137989219163,PURCHASE,CRITICAL
2026-02-22T17:50:19,-8.430135060046723,136.35009751245695,UPLOAD,HIGH
2026-04-07T19:09:41,-80.18428019160272,29.9276276042647,LOGIN,HIGH
2026-08-09T02:49:27,-31.105532582778316,-7.9250990557550836,LOGOUT,HIGH
2026-03-07T03:20:44,30.005330488412824,-123.23407648205514,PURCHASE,CRITICAL
2026-08-29T18:51:21,-52.875874327785425,-13.64508452543808,LOGIN,LOW
2026-05-26T08:09:52,8.315636758004146,13.32465987807754,UPLOAD,CRITICAL
2026-08-23T00:30:30,70.92210050846504,33.02668512733945,UPLOAD,HIGH
2026-11-19T09:34:16,18.60307130577094,162.61147789447045,ERROR,CRITICAL
2026-10-09T15:37:11,-29.913571234871966,29.655857564502014,UPLOAD,HIGH
2026-05-02T18:39:32,60.51796024270314,-38.3098554875547,PURCHASE,HIGH
2026-06-17T23:44:31,-44.74417658044439,-64.28530773537854,LOGOUT,CRITICAL
2026-01-03T07:02:20,-84.56898773901942,-153.88189056014633,PURCHASE,LOW
2026-04-28T17:38:48,67.14403084008381,172.18556072843558,UPLOAD,HIGH
2026-07-12T10:32:04,6.902090056136842,-61.11585906123733,ERROR,LOW
2026-11-02T19:41:13,-77.5572317065361,31.652081975142522,ERROR,CRITICAL
2026-09-24T23:54:12,-27.603019642757296,-163.78130402433422,PURCHASE,HIGH
2026-06-25T07:36:13,78.99946829548355,89.49969810243442,UPLOAD,CRITICAL
2026-10-20T14:25:23,-48.86821019475588,-3.566683146573638,PURCHASE,LOW
2026-10-16T12:21:52,-66.9285380589545,1.2630809185234,LOGIN,LOW
2026-11-06T16:50:11,34.41461291704874,59.771287349003586,ERROR,HIGH
2026-12-16T15:29:17,37.99537096799426,118.31600717223034,ERROR,LOW
2026-04-15T19:10:53,36.1896244668274,-27.59124029098865,LOGOUT,LOW
2026-06-10T15:04:54,-72.4060563751995,58.90414317925405,LOGIN,CRITICAL
2026-07-09T06:13:10,15.732981944493318,-134.0990357944299,LOGIN,HIGH
2026-12-10T19:03:28,-41.72497404359996,-6.684672858559253,LOGOUT,HIGH
2026-05-15T02:31:52,-38.05536973053617,-115.49440012633225,UPLOAD,CRITICAL
2026-12-24T21:50:06,29.99516067888777,-107.5612891248357,LOGOUT,CRITICAL
2026-10-20T23:55:11,-18.069735704515438,67.41572740436118,UPLOAD,HIGH
2026-12-24T10:59:36,-73.74424299072516,-52.17952605471122,LOGIN,HIGH
2026-12-19T08:21:57,69.21215914508011,7.584712928483583,UPLOAD,LOW
2026-05-15T23:10:42,-25.456703948312935,-11.485430601744469,PURCHASE,HIGH
2026-11-21T14:41:38,-15.14162151573791,-30.095964751077418,ERROR,HIGH
2026-08-06T08:34:35,87.43746388560592,140.93515000153934,LOGIN,CRITICAL
2026-04-04T00:25:51,-14.295997111797476,88.65680669273428,ERROR,HIGH
2026-06-08T04:36:39,25.060798842811423,-57.01135691461913,PURCHASE,HIGH
2026-02-16T09:03:41,35.208436954004455,-138.03584254605545,LOGIN,LOW
2026-03-22T09:50:52,15.662230254410332,-30.482600075781306,LOGOUT,LOW
2026-02-21T03:31:20,-43.056161678330156,-46.27794671655991,LOGIN,CRITICAL
2026-02-27T16:57:56,-22.825299120792963,38.516935597901835,LOGIN,CRITICAL
2026-02-19T23:11:28,-75.3256452770296,-127.68323785926351,ERROR,CRITICAL
2026-06-25T04:05:09,62.21965277965086,141.11325675458028,UPLOAD,CRITICAL
2026-12-07T17:32:43,-20.19010764098094,-5.009731954033981,PURCHASE,CRITICAL
2026-07-07T02:05:40,12.792312768545514,117.81981425500209,UPLOAD,HIGH
2026-10-15T04:52:47,-54.324553345520556,25.79526657572893,LOGOUT,LOW
2026-05-15T22:58:36,-60.83346002519942,45.71080966548686,PURCHASE,CRITICAL
2026-03-21T13:29:12,-20.03738937730617,135.01924976021144,LOGOUT,LOW
2026-10-23T21:35:18,-27.441966336469,22.823562200657193,LOGIN,HIGH
2026-04-08T06:16:00,-66.0335179991207,-178.44321922313483,LOGIN,LOW
2026-07-07T10:52:27,-39.31785365219435,31.107621565589,LOGIN,LOW
2026-07-09T11:09:41,-19.7184416898794,170.289572170756,UPLOAD,LOW
2026-08-10T15:00:42,58.58916052008951,130.41311258889004,LOGOUT,HIGH
2026-09-22T22:19:41,27.28540691030227,121.26774839087977,PURCHASE,CRITICAL
2026-05-15T08:00:28,-49.28000385899317,-40.20964174274238,ERROR,LOW
2026-03-09T11:43:00,-55.32332895567452,-31.237912268320287,PURCHASE,HIGH
2026-07-02T16:54:39,-52.9046823426248,85.28668379040653,ERROR,HIGH
2026-05-26T03:15:42,-19.513280304808077,83.30781149982857,LOGOUT,CRITICAL
2026-07-22T06:33:19,-34.31015682168469,-156.64169579243529,PURCHASE,LOW
2026-11-22T11:37:12,85.38172384938858,-167.27949710077294,LOGOUT,HIGH
2026-03-20T22:19:43,-86.67608827918556,90.86299036358264,PURCHASE,CRITICAL
2026-03-09T14:52:00,37.70069867378518,-70.34184909347883,ERROR,LOW
2026-10-18T13:15:36,52.8845576828561,-134.1630926276457,LOGOUT,HIGH
2026-11-22T20:32:19,-15.631592165265644,-138.26308011677742,UPLOAD,CRITICAL
2026-10-20T08:33:55,-62.77556104722618,167.52303486630717,UPLOAD,LOW
2026-09-24T16:48:33,61.75233242860543,128.50111973837073,UPLOAD,HIGH
2026-07-16T08:18:28,29.91537449728156,-31.29163214586609,LOGOUT,CRITICAL
2026-01-27T01:29:09,11.192756744260691,-108.04653815439141,LOGIN,CRITICAL
2026-02-09T23:47:38,-73.10029195208082,154.84236314064646,UPLOAD,LOW
2026-07-01T05:19:56,-2.8032050793589747,37.042704007083216,LOGOUT,CRITICAL
2026-06-01T23:14:43,-13.698224654132133,-38.432176096196,ERROR,CRITICAL
2026-10-07T15:16:40,78.93223815412657,-70.6613334055387,LOGOUT,CRITICAL
2026-01-29T14:21:11,27.007923307473902,-122.98845537683009,PURCHASE,CRITICAL
2026-07-20T04:04:38,-39.62140470347021,-176.3384676776969,LOGOUT,CRITICAL
2026-07-10T19:34:47,19.999894267802716,78.16515015283022,UPLOAD,HIGH
2026-01-12T23:41:37,59.86853495601321,-3.3955683556070824,LOGOUT,HIGH
2026-09-03T19:26:43,33.92912623009359,59.86608108293851,LOGIN,CRITICAL
2026-03-20T00:14:04,-62.04592683994111,-89.66393868423857,PURCHASE,LOW
2026-11-25T07:55:25,34.0692800333982,163.0274955028192,PURCHASE,HIGH
2026-06-25T09:28:38,59.484120589985395,29.53708549804537,PURCHASE,LOW
2026-11-12T20:25:36,55.12286714538905,102.12221073634447,LOGOUT,LOW
2026-05-24T08:45:39,-17.494497073899666,-16.281068921375237,LOGIN,HIGH
2026-11-03T16:24:37,-77.9293887120165,72.36318252179376,ERROR,HIGH
2026-02-28T22:31:52,-38.87302478508096,127.55388903715249,PURCHASE,CRITICAL
2026-08-23T10:15:44,-76.9951841973549,-52.005596923899034,UPLOAD,CRITICAL
2026-04-03T09:56:14,1.382121521989177,143.80595550633512,LOGIN,CRITICAL
2026-01-29T16:12:39,-30.95889581930109,-80.44663778426887,ERROR,HIGH
2026-07-12T21:07:46,-15.541935054328945,26.763913274789672,LOGOUT,HIGH
2026-10-09T21:42:52,-74.71831609697841,128.56262420667377,ERROR,HIGH
2026-11-22T21:23:53,-27.651793772131995,2.9318151235683274,LOGOUT,LOW
2026-10-01T01:43:26,80.40262404748913,90.31458392159982,LOGIN,CRITICAL
2026-09-12T13:48:54,-30.99788637326062,-83.19831032278803,UPLOAD,CRITICAL
2026-11-13T08:40:05,-85.73437049920366,128.67048281816176,LOGOUT,CRITICAL
2026-04-29T10:04:19,11.14180888275294,-85.12546175014651,PURCHASE,LOW
2026-09-18T13:16:07,63.44229351015784,113.18325588233074,PURCHASE,HIGH
2026-07-06T12:19:42,60.0580378292633,175.230784023855,ERROR,LOW
2026-10-08T07:56:28,68.6539094357816,150.6805064919556,UPLOAD,HIGH
2026-05-14T07:25:37,22.560108759913987,-174.07592088207784,LOGIN,CRITICAL
2026-12-14T12:04:26,14.871699460944171,-147.45457551570058,PURCHASE,CRITICAL
2026-05-15T15:16:50,39.647330582516105,88.13314616453636,UPLOAD,LOW
2026-02-25T00:14:46,80.29614223161093,23.15549888393093,PURCHASE,CRITICAL
2026-10-21T20:09:44,-56.11151032855972,110.54395083707124,LOGIN,CRITICAL
2026-10-30T23:57:56,-38.74014380832868,-124.47565652905121,ERROR,LOW
2026-06-11T04:43:03,-21.08491197903726,22.29146569222536,PURCHASE,CRITICAL
2026-03-31T05:20:16,-16.242732210600536,73.97036665066366,ERROR,CRITICAL
2026-01-17T03:37:46,89.14426124460829,-22.197274797466605,LOGIN,CRITICAL
2026-02-24T07:32:23,-84.76779891231187,128.84985808391764,LOGOUT,CRITICAL
2026-10-04T11:54:46,-51.36045963239297,158.33467004960573,LOGIN,LOW
2026-03-03T08:08:18,-87.94681894404209,148.6643115283734,UPLOAD,HIGH
2026-06-03T19:09:19,63.43688984075513,-25.700267014946206,LOGOUT,HIGH
2026-03-05T15:34:55,79.96645825461576,-108.23721175735818,ERROR,LOW
2026-04-25T15:49:06,49.38206199586202,1.1833536666926818,ERROR,HIGH
2026-06-13T07:35:59,-3.057639150522405,-14.399772654357093,LOGIN,CRITICAL
2026-09-02T06:01:13,35.373500886945905,-54.89753256717721,PURCHASE,HIGH
2026-11-09T20:04:22,-38.33957231775807,130.31432796079594,LOGOUT,CRITICAL
2026-06-08T11:11:36,-1.9586610339811727,-167.77177874481058,PURCHASE,HIGH
2026-11-14T22:50:36,-8.8935517056225,36.37319302436666,LOGIN,HIGH
2026-04-08T13:53:25,40.644568111439185,-177.9704674145305,PURCHASE,HIGH
2026-06-15T07:52:39,70.967800609434,55.36887699190376,ERROR,CRITICAL
2026-04-04T15:05:31,39.3627150281865,-161.97183048859856,PURCHASE,CRITICAL
2026-07-15T04:41:56,-12.824095218748084,-135.17569794559486,LOGOUT,HIGH
2026-03-24T11:12:02,86.58367855111902,-130.82456508025223,UPLOAD,LOW
2026-06-14T01:15:18,61.041640183296664,-28.9536681324187,PURCHASE,HIGH
2026-07-12T08:52:59,49.92391550176143,142.0510260577002,LOGIN,CRITICAL
2026-05-08T07:07:25,2.8225073912351633,-69.89218439842358,LOGIN,HIGH
2026-05-30T22:45:47,-68.01296599390429,-66.42584339512354,ERROR,CRITICAL
2026-01-06T01:07:56,-82.64064472464048,-154.6777557589757,UPLOAD,CRITICAL
2026-01-22T14:11:18,83.91169115911902,153.07789037057734,ERROR,LOW
2026-07-21T13:55:15,1.1642248099537795,-64.71863707342793,ERROR,HIGH
2026-12-23T09:20:56,46.489738729871135,-96.55468682133042,PURCHASE,CRITICAL
2026-07-12T16:25:25,-39.049695999010744,124.03776455431097,UPLOAD,LOW
2026-11-15T13:34:31,13.272749889797836,168.9900363361523,UPLOAD,CRITICAL
2026-04-18T07:15:01,-71.16578818917117,-141.3674902411122,UPLOAD,HIGH
2026-08-12T09:37:43,-21.96664609308577,-155.63391872850596,LOGOUT,LOW
2026-02-12T09:54:56,-53.79698848254819,-175.22196020144966,PURCHASE,LOW
2026-12-29T03:39:58,28.8531775584931,49.46438469829317,LOGOUT,HIGH
2026-09-02T18:26:13,-77.8024840456126,-148.8288421337976,UPLOAD,CRITICAL
2026-01-17T06:03:59,-54.662593930771216,-52.785807427622885,PURCHASE,CRITICAL
2026-01-06T14:13:20,14.008228576818354,-120.2212357650746,UPLOAD,HIGH
2026-01-25T11:42:00,58.6244834412592,-67.13512149976098,ERROR,CRITICAL
2026-08-31T16:04:28,42.89952566980065,32.26580778573833,LOGOUT,LOW
2026-04-06T21:17:54,10.407973510052685,75.49579770234948,ERROR,HIGH
2026-06-01T03:30:12,63.46513075707159,-166.94145085105296,ERROR,LOW
2026-11-23T19:45:09,41.02431248311609,27.805900109191043,PURCHASE,LOW
2026-12-14T06:57:20,-53.63774731309759,161.6354025849799,PURCHASE,LOW
2026-09-09T12:40:54,-51.75855978167428,40.28186242668497,ERROR,CRITICAL
2026-03-26T14:40:19,6.075558088752544,-76.76275860912524,LOGOUT,LOW
2026-07-25T01:45:31,-72.01443737822757,-109.2409593858709,LOGOUT,LOW
2026-09-26T04:40:53,46.12093480173786,59.22334725879338,UPLOAD,CRITICAL
2026-11-15T01:07:09,-9.411120809496083,-176.93154972098924,ERROR,HIGH
2026-04-05T02:55:12,1.7638919504876327,135.8847051977317,ERROR,LOW
2026-05-16T05:56:02,78.01287036839955,21.326560592235182,UPLOAD,HIGH
2026-02-15T12:34:02,-49.956842659508204,116.96514809253745,LOGIN,LOW
2026-11-12T14:59:15,-5.4172850274752165,-30.61391010632414,PURCHASE,HIGH
2026-11-19T00:46:54,-9.16625296266001,123.19777729239348,ERROR,LOW
2026-08-19T06:22:28,-65.41286187055042,73.56434793475717,UPLOAD,CRITICAL
2026-08-24T15:33:15,-65.74072601360768,-167.9870003845848,LOGOUT,LOW
2026-12-25T00:25:35,-61.90461221695024,169.2444195875803,ERROR,HIGH
2026-11-09T04:12:42,-11.186396415778319,-167.94127547213577,UPLOAD,CRITICAL
2026-10-20T04:53:25,73.46635962594996,-94.2382478367746,LOGIN,LOW
2026-06-12T04:44:24,-87.66727694829665,-22.35377270006248,UPLOAD,HIGH
2026-02-13T00:23:50,17.034026659611257,51.62684307328735,PURCHASE,CRITICAL
2026-07-03T08:44:48,29.230243021151324,-117.0117374056442,PURCHASE,HIGH
2026-10-19T12:33:29,68.48003017723752,-156.90803328034704,ERROR,HIGH
2026-08-12T18:27:27,61.47497187970046,-8.415044685533957,PURCHASE,CRITICAL
2026-05-22T03:57:25,-72.94595357038733,88.23622846084066,PURCHASE,LOW
2026-06-25T18:36:29,-25.848148183575702,-116.02868908673625,ERROR,CRITICAL
2026-04-27T16:22:54,85.06113965226086,-73.0184206064626,UPLOAD,CRITICAL
2026-02-26T18:50:14,86.9576747275326,-63.66999290720722,ERROR,CRITICAL
2026-11-24T15:14:10,80.66532469271024,26.44018909462426,LOGIN,CRITICAL
2026-02-13T16:35:36,56.946956617479174,-48.491884906735805,LOGIN,LOW
2026-11-15T01:01:25,-69.80091112374234,84.89280429334207,ERROR,LOW
2026-11-02T18:36:03,-48.1997780664243,131.25638011064223,LOGIN,HIGH
2026-06-28T15:01:01,-12.991506966703767,84.9702879143174,ERROR,LOW
2026-09-10T01:12:22,-23.711521544670887,57.96675167184185,UPLOAD,LOW
2026-08-25T07:49:00,8.027304682204488,1.4417483261508437,LOGOUT,LOW
2026-11-30T18:56:37,14.92067575604537,-86.69632199249828,PURCHASE,CRITICAL
2026-01-24T12:12:11,-58.05405678829261,-5.4475656508372765,UPLOAD,HIGH
2026-01-21T01:08:21,-45.24766187434511,45.21787395857481,PURCHASE,HIGH
2026-03-20T17:46:18,33.86710959217011,127.47969533774813,UPLOAD,CRITICAL
2026-02-28T12:54:15,-46.04222689481381,44.52047459605899,PURCHASE,LOW
2026-04-19T07:30:11,48.475217951716445,-17.254687999973072,PURCHASE,LOW
2026-05-04T00:43:08,65.44357566918166,134.564300189969,ERROR,CRITICAL
2026-12-31T12:04:46,81.48478250827065,-131.94835852925289,LOGOUT,CRITICAL
2026-07-31T05:39:51,-88.63987350240552,50.34103507482044,LOGOUT,HIGH
2026-09-21T00:16:12,43.01741016875283,146.87891403081858,ERROR,LOW
2026-05-27T14:53:28,-70.18169447990762,9.120505072763422,ERROR,LOW
2026-10-05T18:40:26,77.34112369897667,4.0496042917580155,ERROR,CRITICAL
2026-12-30T07:43:28,-6.715252305977003,84.90115084005458,ERROR,HIGH
2026-10-08T22:00:31,54.97789690178172,162.96286017608833,LOGOUT,CRITICAL
2026-07-02T07:03:33,-85.57461770146195,66.43074155109616,PURCHASE,CRITICAL
2026-04-19T09:29:10,-5.474913560986906,92.67279028746594,LOGOUT,HIGH
2026-07-24T12:21:20,-72.72310642344081,176.71570980856666,LOGOUT,LOW
2026-11-06T08:09:20,19.927823453419364,-115.61288401033401,UPLOAD,HIGH
2026-02-05T01:26:13,48.94077765161842,76.5809001526556,LOGOUT,CRITICAL
2026-03-28T13:46:01,-64.89037355872121,91.32042654599525,LOGIN,HIGH
2026-03-14T00:19:51,-27.266838972884912,66.67311943110514,PURCHASE,CRITICAL
2026-02-06T19:32:10,74.0584804886879,-50.20891890788917,PURCHASE,HIGH
2026-04-19T01:03:22,-78.40364521893682,14.096262608839652,LOGOUT,HIGH
2026-07-29T05:43:16,71.55737560518591,139.61411544743504,LOGOUT,LOW
2026-04-12T11:17:44,47.848067437470206,-161.58025443110992,LOGOUT,HIGH
2026-06-06T06:03:11,-49.5615617555513,-106.91088821255853,LOGOUT,CRITICAL
2026-02-28T12:16:37,-12.40335058069364,-111.31775112824104,PURCHASE,CRITICAL
2026-01-04T12:33:11,-34.49669482489149,-19.160211021856213,UPLOAD,HIGH
2026-05-20T22:08:29,-10.254809125906903,-26.412361724714856,UPLOAD,CRITICAL
2026-10-05T05:01:24,-11.396471874684082,-129.85858057993454,LOGOUT,LOW
2026-10-30T17:06:00,43.04606007692303,-47.99302859987526,UPLOAD,HIGH
2026-03-09T00:55:35,63.078123012043875,-33.19811428636095,UPLOAD,HIGH
2026-05-30T21:10:18,-37.40901058260494,45.038460759205634,PURCHASE,HIGH
2026-05-31T03:23:09,-80.90300423398575,64.83000717004055,UPLOAD,LOW
2026-03-23T21:44:06,-86.3487510100636,-118.80054692645531,PURCHASE,CRITICAL
2026-06-20T15:09:08,-58.12319641024063,35.274572409039365,PURCHASE,HIGH
2026-07-01T07:10:39,77.92354686201998,59.176679528121866,ERROR,LOW
2026-01-31T07:19:50,-18.60737281721586,-92.12868417858594,UPLOAD,HIGH
2026-05-31T11:14:53,-82.46153474924711,-11.127790087677113,ERROR,LOW
2026-07-19T16:13:14,48.50779565103852,-95.17804756696856,LOGOUT,CRITICAL
2026-12-12T20:31:45,-17.059385358636405,39.11943389234341,UPLOAD,HIGH
2026-11-01T01:03:31,69.52988460770439,-0.14050140035476488,UPLOAD,LOW
2026-09-03T07:45:46,-73.74512077898312,110.52518874068801,LOGOUT,HIGH
2026-11-28T08:42:44,27.359620536309436,-99.87492301284418,LOGIN,LOW
2026-02-06T21:37:31,-79.00864445865655,162.26981437416748,LOGIN,HIGH
2026-06-10T00:34:17,-47.72367225327628,-44.87564090377228,LOGOUT,LOW
2026-07-23T13:32:21,-40.65812270857421,121.35087486010309,PURCHASE,LOW
2026-04-23T15:58:04,45.02347603797091,12.031857586189716,PURCHASE,HIGH
2026-08-27T23:12:40,74.48185702232863,127.27315919455555,ERROR,LOW
2026-03-05T05:47:27,71.1116126439623,-53.28168222797724,LOGIN,CRITICAL
2026-01-01T17:04:59,2.061020554570632,9.73753298607636,LOGIN,LOW
2026-05-29T14:33:14,41.60058034090113,98.68945978020076,LOGIN,CRITICAL
2026-09-14T06:00:31,52.268714091361716,-114.24379831649497,ERROR,LOW
2026-04-26T00:43:49,-14.60897783633466,-173.66850711873752,LOGIN,HIGH
2026-04-12T16:35:16,20.24697079376905,-59.21983516417009,UPLOAD,CRITICAL
2026-08-31T10:31:15,-70.92858609838368,116.21753021225362,ERROR,LOW
2026-12-17T02:49:07,-33.79255689723694,-153.86710087071825,LOGIN,HIGH
2026-06-01T00:27:07,22.767568442889797,16.448012560345916,PURCHASE,HIGH
2026-07-02T18:40:01,67.25526844995181,-100.49440603395406,LOGOUT,LOW
2026-06-17T05:14:08,-27.153749241858,134.94666206815805,PURCHASE,LOW
2026-12-15T07:48:19,-51.93731666092846,8.939460858738215,LOGOUT,HIGH
2026-04-14T08:00:54,43.65644027116815,124.96958122227403,LOGIN,HIGH
2026-01-30T14:50:14,54.04551932350441,51.20607624204234,LOGIN,CRITICAL
2026-06-30T05:18:13,46.07090302464778,41.956176949229246,PURCHASE,LOW
2026-03-07T14:32:54,-46.10108078256114,57.16067976647906,PURCHASE,CRITICAL
2026-12-28T05:27:14,44.82523400692372,122.59207273448442,ERROR,HIGH
2026-02-06T14:48:30,-44.5353307026633,-57.66548153583268,LOGOUT,CRITICAL
2026-03-19T08:40:59,49.71658156790275,-0.13824705015596805,LOGIN,HIGH
2026-06-26T17:40:05,13.483980721713237,-65.95581912652084,PURCHASE,CRITICAL
2026-11-11T17:16:24,-78.12221265787761,22.646437666413675,UPLOAD,CRITICAL
2026-03-06T09:41:19,-37.31277722363369,93.03726530400161,LOGOUT,LOW
2026-01-03T05:56:04,57.724147147987026,-115.23502839541207,UPLOAD,LOW
2026-05-19T11:10:27,51.504910272684555,-114.84086292146806,UPLOAD,CRITICAL
2026-11-30T19:21:46,89.89341529020473,-52.482550070218636,LOGIN,HIGH
2026-12-06T00:23:07,-19.354316602961845,-178.70924559778462,LOGOUT,HIGH
2026-08-24T20:14:05,-12.579977140396693,-59.70081219561554,LOGIN,HIGH
2026-10-22T20:39:46,-79.73174284472492,85.20112903468532,LOGOUT,HIGH
2026-10-19T04:58:29,75.24697011728387,-157.19207910145693,UPLOAD,HIGH
2026-04-03T16:00:15,-80.24814885503298,114.60086961922963,LOGOUT,HIGH
2026-01-18T19:08:35,43.536437571197155,-119.38085455384991,PURCHASE,CRITICAL
2026-06-04T08:20:45,56.53508683556868,103.7977766271137,LOGOUT,CRITICAL
2026-03-31T11:03:11,1.0490977231480514,-78.58278225028805,LOGIN,CRITICAL
2026-11-23T03:23:08,-48.24566403977846,51.24906257893488,PURCHASE,HIGH
2026-03-23T17:52:41,17.30235312227724,33.07356101100282,LOGOUT,CRITICAL
2026-08-07T07:32:45,46.35270553935493,85.45583776262578,LOGIN,LOW
2026-03-29T06:57:26,87.36115831683637,8.185268848533013,PURCHASE,LOW
2026-04-22T15:31:42,10.192520872232649,55.92983878020283,LOGOUT,CRITICAL
2026-09-09T23:42:57,-81.57458668379769,-65.04358789049262,LOGIN,HIGH
2026-01-23T05:23:10,45.71079588962539,-81.94248335475191,UPLOAD,HIGH
2026-09-14T15:01:03,-70.9546257538767,30.43848849820668,PURCHASE,LOW
2026-08-05T08:29:24,-67.45368105147065,-103.89467829477192,ERROR,LOW
2026-02-10T16:33:07,-79.31630201211557,-161.28511865445302,PURCHASE,HIGH
2026-04-10T20:51:49,-5.306348778085308,68.71408912048946,UPLOAD,LOW
2026-09-26T16:10:59,-77.08996679708515,-135.04529584651414,PURCHASE,CRITICAL
2026-01-04T20:08:31,-84.67871698682254,75.6090829687717,PURCHASE,HIGH
2026-07-25T00:08:08,32.32821047410074,1.4849585861720982,PURCHASE,CRITICAL
2026-06-03T20:10:50,-30.68029670895995,156.0353059711665,LOGOUT,HIGH
2026-04-25T02:08:52,50.53194381344744,35.59518379129324,ERROR,HIGH
2026-01-02T21:47:01,-10.353000727906135,-101.1161057520442,ERROR,CRITICAL
2026-01-23T13:04:27,48.14768934691847,126.432479600553,ERROR,HIGH
2026-02-10T05:02:02,-63.363642087560855,20.99840311724367,UPLOAD,LOW
2026-03-16T22:31:23,-11.455844096716945,33.916340439424886,UPLOAD,CRITICAL
2026-03-01T17:59:25,-25.993767893054226,128.73162960852045,UPLOAD,CRITICAL
2026-08-16T10:28:11,22.526979377620393,-178.2910297050401,LOGOUT,CRITICAL
2026-04-06T22:49:40,49.268678469231816,-137.8919861854958,LOGIN,LOW
2026-06-03T18:16:36,19.38607438912922,75.07857440635041,ERROR,HIGH
2026-05-26T00:58:10,-66.1682447478968,150.4912200197665,ERROR,CRITICAL
2026-04-23T11:54:41,80.48669219468175,156.71566321309734,LOGOUT,CRITICAL
2026-10-15T14:34:06,-72.24351423290622,-109.33251392738656,ERROR,CRITICAL
2026-01-27T23:45:50,-7.212014371769101,-126.19091947238938,UPLOAD,LOW
2026-04-07T12:07:38,-29.10545435593402,-4.505501249652156,PURCHASE,LOW
2026-08-25T19:52:47,59.393538074595654,160.8522852171318,LOGOUT,CRITICAL
2026-03-27T12:32:21,-87.94366942603357,164.27464473756135,PURCHASE,LOW
2026-08-21T18:57:29,-23.994910237067415,86.57898911347434,ERROR,LOW
2026-07-22T16:38:03,27.623411541535106,173.4064498876134,LOGOUT,LOW
2026-08-22T01:13:34,55.04295975412222,121.20568728801544,LOGOUT,HIGH
2026-10-01T17:21:42,65.71372796174239,-146.52283407545536,PURCHASE,CRITICAL
2026-11-11T10:45:52,18.433904558348203,120.8763046497915,PURCHASE,HIGH
2026-05-08T18:54:15,-40.97977272456499,-3.8001102759400567,ERROR,HIGH
2026-01-15T08:18:52,-40.417300038388404,31.846921615266496,UPLOAD,LOW
2026-08-12T15:59:47,86.92749258176968,-14.82444977578973,LOGIN,CRITICAL
2026-05-01T09:41:25,-24.373083352159668,105.06839379794377,PURCHASE,CRITICAL
2026-07-06T03:09:53,80.24542868978943,-96.11482605743701,ERROR,LOW
2026-10-30T20:13:05,77.30342973498577,58.796484412293296,PURCHASE,LOW
2026-05-14T06:08:19,-5.374443851359857,147.06852408443478,ERROR,CRITICAL
2026-12-18T01:18:58,62.80529701168987,29.0005912986812,LOGIN,CRITICAL
2026-12-03T00:36:03,44.2472863467942,-74.39834168755355,LOGIN,CRITICAL
2026-09-19T22:07:39,-0.5556907210671369,138.11640316961484,ERROR,CRITICAL
2026-09-06T05:05:50,-39.97551590000627,-102.75228104434224,ERROR,CRITICAL
2026-12-21T03:35:40,-60.92152725964017,-142.53320691568143,UPLOAD,CRITICAL
2026-11-04T23:13:08,1.1249619881568407,58.2319954291909,LOGIN,CRITICAL
2026-10-07T04:43:00,-13.618198845388278,152.35099172161836,UPLOAD,LOW
2026-05-31T09:01:02,-32.350556767477805,-13.46620958169001,LOGOUT,HIGH
2026-04-07T00:30:34,-34.523495753291606,-154.74803982125746,LOGIN,HIGH
2026-07-28T22:47:26,64.62207734381002,-21.72466457767564,UPLOAD,CRITICAL
2026-06-12T22:45:44,-9.134321898609201,148.64763229888314,LOGOUT,HIGH
2026-05-08T06:18:32,55.65904025637343,69.926026296114,UPLOAD,LOW
2026-08-03T20:27:01,84.38382600130672,122.76594785803235,UPLOAD,LOW
2026-03-06T13:31:42,62.90931275708914,92.93036313650356,UPLOAD,CRITICAL
2026-11-26T06:40:38,6.125040885809156,-47.868657646725836,LOGOUT,HIGH
2026-08-13T06:14:35,81.95101887940362,29.699987940738083,UPLOAD,HIGH
2026-01-11T00:46:51,24.871658201285257,-74.80676087758388,PURCHASE,CRITICAL
2026-08-06T13:59:43,50.10962873885197,135.24041274523398,LOGOUT,HIGH
2026-10-05T00:05:07,-49.15624908277317,74.21661560333007,PURCHASE,LOW
2026-06-26T23:44:26,71.85622852250111,-106.8473460925199,UPLOAD,HIGH
2026-05-24T01:49:50,11.787378435140184,169.53941567128027,LOGIN,HIGH
2026-11-16T01:41:05,-67.81366766737929,90.4953734875566,PURCHASE,HIGH
2026-08-01T14:28:44,37.797547176136675,125.06215568164072,PURCHASE,CRITICAL
2026-04-29T14:46:27,-89.59202259138205,-158.7204594263091,PURCHASE,LOW
2026-11-01T14:36:52,-9.978712897550452,-32.292908607059275,LOGOUT,LOW
2026-10-28T16:18:13,65.06135030890664,-135.70656613759837,ERROR,HIGH
2026-10-29T04:12:01,-82.73695960629034,96.74317804773432,UPLOAD,HIGH
2026-03-03T17:07:11,15.176210060733084,8.659661312478363,LOGOUT,LOW
2026-10-12T15:50:08,11.126898010033798,58.22032632988095,PURCHASE,CRITICAL
2026-11-04T14:14:52,-35.00926339852525,-16.757237817234,LOGOUT,CRITICAL
2026-04-14T20:08:34,-43.44783783644374,31.928532540987447,ERROR,CRITICAL
2026-11-16T13:21:42,43.35327467216115,-126.28731368030157,PURCHASE,LOW
2026-11-06T12:13:35,63.4853428272439,151.09216939479722,ERROR,CRITICAL
2026-03-17T16:39:26,56.24060343197414,-33.16843638431226,PURCHASE,HIGH
2026-06-22T23:00:48,41.897526302462296,-48.15892202300961,ERROR,CRITICAL
2026-09-30T17:24:39,86.1073582560096,60.11859825484811,LOGOUT,CRITICAL
2026-07-08T02:08:33,73.761520475498,147.69309834794518,PURCHASE,LOW
2026-08-16T22:56:58,44.07409165244124,-128.5649290110302,UPLOAD,LOW
2026-11-06T04:08:30,-12.570429110703259,110.37037028672898,ERROR,LOW
2026-08-05T19:13:23,-31.71373907396859,77.2975232040045,LOGIN,CRITICAL
2026-02-11T11:37:08,-4.416499494719233,154.21918422567626,LOGIN,HIGH
2026-01-24T19:03:16,83.3422944430292,-123.19006915338386,ERROR,LOW
2026-01-19T03:39:40,-37.166915522775405,-107.6478653837982,LOGIN,HIGH
2026-09-22T21:25:18,-18.567757067009552,-2.08700681220472,PURCHASE,LOW
2026-07-06T12:41:26,49.75398212625825,-179.78479983199634,LOGIN,LOW
2026-12-09T06:44:40,-9.381502690780351,177.4375347374741,ERROR,LOW
2026-06-20T12:30:31,-12.604594392043808,86.86411667387637,PURCHASE,LOW
2026-06-09T09:31:47,67.20227050346352,93.98724665065527,LOGOUT,CRITICAL
2026-06-28T01:42:30,-61.68885124843887,79.45203228813568,LOGIN,CRITICAL
2026-04-25T05:17:54,-52.08133956708202,17.192891735336417,LOGIN,HIGH
2026-12-19T19:20:29,39.47213138115714,-13.732200986518421,LOGOUT,LOW
2026-11-26T09:40:04,69.08889024639552,-167.52759090228997,PURCHASE,HIGH
2026-04-06T18:14:33,81.1359014580791,-37.34397865440059,LOGOUT,CRITICAL
2026-01-26T22:06:45,-32.657881588864946,-68.76697630867281,ERROR,HIGH
2026-12-11T00:09:44,-3.151400963217611,-59.233154425956215,LOGIN,HIGH
2026-05-30T02:40:27,55.24179849126014,175.97856909691393,UPLOAD,LOW
2026-09-11T17:51:54,-81.93542403899431,-106.50081726237175,UPLOAD,LOW
2026-06-01T18:20:32,34.866846229497554,-141.3002238027894,PURCHASE,LOW
2026-09-15T12:45:35,56.36543179497852,-38.56643492204634,LOGIN,LOW
2026-04-10T22:49:41,-84.68789215175144,44.57977260280529,ERROR,LOW
2026-02-06T08:23:03,65.72474527591385,-124.29758693675183,LOGIN,CRITICAL
2026-06-17T18:09:20,-20.90196341999274,-23.246331616191867,PURCHASE,HIGH
2026-09-12T18:12:56,-89.23416988270037,-95.64777802737008,LOGOUT,HIGH
2026-03-02T21:13:23,22.897782287703933,54.69451487817582,ERROR,CRITICAL
2026-04-18T18:52:09,-50.17416313075121,-99.48111077801076,LOGOUT,CRITICAL
2026-10-17T11:45:46,-11.8195229438858,-153.61969256482828,UPLOAD,CRITICAL
2026-01-05T16:05:44,-24.175254704626695,140.20820367635412,LOGOUT,CRITICAL
2026-01-13T10:28:07,81.64283797090974,-16.88975423003373,LOGOUT,LOW
2026-03-28T19:53:53,-21.930485519483824,110.3239411092506,UPLOAD,CRITICAL
2026-08-06T12:25:35,-20.727087606562293,-51.516680720378105,PURCHASE,LOW
2026-06-08T17:56:13,-70.16156362925085,-137.10868290914556,ERROR,LOW
2026-10-13T11:22:43,-27.399491073139416,-48.45724945187678,ERROR,LOW
2026-05-22T10:18:41,83.5235501248329,-123.68177097855502,PURCHASE,LOW
2026-08-07T07:25:25,-18.2740180515612,-2.6236888750336504,PURCHASE,HIGH
2026-02-05T23:11:11,-67.1926741373596,-111.25736382810614,UPLOAD,CRITICAL
2026-11-22T04:51:50,63.15579633501795,71.51711103781005,UPLOAD,HIGH
2026-09-12T16:30:09,-58.799721390754364,156.12011428525255,UPLOAD,HIGH
2026-08-20T17:39:46,-62.915559132649875,-36.299516791527736,PURCHASE,HIGH
2026-01-10T16:36:12,-83.70147132189855,53.33657702320116,PURCHASE,CRITICAL
2026-05-15T07:26:53,-78.67645065548416,-148.53870083596786,UPLOAD,HIGH
2026-09-27T19:53:09,81.3818872375912,-152.79974287927388,UPLOAD,LOW
2026-07-04T07:47:50,67.94903601539676,-89.8329450810986,PURCHASE,LOW
2026-01-26T23:42:42,60.31997052033506,-117.84302619425,LOGOUT,HIGH
2026-10-25T04:28:19,66.29434336134835,110.60449326428335,PURCHASE,CRITICAL
2026-09-09T00:33:54,-86.41909047643227,-156.19055193075212,ERROR,HIGH
2026-09-25T01:59:38,-61.28935158133708,-108.95050154886933,PURCHASE,HIGH
2026-10-24T10:25:04,-73.9476624771357,-80.1966020020281,ERROR,LOW
2026-05-05T05:09:31,-63.23454075357681,71.9685301902264,ERROR,HIGH
2026-04-07T09:57:39,-62.789689852048355,-129.190544144047,PURCHASE,HIGH
2026-01-16T04:40:54,43.463163538064265,3.620867089338276,LOGIN,LOW
2026-04-15T18:27:12,5.044586989118656,-141.06942817258422,UPLOAD,CRITICAL
2026-06-21T22:31:43,-76.98569170552315,21.013215427755313,PURCHASE,LOW
2026-10-28T17:52:26,61.21279552579048,36.39267024919252,PURCHASE,LOW
2026-06-23T18:25:03,48.24973868106977,161.42459294747317,UPLOAD,CRITICAL
2026-10-24T19:52:37,75.11655208182196,53.23739842971071,LOGIN,LOW
2026-12-14T06:56:07,-17.667003327915396,-140.41236389046855,UPLOAD,LOW
2026-01-04T05:13:51,41.009075511670886,7.6304309562134165,LOGIN,HIGH
2026-07-20T00:00:31,7.5311719265366435,33.39716508156897,LOGIN,HIGH
2026-11-28T04:20:01,27.789202061549716,176.13070832813133,LOGIN,CRITICAL
2026-02-16T21:21:42,-41.801272609128034,-110.66752494881348,PURCHASE,CRITICAL
2026-11-22T23:20:25,-85.47080799054412,177.8288967311329,UPLOAD,CRITICAL
2026-02-13T14:46:01,35.07806859842141,141.54636843026344,PURCHASE,HIGH
2026-10-03T19:34:43,-50.155897278864906,164.59062509958562,UPLOAD,CRITICAL
2026-11-16T20:31:32,28.31242529884763,111.7291433269117,UPLOAD,CRITICAL
2026-01-15T18:31:32,24.25746137788893,166.11497937171214,LOGOUT,LOW
2026-02-07T18:05:38,-16.032215458914948,-30.657188857924695,PURCHASE,HIGH
2026-01-09T13:25:52,70.14750007299642,165.88870427827288,LOGIN,LOW
2026-12-21T09:57:22,82.0817634345415,-75.37962491766851,ERROR,HIGH
2026-11-19T03:07:41,-14.035426082906511,-87.01964429090029,UPLOAD,LOW
2026-02-27T21:04:58,37.01748939883663,80.67149089129975,PURCHASE,CRITICAL
2026-07-23T09:06:07,65.5110068189075,-37.245967687388855,LOGOUT,LOW
2026-06-27T11:53:42,57.284352075834846,-83.7085847267371,UPLOAD,CRITICAL
2026-11-01T06:00:56,61.055209990015356,30.523656342352155,PURCHASE,CRITICAL
2026-01-30T01:40:05,62.50231527529189,-40.03457932457363,UPLOAD,LOW
2026-01-01T04:32:42,-45.955539343233795,-151.54741718889971,PURCHASE,CRITICAL
2026-06-18T01:23:13,-23.500044978368706,168.70260184455998,PURCHASE,HIGH
2026-10-05T20:19:38,72.27117893775204,-136.8060285356306,ERROR,HIGH
2026-05-18T15:27:37,-1.6256428278107506,129.8235563251837,UPLOAD,CRITICAL
2026-02-07T11:55:16,-52.0052808218753,-77.25256567604507,UPLOAD,CRITICAL
2026-05-15T03:01:19,62.885637658247816,-70.84571715709927,UPLOAD,CRITICAL
2026-09-20T07:17:53,45.68428703618591,-75.34737472438593,LOGIN,HIGH
2026-04-16T02:49:39,-26.69226983857419,10.210752329401117,LOGOUT,CRITICAL
2026-10-02T08:31:16,77.77277276990574,135.90279755194706,LOGOUT,LOW
2026-10-26T14:19:31,-67.1259326304229,-98.60044681826166,ERROR,LOW
2026-04-16T07:54:54,70.802201263191,172.4348937984559,UPLOAD,HIGH
2026-05-30T17:34:08,-44.15883364584649,150.06745984469148,ERROR,LOW
2026-12-13T15:38:19,-50.83736434198747,131.90655085938982,PURCHASE,HIGH
2026-07-10T07:12:01,-44.766823070443586,15.871688595934813,LOGIN,CRITICAL
2026-10-17T16:00:58,-87.6021980955506,-63.75167229856112,UPLOAD,LOW
2026-08-12T22:22:58,-45.8279693408864,138.4244217512824,LOGIN,CRITICAL
2026-03-27T03:32:14,-23.581249052039198,48.05613259679393,PURCHASE,LOW
2026-09-20T06:31:17,25.031965712373676,5.384943715812568,PURCHASE,CRITICAL
2026-07-31T22:31:55,77.01768258057763,-135.0056310577391,LOGOUT,LOW
2026-06-18T07:18:24,20.14425925130604,-45.759651533360994,UPLOAD,LOW
2026-03-11T01:01:44,-23.317936065981343,149.5321671310424,ERROR,LOW
2026-06-28T01:22:49,-11.593606144926781,-121.23627088972717,LOGOUT,HIGH
2026-07-29T06:39:20,-47.527857162629225,110.23217396919569,ERROR,HIGH
2026-03-31T14:14:31,73.03948615325265,-135.80429381376206,LOGOUT,CRITICAL
2026-10-15T04:55:06,19.320593525984634,90.93372523638288,PURCHASE,HIGH
2026-09-04T12:35:06,88.22201523671976,120.60995550430215,LOGIN,LOW
2026-12-18T12:00:18,83.14202979964344,154.192532717324,LOGOUT,CRITICAL
2026-01-07T21:25:21,-74.17250875412778,-16.43391207629395,LOGIN,CRITICAL
2026-01-11T09:11:43,-14.310940776840255,23.05022378736885,PURCHASE,LOW
2026-02-21T20:29:32,44.80205751645144,57.79447431135307,UPLOAD,HIGH
2026-04-14T20:52:25,-8.130362628565976,99.70020451628824,LOGOUT,HIGH
2026-02-07T01:57:38,88.91653894214963,122.0182227441208,PURCHASE,CRITICAL
2026-04-06T19:29:21,21.831281134338823,-168.96572539601993,LOGOUT,LOW
2026-04-03T13:25:40,42.47208063334148,-135.46934144412063,UPLOAD,HIGH
2026-11-22T10:31:54,29.336353650053184,-26.297214121523808,ERROR,CRITICAL
2026-09-05T10:39:15,-81.01129949153656,-27.161755919975377,ERROR,CRITICAL
2026-04-10T19:29:02,-5.275028744543633,52.52386889241549,LOGOUT,LOW
2026-10-04T16:19:58,76.80917380427357,-151.38969810104152,LOGIN,HIGH
2026-01-01T14:19:26,9.234761457763668,3.3468744912460693,LOGOUT,CRITICAL
2026-07-01T20:38:25,62.313190552634296,-117.56988091810774,LOGIN,LOW
2026-09-07T11:42:14,8.326293531460905,-11.240814207753516,ERROR,CRITICAL
2026-10-20T09:51:50,-27.75736215723287,-100.19205042853845,PURCHASE,LOW
2026-02-21T17:59:04,-31.58956082080463,32.93022633605935,UPLOAD,LOW
2026-02-22T00:20:26,-42.53801492551886,-50.3699705107054,ERROR,HIGH
2026-06-25T03:44:13,48.593271171021854,-15.84431972930139,PURCHASE,HIGH
2026-06-23T04:06:04,31.401503838850985,-162.75546893963235,LOGIN,CRITICAL
2026-11-09T10:43:12,3.8098398938569744,135.8150652344449,LOGOUT,LOW
2026-02-08T18:16:24,78.42325319798891,-78.4893307873653,PURCHASE,HIGH
2026-01-14T12:46:57,-49.09062796849326,-43.75375935243389,UPLOAD,LOW
2026-08-15T04:41:42,58.87882822247215,76.14147868536702,UPLOAD,HIGH
2026-07-30T11:59:35,59.793316803795506,134.34530844676266,LOGOUT,LOW
2026-10-22T10:11:36,44.65423079764756,60.1750086451346,ERROR,HIGH
2026-12-16T14:37:00,33.85101551304594,69.09999637595837,UPLOAD,CRITICAL
2026-04-06T18:19:49,-23.66888165913791,1.0686853898647541,UPLOAD,HIGH
2026-06-23T15:01:52,45.506955574935006,-159.84802754994033,ERROR,CRITICAL
2026-09-30T11:02:13,81.39231748884924,118.5811102986251,UPLOAD,LOW
2026-07-24T08:46:04,-28.740055684428917,-132.9111824015003,LOGIN,LOW
2026-12-29T14:48:40,-32.89815011704279,-33.371156534277134,ERROR,CRITICAL
2026-09-16T07:47:00,36.73389670381779,-9.287707707740708,PURCHASE,HIGH
2026-10-17T18:26:22,87.68851041882482,52.14409174630134,UPLOAD,CRITICAL
2026-11-05T00:17:08,-77.71531035328549,177.7190970943655,UPLOAD,CRITICAL
2026-11-02T19:03:58,-11.786709735208262,78.32855633747113,LOGIN,LOW
2026-12-04T18:27:16,13.354428102092925,42.62407972449671,PURCHASE,CRITICAL
2026-05-08T09:27:25,86.06556118527914,30.879105989816907,LOGIN,LOW
2026-10-04T15:30:37,10.849529209411699,89.39610449792377,LOGOUT,LOW
2026-09-03T15:51:36,-30.20607372356975,46.93124963788139,LOGIN,CRITICAL
2026-04-20T01:06:06,-7.0872689897004335,-2.041452113765075,UPLOAD,HIGH
2026-02-23T10:53:30,-17.814892072654743,-109.18725593488396,UPLOAD,HIGH
2026-12-10T01:20:05,59.513764705913246,-74.85850158568863,UPLOAD,CRITICAL
2026-12-07T22:14:13,-1.1763569547687354,-12.684087117990629,LOGIN,CRITICAL
2026-07-05T21:43:17,9.711947089939926,47.39860337475187,LOGOUT,LOW
2026-01-18T02:02:22,9.025315115286432,52.1295988887328,LOGIN,LOW
2026-02-07T19:59:41,43.62388630206928,-115.95392747477067,ERROR,CRITICAL
2026-06-11T15:25:21,17.307107973006126,-37.759531843708885,PURCHASE,LOW
2026-05-05T23:30:02,-2.0803181960780677,31.022435743139113,LOGIN,HIGH
2026-12-03T17:24:20,14.88438619747329,91.71200777601581,LOGIN,CRITICAL
2026-09-29T13:48:24,-18.443068413772664,-144.66422000759883,LOGIN,CRITICAL
2026-07-18T13:13:33,-88.57392981438576,76.74215536907963,PURCHASE,CRITICAL
2026-09-27T18:27:15,-2.925456002071826,-113.97861794946341,LOGOUT,CRITICAL
2026-03-09T18:24:56,-2.9212516963075217,62.41948011465837,PURCHASE,CRITICAL
2026-09-26T20:22:18,16.040657256162305,-38.13211416844953,PURCHASE,CRITICAL
2026-09-14T00:28:08,-66.86844355279054,-72.93203969448496,UPLOAD,LOW
2026-11-28T11:01:04,-81.92272476126902,177.87886175751112,LOGIN,HIGH
2026-02-18T06:32:13,15.538270798733436,-124.09613439843649,PURCHASE,LOW
2026-03-11T22:06:26,27.456275962932395,131.27223080121564,PURCHASE,LOW
2026-10-22T17:10:04,79.74133806156212,-62.083208534680765,ERROR,HIGH
2026-05-25T21:54:11,31.59237936548294,64.74439899818739,ERROR,HIGH
2026-03-24T14:16:58,-44.87565962541029,79.98649510238931,LOGOUT,HIGH
2026-11-07T08:46:04,59.935824263298116,-59.469684723528616,ERROR,HIGH
2026-01-19T16:12:51,-52.772936226346765,-154.94438049743303,PURCHASE,CRITICAL
2026-09-09T06:59:50,16.25201596892326,35.73558325450199,PURCHASE,LOW
2026-07-02T15:37:44,74.24306873924249,-152.99560109796124,LOGOUT,CRITICAL
2026-01-12T14:11:08,82.00280041938899,-31.34314096926107,UPLOAD,CRITICAL
2026-01-14T16:22:16,-3.3535326151071416,-84.8878383731726,ERROR,HIGH
2026-12-11T15:04:12,37.436771365124855,-31.571162212422678,ERROR,CRITICAL
2026-04-17T00:04:18,-4.577884172789979,105.71569520299244,LOGIN,HIGH
2026-02-16T11:44:59,45.125759306787614,-118.6998153899674,LOGOUT,HIGH
2026-06-01T11:30:45,-13.824828788031965,56.316083755198775,LOGOUT,CRITICAL
2026-01-20T13:55:43,-50.755710544771716,-54.62465709015255,LOGOUT,HIGH
2026-12-28T06:25:15,88.00591150344897,150.17538760763244,PURCHASE,CRITICAL
2026-02-26T01:58:47,69.04389608825193,-62.6670924460381,ERROR,CRITICAL
2026-10-13T19:20:12,70.10165071753028,-3.7367135697834044,PURCHASE,CRITICAL
2026-01-05T02:03:12,-4.581222425957421,21.684964547584627,LOGIN,CRITICAL
2026-01-22T12:14:44,29.013541414286507,-116.69128009577777,LOGOUT,CRITICAL
2026-08-20T05:24:36,-36.443726672942915,-13.949388989735638,ERROR,HIGH
2026-10-09T23:01:03,-15.264205076921087,64.23442115968979,LOGIN,LOW
2026-09-22T00:47:52,-21.802048862947913,-86.28908709152378,UPLOAD,LOW
2026-09-12T20:47:38,-17.120929504690437,155.5328095343162,LOGIN,CRITICAL
2026-06-03T08:21:51,-58.31015262816863,166.34558983110077,ERROR,HIGH
2026-06-03T04:39:34,35.646432143899574,-87.96003997126628,UPLOAD,LOW
2026-08-15T10:35:33,-32.694602970377005,46.6370074291232,PURCHASE,HIGH
2026-12-12T03:02:31,88.58273604632697,-101.6236531765656,LOGIN,LOW
2026-09-11T04:34:25,-19.104193030645945,-39.57538744633257,LOGIN,LOW
2026-05-20T07:21:15,32.188086762276924,-40.017310580375636,LOGIN,HIGH
2026-07-18T05:26:13,-6.782298262247025,86.7480360524321,LOGIN,HIGH
2026-11-22T22:37:03,73.70965652359507,-141.08609294484455,LOGOUT,CRITICAL
2026-09-12T00:03:23,-24.48977293277831,130.87921739457732,LOGOUT,CRITICAL
2026-10-11T07:09:12,-4.244539776798746,47.445128542906104,LOGOUT,CRITICAL
2026-06-11T09:49:17,-24.319717976586986,-122.36703564388273,LOGOUT,CRITICAL
2026-05-04T01:44:55,14.534089676095846,15.885110358328546,ERROR,HIGH
2026-07-02T01:39:21,35.45515009026266,-59.52991955134917,PURCHASE,CRITICAL
2026-08-19T04:35:28,15.258676324493464,97.3075444496863,ERROR,LOW
2026-03-12T17:43:56,34.81111352001702,151.1760903735161,ERROR,CRITICAL
2026-10-25T07:42:36,18.237842377131074,-145.40432812842062,PURCHASE,CRITICAL
2026-08-02T05:55:02,-57.0454681268953,115.9532554349363,ERROR,LOW
2026-01-20T06:32:51,28.234415523057038,26.59698910283572,LOGOUT,CRITICAL
2026-11-17T13:03:08,-71.12353937189236,173.01939313358565,ERROR,CRITICAL
2026-08-11T02:45:34,-54.89355530758416,113.53349070441124,ERROR,LOW
2026-03-02T19:39:18,-78.4190593291188,-23.558818751394227,UPLOAD,CRITICAL
2026-04-22T12:13:19,-76.36636462251022,-0.10001828126124224,LOGIN,CRITICAL
2026-02-22T14:05:25,43.53292770203254,176.69726479249766,UPLOAD,HIGH
2026-03-09T02:26:29,36.06924394199784,52.613091877010646,LOGIN,CRITICAL
2026-08-18T07:15:42,-26.425167744089173,-31.07658929348156,LOGIN,HIGH
2026-06-19T05:19:42,29.958010895443863,146.5895284060499,PURCHASE,CRITICAL
2026-08-22T00:43:31,-61.82802090104718,-100.75876765415494,PURCHASE,HIGH
2026-12-09T21:19:01,-66.66370641928462,16.846387061021176,UPLOAD,HIGH
2026-09-17T11:53:50,-85.35023662051,175.79502555258404,ERROR,LOW
2026-01-03T05:31:10,51.090276986671455,-125.5099052458975,LOGOUT,CRITICAL
2026-10-30T05:49:42,66.55844098649641,-116.15909204626803,LOGOUT,LOW
2026-05-19T13:45:07,81.0943769355828,15.540426279531601,ERROR,CRITICAL
2026-08-26T20:35:58,-0.38646192329656515,-45.15685363537165,LOGOUT,HIGH
2026-11-08T18:55:14,72.98103993946927,53.61058941169574,PURCHASE,HIGH
2026-03-02T20:04:17,-16.10306892749182,59.10794818050425,ERROR,HIGH
2026-06-10T03:28:30,-40.143508302719354,-50.422964427283574,LOGIN,HIGH
2026-09-23T19:31:15,-62.83969818475899,7.171489956529712,LOGIN,LOW
2026-12-25T13:47:30,83.68288563283292,179.53580497373707,PURCHASE,CRITICAL
2026-09-23T18:05:07,-81.1295505259904,16.67912645401333,UPLOAD,HIGH
2026-05-03T18:11:27,-17.438167682243716,-68.2203345389893,PURCHASE,LOW
2026-10-18T04:09:57,31.976851082707284,15.457173883923815,LOGIN,HIGH
2026-07-25T17:54:29,-88.103263679169,-179.45697454866533,UPLOAD,CRITICAL
2026-11-16T21:25:27,-14.315909090886052,34.034672208548216,PURCHASE,HIGH
2026-07-14T00:07:38,-11.656477940914925,31.77793321290872,ERROR,CRITICAL
2026-11-12T02:02:30,48.95069235099214,17.299185869997785,ERROR,HIGH
2026-03-17T06:55:10,59.413700916897426,102.89014569103688,PURCHASE,HIGH
2026-10-24T05:45:14,-30.51103514728964,156.96812926927862,LOGOUT,HIGH
2026-11-14T09:12:55,-10.041504653666564,-80.45921692437575,UPLOAD,HIGH
2026-03-30T21:13:50,-54.246108297399346,-7.375791610952064,LOGOUT,LOW
2026-11-05T01:17:16,65.75563600394281,69.26205154467763,LOGOUT,CRITICAL
2026-02-14T10:41:21,20.903714049432935,-153.2647695826432,LOGIN,LOW
2026-03-26T21:17:06,-2.7138104123578444,-105.57503374077781,ERROR,LOW
2026-04-22T23:08:42,87.64975902721335,-161.89965072030105,LOGOUT,LOW
2026-08-22T03:04:31,-37.83736600308741,-64.98321378989401,LOGIN,HIGH
2026-07-03T18:53:55,-66.4984286183209,-29.98484634226989,UPLOAD,HIGH
2026-12-02T15:50:25,73.64544999217412,22.922135246874916,LOGOUT,CRITICAL
2026-01-30T12:41:58,-41.45737138411025,161.81111612542975,ERROR,HIGH
2026-04-02T17:56:34,85.7712010640164,-32.51167672907039,LOGIN,CRITICAL
2026-07-26T20:30:04,45.193440567455696,156.88935305290028,UPLOAD,LOW
2026-08-24T12:58:24,10.196975594491448,-21.929862272029396,PURCHASE,HIGH
2026-10-07T21:22:32,-48.26774410906397,-23.09863856925125,LOGOUT,CRITICAL
2026-06-21T08:28:17,26.197946184646497,9.775145396790691,UPLOAD,HIGH
2026-11-10T02:41:28,-36.10100782607698,89.10286973725886,PURCHASE,CRITICAL
2026-12-05T16:29:06,-24.80274556962405,-138.07134592453758,LOGIN,CRITICAL
2026-08-26T16:56:38,6.339605194104848,165.30830811321704,PURCHASE,CRITICAL
2026-08-22T09:02:39,77.88706280480739,-156.77275411207353,ERROR,LOW
2026-11-24T21:01:36,11.607659590422443,-114.8074579088309,ERROR,HIGH
2026-07-05T10:21:29,-4.1884672119687565,-80.03954913227894,ERROR,CRITICAL
2026-03-03T06:54:16,-75.71540217482612,-99.9863643740707,PURCHASE,CRITICAL
2026-06-26T17:51:34,-10.012400102210705,-41.94426950151251,LOGIN,CRITICAL
2026-02-01T14:32:55,76.9991324744465,92.14338960202593,UPLOAD,HIGH
2026-05-09T23:29:26,-22.80369245484667,33.345863173680584,UPLOAD,LOW
2026-02-19T06:10:06,41.484851343421894,113.03126137013408,LOGIN,CRITICAL
2026-10-30T12:32:39,-84.87576450954342,-158.4951094051641,UPLOAD,LOW
2026-05-05T03:43:07,-38.40253648815756,86.19795561426565,ERROR,LOW
2026-05-28T11:50:37,-32.02479571778143,-48.84463204162057,LOGIN,HIGH
2026-10-11T06:05:58,12.10951262778265,25.794933443383655,PURCHASE,HIGH
2026-12-26T10:49:43,-56.71719884663094,-32.85008366967281,ERROR,LOW
2026-02-22T07:47:05,-56.08011074504116,-95.65453314105702,LOGIN,HIGH
2026-05-11T13:56:05,-47.385815259873105,-46.13065603508437,LOGOUT,CRITICAL
2026-05-24T01:59:32,20.255798325538976,-9.970309190775083,UPLOAD,CRITICAL
2026-07-30T09:01:50,-86.37543631599914,-37.457486099663356,LOGOUT,CRITICAL
2026-03-14T04:45:19,41.44249459137524,-136.78624232122274,ERROR,LOW
2026-07-24T00:35:29,-1.7843843935039416,-4.033501185427895,PURCHASE,CRITICAL
2026-07-02T19:08:36,0.7645189560600727,129.44307058104124,LOGOUT,CRITICAL
2026-11-02T13:13:08,-4.303312024759407,-111.47562021445475,ERROR,LOW
2026-01-19T09:49:10,15.838142393187638,-11.209384768930676,LOGOUT,CRITICAL
2026-09-07T00:39:41,56.33184427607699,80.90461916486385,ERROR,HIGH
2026-06-09T23:19:34,-85.09944779828626,-0.17337890979052872,UPLOAD,HIGH
2026-07-15T10:34:53,55.87444423632755,154.77586091005503,LOGIN,LOW
2026-09-24T11:04:58,25.665535424802826,-80.12109697950461,PURCHASE,CRITICAL
2026-01-19T00:11:36,-10.13572896446172,-129.42135768967495,ERROR,LOW
2026-08-25T19:43:23,71.04878779607344,82.56014493295277,LOGIN,CRITICAL
2026-02-01T17:24:19,-86.90080816124095,-21.08043655473432,LOGOUT,CRITICAL
2026-03-12T16:02:56,34.15249221714596,-126.87653999243585,PURCHASE,LOW
2026-06-24T05:37:09,3.022865865386663,-55.572580514299304,ERROR,LOW
2026-01-07T02:19:53,-30.138058723454435,-70.45581399309623,LOGIN,CRITICAL
2026-05-17T09:41:20,-13.436092212963601,-136.41588163101977,ERROR,HIGH
2026-05-05T01:50:30,-53.40658541672183,18.412414956538726,ERROR,LOW
2026-04-18T22:46:56,54.278410932061604,-66.33667350335658,LOGIN,CRITICAL
2026-12-08T11:23:46,16.25586138348558,124.67787761300673,UPLOAD,HIGH
2026-09-18T10:24:31,-83.82618519068181,2.167460036667336,UPLOAD,HIGH
2026-01-03T18:36:18,-0.9280505830083285,76.26240755284147,LOGOUT,CRITICAL
2026-08-02T20:09:12,55.154501351710934,-48.75613011057095,ERROR,HIGH
2026-08-29T05:39:17,22.79806245788471,-128.90333505379914,UPLOAD,LOW
2026-12-05T00:58:29,21.45845927447202,-46.45514658119339,ERROR,CRITICAL
2026-09-29T03:49:55,85.27419719343169,-54.287743944334665,LOGOUT,LOW
2026-06-08T17:47:19,19.081774613063132,-18.56365125326701,LOGIN,LOW
2026-07-27T16:02:18,-70.78369932500294,-40.27441295159318,LOGOUT,CRITICAL
2026-06-24T17:23:37,50.64974609804784,118.05983018312071,LOGOUT,HIGH
2026-12-02T22:52:27,79.98122046682843,157.27311819863075,LOGOUT,HIGH
2026-08-10T00:58:39,67.93572594642615,20.42854545657744,LOGOUT,LOW
2026-04-23T03:40:30,86.13428632074434,81.0163313631835,LOGOUT,HIGH
2026-02-02T19:19:40,-49.91492878523404,-142.767016197745,LOGOUT,LOW
2026-12-05T04:24:27,69.54571199937666,67.85635075865542,UPLOAD,LOW
2026-11-18T21:41:38,82.33060758749232,-46.08756995908797,LOGOUT,LOW
2026-06-08T10:48:29,10.668112538343365,66.04856261371225,UPLOAD,LOW
2026-12-01T03:04:10,-13.490677475143457,156.02708842355935,UPLOAD,LOW
2026-06-14T10:13:55,-10.25182106242346,-108.37750231576807,ERROR,HIGH
2026-05-11T11:29:14,30.007521021942935,-163.4659572217564,ERROR,HIGH
2026-07-06T16:54:13,-23.149180418083034,156.25230972440966,UPLOAD,HIGH
2026-06-24T08:04:24,51.23916450018038,84.60474706474616,PURCHASE,HIGH
2026-02-09T00:34:26,55.95909566090231,-65.35748914153079,ERROR,HIGH
2026-12-16T14:30:02,28.609161701432953,-52.63502603918742,LOGIN,HIGH
2026-01-16T04:25:52,-57.80960888357674,67.84047377876149,UPLOAD,CRITICAL
2026-08-27T18:49:17,42.72991307373954,17.324119979806767,LOGIN,CRITICAL
2026-07-29T22:33:59,74.1501165749745,110.13275829792042,UPLOAD,HIGH
2026-02-28T17:44:22,-51.97856022663264,-5.6048981742095805,PURCHASE,HIGH
2026-11-01T13:09:00,-4.926443299121743,-126.36762129718505,UPLOAD,LOW
2026-03-01T09:16:49,-38.1365919901734,-138.90909160740813,PURCHASE,LOW
2026-05-24T15:14:18,-79.33190418736851,-11.91056441775521,PURCHASE,CRITICAL
2026-04-06T00:43:27,-68.95030607959549,-43.56896366953981,UPLOAD,CRITICAL
2026-02-16T04:03:56,-12.937997594663415,64.9913589356066,LOGIN,LOW
2026-05-14T07:34:04,24.338159903960886,46.68710781385312,ERROR,LOW
2026-03-31T16:40:59,26.622674995779192,-174.00747110198364,PURCHASE,HIGH
2026-09-15T16:52:28,27.792867899931238,-163.78603298102925,LOGIN,HIGH
2026-05-11T09:05:31,9.359258965823273,-167.78995169977316,UPLOAD,CRITICAL
2026-02-23T12:11:35,-66.57784631315778,-8.079231915493665,ERROR,CRITICAL
2026-08-30T22:30:22,32.71878590199944,153.66701509277772,ERROR,HIGH
2026-08-24T17:28:58,52.133930738233744,44.573389940847505,PURCHASE,HIGH
2026-09-10T02:16:39,-27.308844379794927,70.5642705174381,UPLOAD,LOW
2026-12-24T09:57:04,31.99427053740301,103.86379298530193,ERROR,LOW
2026-08-07T10:09:29,-50.843793953798816,-74.56273782695924,LOGOUT,LOW
2026-04-29T05:13:34,-24.69240636723235,97.63755935129058,LOGIN,HIGH
2026-01-15T21:44:28,4.31597032635608,-100.4647853608691,PURCHASE,LOW
2026-10-31T20:00:34,47.37191199587727,-73.15670137387467,LOGOUT,HIGH
2026-04-16T16:35:36,26.44269119567626,133.9083886298094,UPLOAD,CRITICAL
2026-11-19T06:18:47,37.83483857851388,-35.504060887952704,LOGOUT,CRITICAL
2026-08-24T22:01:02,-83.66076828036792,-165.37442458668926,LOGIN,HIGH
2026-05-19T15:09:49,-51.890606235671115,146.58538864047904,UPLOAD,LOW
2026-04-17T02:38:36,36.26564379871671,134.27405986779576,UPLOAD,CRITICAL
2026-11-07T07:31:19,42.59572606594418,-1.5065253711649973,LOGOUT,HIGH
2026-02-10T13:54:55,-35.713598267404706,67.47291123216786,ERROR,LOW
2026-10-14T21:33:34,-11.244577846174394,23.266407911761462,UPLOAD,HIGH
2026-03-23T20:23:43,-76.76708914632388,116.86853799975057,UPLOAD,CRITICAL
2026-02-14T22:27:37,69.75718268483874,169.0679394175316,UPLOAD,CRITICAL
2026-02-09T20:44:31,-49.88190888764561,-173.58543483364443,UPLOAD,HIGH
2026-05-28T11:19:12,18.492873754685633,64.5709316807085,UPLOAD,LOW
2026-05-22T16:30:11,-80.16316057587699,-42.832012691664374,PURCHASE,HIGH
2026-12-27T04:44:30,-16.40631162144281,178.3180836979098,PURCHASE,HIGH
2026-03-31T22:59:12,-69.89351594551088,131.7892250843729,LOGOUT,HIGH
2026-02-11T22:40:46,-67.0984686952269,-35.12349595381758,UPLOAD,HIGH
2026-06-03T06:31:04,-59.00124133639159,132.09502591377588,UPLOAD,HIGH
2026-12-27T08:28:51,-0.32911939531241785,88.41825745996255,UPLOAD,HIGH
2026-07-09T15:07:22,-39.582377184221215,-166.6350767021308,LOGIN,CRITICAL
2026-08-08T01:30:13,26.5612433180967,42.08229781770643,ERROR,LOW
2026-07-01T01:44:23,72.67375887689906,54.73044603593286,LOGIN,HIGH
2026-10-28T14:15:49,-0.7135358681635182,155.821190422391,LOGIN,HIGH
2026-03-08T23:43:12,-21.122181498944016,159.74615110242604,LOGIN,HIGH
2026-11-21T00:01:34,73.48159267454994,-89.10940884644518,LOGIN,HIGH
2026-05-10T07:29:27,-83.359462226409,-84.63273007797281,LOGIN,HIGH
2026-03-13T23:38:07,-12.574735976588357,-77.78560378643505,PURCHASE,CRITICAL
2026-09-14T03:53:53,0.040564039156905096,47.834003654393285,UPLOAD,HIGH
2026-10-14T19:41:44,17.29246475879222,82.2241204602172,PURCHASE,HIGH
2026-02-03T12:28:40,28.774740555659605,122.14068417555438,LOGIN,LOW
2026-12-28T23:07:08,41.45289232734001,-13.353389495806624,LOGIN,HIGH
2026-08-20T01:12:57,1.0766621479326375,118.25682367597335,LOGOUT,LOW
2026-08-23T03:48:42,-55.91687123548081,17.129152200153356,LOGOUT,HIGH
2026-04-06T17:49:51,16.96128987216838,155.12672869186537,LOGOUT,HIGH
2026-12-16T02:51:41,-58.74853292841172,-8.919906904978632,ERROR,LOW
2026-10-01T19:23:21,54.29658135363218,-78.72554721264183,LOGIN,HIGH
2026-06-19T13:01:03,-42.92468121592374,94.64383692798623,PURCHASE,LOW
2026-11-06T10:19:07,-59.33574677735942,69.76479593389263,LOGOUT,HIGH
2026-03-16T06:52:29,-39.165320784702566,-62.801997310222475,PURCHASE,HIGH
2026-02-03T12:29:53,10.257585611509299,-128.38378478428837,ERROR,CRITICAL
2026-03-01T04:48:18,59.60193258442905,-105.18417155734836,PURCHASE,LOW
2026-12-02T04:34:10,33.827553874368576,-55.9160969699779,LOGIN,CRITICAL
2026-09-17T01:00:50,-26.716991445640666,154.70394229671837,PURCHASE,LOW
2026-12-03T10:14:04,-3.376286468890882,-177.61383613642477,ERROR,CRITICAL
2026-07-15T11:15:44,24.95028384861797,3.7993300386188196,PURCHASE,CRITICAL
2026-12-07T12:30:13,4.606496736995396,-118.10770592864934,LOGIN,HIGH
2026-03-02T17:19:35,-5.253652088882276,-125.53308054160348,LOGOUT,LOW
2026-04-30T04:04:39,-84.12855904841464,59.02526070445097,UPLOAD,LOW
2026-07-09T19:08:02,5.309625778597862,-142.08471518763056,LOGOUT,LOW
2026-06-07T22:48:30,-5.424794342336654,-17.531279555820277,LOGOUT,LOW
2026-12-08T03:17:59,-16.303260158245592,-18.42288821208146,ERROR,HIGH
2026-04-24T04:14:06,-11.804882148087714,41.186428076531854,UPLOAD,CRITICAL
2026-11-30T23:01:33,-67.74819877360659,48.441158414099505,PURCHASE,HIGH
2026-07-28T17:11:43,84.51565832155075,50.459485458565666,ERROR,HIGH
2026-08-15T15:15:54,33.47917755833822,171.2271154453161,PURCHASE,HIGH
2026-08-24T18:33:15,19.903474412104813,103.45149566421327,LOGOUT,HIGH
2026-07-09T21:39:32,-27.615958789757464,138.53725297872484,LOGOUT,CRITICAL
2026-10-19T08:58:55,69.20622343265654,-32.80697687217503,PURCHASE,CRITICAL
2026-11-13T12:11:44,18.636905502591915,135.59530020987762,PURCHASE,LOW
2026-06-07T00:42:01,26.844339639578607,143.1232026077086,UPLOAD,LOW
2026-10-24T10:03:57,-56.38940106544835,-111.09973112321474,ERROR,LOW
2026-12-17T06:42:13,38.369675487454174,99.7330665163812,LOGIN,HIGH
2026-06-24T20:01:25,17.437136044103525,-57.04437309803619,PURCHASE,LOW
2026-12-22T09:42:49,-52.67304554712724,65.01182609978474,LOGOUT,LOW
2026-03-19T13:23:27,-71.67436124568192,-65.19671256560106,LOGIN,CRITICAL
2026-01-07T02:33:35,-71.02796665100487,-34.986653174183374,UPLOAD,LOW
2026-03-03T04:11:15,-45.08444744193971,-131.3380912423997,LOGIN,LOW
2026-12-05T09:08:32,17.458485364725277,0.26392273800163935,UPLOAD,CRITICAL
2026-12-06T04:15:21,-24.23439151118322,-110.17893414268961,LOGIN,HIGH
2026-04-18T04:47:57,49.480827147910304,60.534158064975486,LOGOUT,CRITICAL
2026-07-07T23:25:55,7.951944944530297,-146.070991088356,ERROR,LOW
2026-04-12T00:13:16,55.64152624894365,129.6918475203775,UPLOAD,LOW
2026-01-09T08:17:23,31.275005548927197,98.9640214552768,LOGIN,CRITICAL
2026-06-13T04:54:42,62.28574300559595,-95.15501337006097,ERROR,HIGH
2026-01-24T03:33:19,-37.853324625700324,-166.36555655146523,LOGOUT,HIGH
2026-12-21T12:22:15,87.99484176593904,-117.14786640177607,LOGOUT,HIGH
2026-12-02T02:06:12,81.3433266356754,18.790106997453364,UPLOAD,LOW
2026-02-26T03:50:19,77.95802135954563,165.3119829392482,LOGIN,CRITICAL
2026-10-31T15:05:41,9.047218402947422,70.67184934549076,ERROR,CRITICAL
2026-02-08T13:32:14,79.69765501151537,99.48575353694781,PURCHASE,LOW
2026-06-11T11:38:25,-67.43293127633062,-158.27562100759283,PURCHASE,LOW
2026-01-31T01:17:42,-31.845928162629747,-7.175695419559673,UPLOAD,CRITICAL
2026-07-12T18:57:50,76.18127880461452,-173.64185197587184,LOGOUT,CRITICAL
2026-08-27T21:24:47,69.16947196589118,-156.85360630317564,UPLOAD,CRITICAL
2026-07-05T11:41:01,25.66210496192606,-113.78322547515388,ERROR,CRITICAL
2026-06-03T15:49:16,-14.688099861889,-45.29909835858399,UPLOAD,LOW
2026-06-12T15:00:42,9.422078704310408,94.60808173477648,UPLOAD,CRITICAL
2026-12-29T06:50:39,-60.48737913021508,-75.27216184802366,ERROR,LOW
2026-07-02T22:27:04,87.41494488174953,-160.58992215124096,ERROR,LOW
2026-12-25T15:55:17,-39.49676993640487,-108.83405977276702,LOGIN,LOW
2026-08-29T10:37:30,-88.1978765986939,141.71773987604683,LOGOUT,LOW
2026-12-21T17:36:21,-80.63116415268144,124.38684973545571,ERROR,LOW
2026-06-04T11:48:07,53.296450727591775,-6.3447037144160845,LOGOUT,CRITICAL
2026-12-30T09:48:00,-38.78185161472275,-77.25009124785868,PURCHASE,CRITICAL
2026-06-24T07:54:06,22.266238139706957,77.85622233401227,UPLOAD,CRITICAL
2026-03-08T17:08:23,-78.64002241502276,-119.43423057895427,LOGOUT,CRITICAL
2026-02-15T12:25:20,70.15643611126708,158.1426148316275,LOGOUT,CRITICAL
2026-11-01T17:39:21,58.712264130252265,-117.74853550891402,UPLOAD,HIGH
2026-09-18T10:38:27,32.220274742228455,167.0655318908967,PURCHASE,HIGH
2026-01-15T10:28:27,-69.81595297598315,33.35720033553224,LOGOUT,CRITICAL
2026-09-23T14:44:14,81.13051259693705,141.450520355003,ERROR,HIGH
2026-04-24T06:17:30,-47.74959731579497,-149.28567720868006,UPLOAD,HIGH
2026-11-02T19:12:31,-33.96850433214485,36.05543715190578,ERROR,CRITICAL
2026-01-21T05:43:10,-79.6625043034602,113.03668488936643,UPLOAD,LOW
2026-10-14T00:10:13,86.82008064186081,91.26761312977402,LOGOUT,HIGH
2026-06-09T15:38:43,87.65819763956634,120.90124330197796,LOGOUT,HIGH
2026-11-24T02:31:55,-26.93045761655535,172.10513941846074,PURCHASE,CRITICAL
2026-01-07T15:05:09,-39.574307131139506,150.52097082902094,UPLOAD,LOW
2026-07-29T14:01:08,-1.2892099845659857,-166.0707118742172,ERROR,CRITICAL
2026-06-30T12:00:18,84.47513092788137,42.14610166237196,LOGIN,CRITICAL
2026-03-15T02:56:36,-69.1974809774449,104.23586496808969,LOGIN,CRITICAL
2026-12-08T07:08:13,-75.99544940257077,-98.27233556122776,PURCHASE,CRITICAL
2026-10-02T10:06:49,0.05834341366328033,-78.20892550453134,LOGOUT,LOW
2026-02-12T17:11:35,55.11328083519075,-45.08655039669088,ERROR,CRITICAL
2026-06-13T07:34:17,-42.36442786969565,-138.40854840312957,LOGIN,HIGH
2026-06-07T13:26:56,-84.42103329066694,139.19607626282482,LOGOUT,LOW
2026-05-07T22:42:12,-56.59332542654708,125.71468574509191,ERROR,LOW
2026-03-09T15:11:25,55.70142116334938,-42.04191491275225,UPLOAD,LOW
2026-01-31T00:07:58,88.14462266708088,87.56681337563634,LOGOUT,HIGH
2026-06-04T19:17:39,60.8182766187044,-98.38239607813209,LOGIN,HIGH
2026-02-06T16:43:10,-37.28970311993899,145.49005387652244,LOGOUT,LOW
2026-02-10T22:26:04,-88.59571060921857,-8.870856234003327,ERROR,LOW
2026-08-22T19:39:23,52.911040818503864,-73.76283650162175,ERROR,CRITICAL
2026-04-08T02:37:21,-81.68378904312227,94.46751713490715,UPLOAD,CRITICAL
2026-09-05T07:46:32,13.078316190512055,-169.6171137730132,LOGIN,CRITICAL
2026-12-14T23:12:22,37.75525020130445,-177.95533103539168,PURCHASE,HIGH
2026-10-27T13:31:59,-10.62430528084586,111.09388473473575,PURCHASE,LOW
2026-11-08T16:29:09,-14.90476459567222,-98.70083830260805,UPLOAD,HIGH
2026-02-03T19:09:44,-5.068333268467711,-24.408594921922514,PURCHASE,LOW
2026-04-13T10:10:08,-70.30307305480946,54.77765485855784,LOGIN,LOW
2026-10-01T14:39:48,-56.57043706527749,154.24382232242237,UPLOAD,HIGH
2026-07-06T00:01:03,88.96456820969769,-160.4439110840345,ERROR,HIGH
2026-10-16T08:31:02,-13.782351285916732,-119.32864586899433,UPLOAD,LOW
2026-03-17T01:24:09,-24.060159332664767,-19.529570352225477,ERROR,HIGH
2026-02-01T12:24:13,29.572670416403753,28.791534422219797,PURCHASE,HIGH
2026-02-03T04:27:09,-0.2923737415404446,-111.0085277675303,LOGOUT,CRITICAL
2026-07-12T14:57:45,65.47377439445643,44.65614598086859,UPLOAD,HIGH
2026-09-27T13:27:50,52.62838707852458,96.63609448995646,LOGOUT,HIGH
2026-02-17T09:19:47,-33.13647750879664,-12.747649104922232,UPLOAD,CRITICAL
2026-10-01T01:44:45,73.82074469262673,152.8282397141956,UPLOAD,CRITICAL
2026-02-14T19:06:12,-17.81204337760117,82.33068614737476,LOGOUT,LOW
2026-07-05T09:13:57,84.74481105104212,-65.79055881740962,LOGIN,LOW
2026-01-26T21:36:28,-43.54951344991663,80.39477687115948,LOGIN,LOW
2026-04-24T16:44:44,36.309385039462995,0.270399691398552,PURCHASE,HIGH
2026-06-11T17:46:12,-10.87192357309138,-153.22930924959138,LOGOUT,HIGH
2026-01-29T21:02:20,76.15603933776151,-10.813325923289199,PURCHASE,LOW
2026-08-11T16:08:35,70.44394154824474,-179.80336274458807,ERROR,HIGH
2026-08-20T21:28:47,-32.18823778742727,145.69068953257232,PURCHASE,CRITICAL
2026-01-21T18:42:02,7.694756562553934,-8.789049785586997,LOGIN,LOW
2026-04-09T17:00:06,-88.6608429200906,-135.99143658704705,LOGIN,HIGH
2026-06-06T15:11:12,68.92791273552288,-147.8392961163647,LOGIN,HIGH
2026-02-10T11:49:43,-52.86664324220099,135.66172520248244,LOGIN,LOW
2026-09-19T00:27:20,-67.3699551720301,-103.24181503345962,LOGOUT,LOW
2026-09-16T03:08:28,81.42573352174853,47.327580289321816,LOGIN,HIGH
2026-03-05T01:03:07,-84.66957905326636,-92.01936552426585,PURCHASE,HIGH
2026-08-17T00:27:37,-21.477483776374967,163.80665884829682,ERROR,HIGH
2026-01-05T17:51:20,-84.48251089858084,25.10509835911546,PURCHASE,HIGH
2026-11-29T08:31:14,-66.62156074787413,-36.42807647431343,LOGIN,CRITICAL
2026-12-14T07:52:59,67.16675221013807,19.063923471910726,LOGOUT,HIGH
2026-01-30T04:10:31,-67.86500248457314,133.22505430025979,LOGOUT,HIGH
2026-10-24T01:10:01,33.9299858440088,-70.93552898062914,LOGIN,LOW
2026-04-09T10:35:40,68.13618778990104,-9.710432632585594,PURCHASE,CRITICAL
2026-06-03T16:42:35,79.67319547064344,-127.98220858789838,UPLOAD,LOW
2026-02-19T07:04:07,-48.81158671215379,123.46517639220451,ERROR,HIGH
2026-02-19T01:09:49,43.62187440091111,106.77401236090282,ERROR,CRITICAL
2026-04-12T15:19:41,-17.94035323063622,-99.24628923336424,UPLOAD,HIGH
2026-02-07T23:31:43,23.024435835367356,-58.34159835564063,LOGOUT,LOW
2026-04-19T09:11:32,75.48298183158064,-27.874992931427272,PURCHASE,LOW
2026-01-26T02:23:29,62.19021823735318,-1.7112432182971702,ERROR,HIGH
2026-05-07T02:54:21,-56.101519934647,153.15542820173073,LOGIN,HIGH
2026-10-20T01:44:06,65.91508707896304,28.97573713439553,PURCHASE,LOW
2026-06-17T01:16:16,-83.92810940561395,-63.51174926454782,PURCHASE,LOW
2026-02-07T07:58:55,34.3854567311496,-103.24988595180346,LOGIN,LOW
2026-09-07T06:34:31,31.373569908053668,50.676255472787375,LOGOUT,CRITICAL
2026-02-10T20:24:23,46.24457003956522,-175.72255804589037,ERROR,CRITICAL
2026-08-21T11:33:27,62.60934951237914,-163.61531950510448,ERROR,CRITICAL
2026-06-16T07:26:35,13.788473236634658,66.42020366927645,PURCHASE,HIGH
2026-10-18T08:59:36,-22.366639154908455,-139.86868261788692,UPLOAD,LOW
2026-01-06T07:36:26,-40.627893215671236,70.37984939310505,PURCHASE,CRITICAL
2026-11-30T11:20:51,84.04370598566388,49.9412708137408,ERROR,HIGH
2026-11-22T08:59:23,-0.30433652341301354,-94.27754866862826,LOGOUT,HIGH
2026-09-12T03:22:20,59.36045540530537,128.35874750565233,ERROR,LOW
2026-06-17T18:42:35,46.63016161722459,-7.9864113599495,LOGIN,CRITICAL
2026-06-15T15:55:56,0.35335793284860983,-50.3096844535678,PURCHASE,LOW
2026-01-30T17:03:40,29.83697731462948,123.02372405573277,ERROR,HIGH
2026-01-19T22:40:32,-44.25964461991149,-178.52506454096292,UPLOAD,LOW
2026-07-03T23:50:25,-86.66257683285215,148.29719535371822,LOGIN,CRITICAL
2026-05-08T04:16:41,21.848151323266777,20.52318398674862,ERROR,HIGH
2026-09-08T04:58:22,-86.78708543780978,43.255250819391165,LOGOUT,CRITICAL
2026-01-09T06:01:41,-31.040942442664942,103.62323102796626,PURCHASE,LOW
2026-08-21T14:44:23,-26.98188478531933,151.81225661476128,LOGOUT,CRITICAL
2026-01-27T04:24:29,5.514770955161978,-19.111469516368714,LOGOUT,HIGH
2026-06-04T15:41:00,0.9587650666602627,-37.177852536160884,LOGOUT,CRITICAL
2026-12-08T06:40:21,19.141824163560813,48.63817215730202,LOGOUT,HIGH
2026-01-30T21:21:48,-13.316261252884232,48.76114393879274,LOGIN,CRITICAL
2026-05-15T12:01:23,65.13042694697918,-167.31586089358294,ERROR,LOW
2026-10-15T06:15:25,-2.1658066488510315,52.58909285886779,UPLOAD,LOW
2026-07-18T06:24:52,85.87343421498954,178.88179708163892,LOGIN,HIGH
2026-07-15T01:47:50,53.8306933361975,-147.94923101090052,LOGIN,LOW
2026-09-17T07:48:32,57.90238709148011,-14.274021855306756,UPLOAD,HIGH
2026-08-23T01:20:42,-64.88201932552866,19.587604205811175,LOGOUT,LOW
2026-04-04T18:10:03,82.00276996669132,-113.26428921106067,ERROR,HIGH
2026-07-13T13:08:15,-65.33939970792143,-179.16870074836137,LOGOUT,CRITICAL
2026-11-27T14:48:31,-28.073875831682415,92.40065456249658,ERROR,LOW
2026-06-14T21:43:46,-58.52463301992401,-14.222285361964907,LOGIN,HIGH
2026-02-05T16:50:23,-55.893680227783896,104.8166571766796,ERROR,CRITICAL
2026-10-03T02:41:38,-0.9784722778706794,-128.16936528266936,PURCHASE,CRITICAL
2026-07-11T00:49:10,-48.14583192827717,-3.5730997424541897,PURCHASE,LOW
2026-12-19T17:03:19,51.18463097677878,63.44426365584775,PURCHASE,CRITICAL
2026-02-28T15:59:32,-87.86422319966351,-89.05295173340383,LOGIN,HIGH
2026-08-19T15:43:21,-47.07722215839514,-6.786615744788662,LOGIN,HIGH
2026-09-10T05:37:10,1.4732910838868776,-156.41800059124188,UPLOAD,HIGH
2026-02-25T17:16:28,-28.371694765429417,171.91239915337218,PURCHASE,CRITICAL
2026-02-22T19:04:02,29.355986361696722,124.88945011564857,PURCHASE,LOW
2026-12-04T20:05:06,72.68632825746658,110.42464052522797,LOGIN,CRITICAL
2026-05-22T09:59:38,-25.399086147280855,125.41902531764555,UPLOAD,HIGH
2026-07-11T23:51:53,19.403138638517206,168.39359532451624,UPLOAD,LOW
2026-06-03T13:13:10,-36.83098822196526,102.13293005204633,ERROR,LOW
2026-06-28T18:36:26,15.29481055350935,-16.620651083988207,LOGOUT,CRITICAL
2026-10-08T06:21:38,22.83082245229255,-27.980812594875715,LOGIN,LOW
2026-08-15T09:54:37,-63.25414079940238,-93.83282217813257,LOGIN,LOW
2026-09-14T04:53:40,69.86632611301238,-153.48520721363485,LOGOUT,LOW
2026-02-11T12:25:27,-84.7114100636816,-61.85762951090497,PURCHASE,CRITICAL
2026-01-18T05:23:02,-57.93838771937757,-86.3518137797561,UPLOAD,HIGH
2026-07-23T23:52:48,59.81139257338151,112.50194001052341,LOGIN,LOW
2026-03-23T23:52:00,-64.90189859196794,82.54252318588442,LOGOUT,LOW
2026-11-29T11:26:59,-59.37708569211672,-167.98318445103078,ERROR,LOW
2026-07-23T09:26:53,45.46962706681896,139.1344125076676,ERROR,LOW
2026-10-26T07:32:41,46.2408539469788,79.03406088938993,PURCHASE,LOW
2026-08-16T02:25:13,59.573940709810984,-142.26236723751833,ERROR,LOW
2026-07-24T14:03:13,85.49010607292118,22.268506259258743,ERROR,CRITICAL
2026-03-21T15:41:16,-3.6495093164246413,-118.99584319739218,LOGOUT,LOW
2026-06-14T18:18:17,56.83639921500159,86.61720215828359,LOGOUT,LOW
2026-05-26T22:33:42,26.910411341005997,5.711179393146466,UPLOAD,CRITICAL
2026-03-23T05:19:41,-9.652812837294292,-45.94448597419702,UPLOAD,LOW
2026-01-29T22:30:42,76.57346577081873,123.28202035758119,PURCHASE,HIGH
2026-10-05T10:24:12,17.7422366887601,21.28029974718396,LOGOUT,CRITICAL
2026-01-02T05:01:11,-54.47838023329291,49.66178462051033,ERROR,CRITICAL
2026-11-09T05:21:00,-48.36422161853802,-135.6115675385411,LOGOUT,LOW
2026-06-22T23:18:39,-78.9839856266543,-89.92534453458605,PURCHASE,HIGH
2026-03-07T15:39:50,-34.88418034004779,-48.15166717218244,PURCHASE,LOW
2026-06-20T17:34:00,64.13793077982947,137.63949479260668,LOGIN,LOW
2026-05-05T14:45:12,74.47894187178315,150.55847352882984,PURCHASE,CRITICAL
2026-07-17T04:09:28,3.381196882056841,127.46023858790926,PURCHASE,CRITICAL
2026-10-08T23:54:37,-71.79881170329082,-135.24521082297207,UPLOAD,LOW
2026-09-17T07:52:35,9.97308854760692,-115.48834947292308,LOGOUT,CRITICAL
2026-05-06T01:21:43,-79.56739541087317,154.97285253600268,UPLOAD,HIGH
2026-07-11T03:12:52,-3.3759387844749824,171.10309272408546,LOGOUT,HIGH
2026-07-20T04:17:51,-2.4610156376823795,-52.52158404212109,ERROR,LOW
2026-05-25T02:53:13,-13.289651284918122,-73.87665930305907,PURCHASE,LOW
2026-03-26T00:39:59,43.83090694246991,-19.35065002851141,LOGIN,HIGH
2026-06-09T14:28:32,-15.103306154971136,141.0126314880734,LOGIN,CRITICAL
2026-12-12T16:57:22,29.250198346814884,-35.427876735186686,LOGOUT,LOW
2026-02-08T18:50:54,13.152733310893737,175.28990168028832,ERROR,CRITICAL
2026-02-06T05:36:30,89.80193375634718,176.11506690604745,UPLOAD,HIGH
2026-05-11T20:41:21,43.84138658374059,-170.79777110972083,LOGOUT,HIGH
2026-03-21T19:58:23,40.75150981944799,122.76846757913125,PURCHASE,CRITICAL
2026-01-23T03:57:08,-48.53415438696826,-2.5579620585081386,LOGIN,HIGH
2026-01-04T06:29:31,49.312263806348426,-102.63262916481236,UPLOAD,CRITICAL
2026-09-11T06:17:47,-51.98265638242155,-30.899280942170748,UPLOAD,CRITICAL
2026-02-23T06:06:37,68.24142164850272,142.61621568534048,PURCHASE,HIGH
2026-07-20T22:08:33,-66.67374142918678,-8.34551325591687,LOGIN,HIGH
2026-03-12T21:08:01,59.062584852086275,-18.444282780895236,PURCHASE,LOW
2026-04-26T22:43:36,-12.312166090320801,-82.79410887208618,ERROR,LOW
2026-02-27T06:09:32,-25.166570557400064,104.16253813768697,PURCHASE,LOW
2026-10-26T04:08:42,-13.572082295235433,-61.74894734910073,LOGOUT,CRITICAL
2026-09-14T12:57:40,19.06282159934898,-59.29609434350158,LOGOUT,HIGH
2026-11-10T10:25:16,74.73489529795359,-21.18336897538748,LOGIN,LOW
2026-01-10T09:49:39,56.60008788893617,175.18021298353705,LOGIN,CRITICAL
2026-05-15T05:04:23,-4.196532526821244,112.57344333913801,UPLOAD,LOW
2026-11-25T23:36:03,-47.852172132732385,70.31642132333897,PURCHASE,LOW
2026-12-24T10:41:09,86.1313366642573,-144.46222033639793,UPLOAD,HIGH
2026-07-29T13:30:06,64.74584046104405,157.51365226710283,PURCHASE,HIGH
2026-05-05T23:42:15,-11.621639737519985,162.52630333196964,ERROR,CRITICAL
2026-09-28T16:43:14,39.46974975580926,100.72471371739607,ERROR,HIGH
2026-04-25T08:13:42,89.28958634570958,-167.89814122688887,PURCHASE,HIGH
2026-01-22T13:35:39,76.77849451001518,48.90322126569339,LOGIN,HIGH
2026-12-25T13:13:39,34.29139673617952,-62.700907356010376,ERROR,HIGH
2026-01-04T17:39:45,11.515777123507078,-117.25582467421026,LOGIN,CRITICAL
2026-06-02T20:13:51,26.277951074500464,107.60125453580366,UPLOAD,CRITICAL
2026-08-20T18:08:14,32.31962787875676,-167.24338998711107,LOGIN,LOW
2026-03-29T00:32:48,69.16749884448257,131.07428301842168,LOGIN,HIGH
2026-12-06T02:07:59,-84.01154948144685,85.58165510365933,UPLOAD,LOW
2026-05-31T12:40:48,23.41410283875402,-173.1222512906193,LOGIN,HIGH
2026-11-01T06:04:40,51.335481322693965,163.23591586963528,PURCHASE,HIGH
2026-07-21T14:48:09,-43.67108210175986,171.45834190881686,LOGIN,LOW
2026-12-12T10:22:04,-37.116331854955746,-171.90051119446798,ERROR,HIGH
2026-11-26T19:37:42,-25.41867892931792,44.377240585582854,ERROR,CRITICAL
2026-11-04T13:22:03,-52.00983484667279,83.44685635266472,UPLOAD,HIGH
2026-05-17T07:37:15,-59.32870473689824,-33.73627508570553,PURCHASE,CRITICAL
2026-08-14T14:57:32,18.902078312295956,129.48386893814592,ERROR,HIGH
2026-02-22T06:06:33,-33.07394728193459,-28.06134297112544,LOGIN,LOW
2026-07-25T23:10:01,-82.88591172246288,-10.61544942201877,PURCHASE,CRITICAL
2026-01-31T17:27:02,-73.94815789317137,2.5713938501322957,LOGOUT,CRITICAL
2026-12-13T14:14:56,-70.78190026676982,113.19397433296234,PURCHASE,LOW
2026-09-22T13:50:25,28.417540990679072,-158.44381421451106,LOGIN,HIGH
2026-08-08T20:50:45,-30.617799995100306,-171.90156257913117,LOGOUT,LOW
2026-05-12T08:14:12,79.21499046591052,-21.890720483016054,LOGIN,HIGH
2026-04-10T16:49:47,-77.19189320689708,-24.178452147881984,PURCHASE,HIGH
2026-11-09T05:23:12,-2.845282150684568,95.84666303864935,ERROR,LOW
2026-11-14T21:31:05,48.65793742215135,113.29369274190248,LOGIN,CRITICAL
2026-12-13T16:41:35,-48.834094704383475,116.2762154360974,LOGOUT,LOW
2026-08-15T18:42:01,-7.4580130550257735,-10.148427331090971,LOGOUT,HIGH
2026-04-30T08:08:33,83.4136015745664,-144.1295275927623,UPLOAD,HIGH
2026-12-24T12:53:47,-37.34564967415139,-43.29919089572755,ERROR,HIGH
2026-05-22T22:27:42,46.99440204131386,51.707734032179815,UPLOAD,LOW
2026-04-08T14:14:28,32.97309454899985,-149.76086423597735,UPLOAD,LOW
2026-03-13T22:22:43,1.5279296118896326,98.15216678553662,LOGIN,LOW
2026-12-02T12:33:57,-10.092115000719431,-134.28172515430867,PURCHASE,HIGH
2026-12-29T13:12:04,38.22863137144901,114.12746441130912,LOGOUT,CRITICAL
2026-06-27T16:45:15,44.66991222699838,-63.138679917992064,UPLOAD,LOW
2026-10-06T16:22:42,64.6552642278958,149.56146553450964,PURCHASE,CRITICAL
2026-12-20T05:03:03,75.7488918568624,177.28321544878025,LOGIN,LOW
2026-08-12T02:05:56,28.898922322068344,-41.58395109837858,UPLOAD,HIGH
2026-12-15T09:01:25,-17.06809861784464,137.50895432662338,UPLOAD,LOW
2026-09-08T05:52:39,44.77968910377706,21.725964746790225,UPLOAD,HIGH
2026-08-06T12:58:31,-86.70882272777287,164.72476192990467,LOGOUT,HIGH
2026-06-04T07:04:42,29.8942838232811,62.48639561232946,ERROR,HIGH
2026-11-08T18:41:42,-44.16419570396765,25.98088092511631,LOGOUT,HIGH
2026-07-26T06:29:55,-81.84840829749982,-90.63667790065003,LOGOUT,HIGH
2026-02-13T07:23:37,11.32250560768577,127.80101950233501,ERROR,LOW
2026-06-14T10:52:54,-67.17659955916949,13.762375755562857,ERROR,HIGH
2026-06-21T11:27:00,-11.660925409111073,-15.216857226856035,ERROR,CRITICAL
2026-06-05T10:51:35,45.638914334229526,69.14600625501214,LOGIN,CRITICAL
2026-02-16T19:03:39,18.249889866641027,141.88605495781542,LOGOUT,HIGH
2026-11-22T16:21:12,-44.43869931465146,-56.695832552971765,UPLOAD,LOW
2026-02-13T23:19:24,-9.301598531446487,131.2816525144388,ERROR,LOW
2026-07-26T04:47:15,52.8389655344682,-28.634301195078166,ERROR,HIGH
2026-08-12T08:53:51,-68.98032721349279,46.20625745442848,ERROR,CRITICAL
2026-11-02T08:14:09,-51.739723657290355,140.77622759436605,UPLOAD,CRITICAL
2026-09-18T13:18:44,58.36326417663753,-30.35890061723279,LOGIN,CRITICAL
2026-04-28T16:16:00,64.02982406277263,102.63493031501622,ERROR,HIGH
2026-12-23T00:16:57,58.47898005682529,-140.0460820063276,LOGIN,HIGH
2026-11-09T14:45:36,-8.949343470806966,125.0817233957747,LOGIN,LOW
2026-05-22T19:48:52,89.28397082756962,89.95251958502689,LOGIN,HIGH
2026-05-24T02:55:43,83.28799896521707,-87.82291634103109,PURCHASE,LOW
2026-09-06T12:17:44,59.530279645048125,43.52770782343856,UPLOAD,CRITICAL
2026-05-05T13:13:20,-7.507629348310502,-63.443075361946526,PURCHASE,HIGH
2026-09-02T15:22:34,-51.03547119863284,-86.99883087039036,PURCHASE,CRITICAL
2026-08-02T10:24:23,-41.564380792911415,-58.812433006445815,PURCHASE,CRITICAL
2026-09-17T20:30:01,27.809228190868268,-39.4645430206958,ERROR,LOW
2026-04-04T23:50:38,59.05357942646381,68.34535254340872,LOGOUT,LOW
2026-10-03T04:27:57,72.84279940211763,-59.77273278312032,UPLOAD,HIGH
2026-03-25T19:33:12,50.46245144140411,66.89729006405483,LOGOUT,HIGH
2026-12-27T14:34:55,42.07151252498366,-132.93322242744267,LOGOUT,HIGH
2026-06-01T02:25:39,12.92122854931091,62.0105119250978,UPLOAD,HIGH
2026-01-24T09:01:22,80.41624284632465,19.916111597304962,PURCHASE,LOW
2026-10-13T14:14:54,68.65243342608602,173.7050497047337,ERROR,LOW
2026-04-02T04:04:39,-16.245296548884255,-27.479121894059176,UPLOAD,CRITICAL
2026-01-13T01:59:29,51.83264400452245,-112.53582417940703,ERROR,HIGH
2026-09-22T14:35:06,67.52524938525082,-84.88696519475683,LOGOUT,CRITICAL
2026-12-18T06:15:29,48.64932319530777,166.4696337027408,PURCHASE,LOW
2026-09-26T17:34:13,-25.13542854552726,-159.61215119226273,ERROR,CRITICAL
2026-11-19T17:53:25,-18.341418919308296,-143.0602273669336,PURCHASE,LOW
2026-07-05T17:08:15,-0.7685268169597492,101.13452679017479,UPLOAD,HIGH
2026-02-24T04:51:14,-39.925170031375764,-141.77846944908032,PURCHASE,CRITICAL
2026-01-26T02:23:29,15.555415005276572,-39.74717475849329,ERROR,CRITICAL
2026-05-10T14:03:24,-86.0927632911848,121.08769213537698,ERROR,LOW
2026-05-14T05:59:30,19.329245624450948,-56.06334766010184,LOGIN,HIGH
2026-08-24T12:24:42,-76.68760074106629,-26.24697997646291,ERROR,CRITICAL
2026-01-25T01:40:50,-3.5355114007083444,3.4649101726156744,LOGOUT,LOW
2026-07-05T17:36:09,30.58032503943582,-172.3914782062255,LOGIN,LOW
2026-03-25T19:01:07,45.75858885790518,89.83099483575376,UPLOAD,LOW
2026-02-24T22:07:17,-52.46994815431885,97.48344758836225,PURCHASE,LOW
2026-03-11T01:40:54,59.616369438921396,-24.409430871020504,LOGOUT,HIGH
2026-08-31T03:36:25,-39.34680314674654,18.79225106061324,LOGIN,CRITICAL
2026-05-28T07:39:22,31.093302249158157,49.93505095604766,UPLOAD,CRITICAL
2026-02-15T18:11:22,-68.76294943634383,69.93551062670312,UPLOAD,HIGH
2026-06-13T07:37:23,72.20012103998388,-165.80648415520923,LOGIN,LOW
2026-07-30T15:31:49,-61.97584227030262,-13.62687708691692,UPLOAD,LOW
2026-04-13T04:54:01,-11.763750428917191,-51.398008373048526,PURCHASE,LOW
2026-02-01T21:18:40,27.634396002555903,-170.10194114223552,LOGOUT,LOW
2026-08-07T14:26:40,56.448245965447995,89.76477290164593,LOGIN,HIGH
2026-08-23T01:55:16,81.36909715279131,174.19094261228844,ERROR,CRITICAL
2026-08-14T02:51:48,-44.31455993836418,-101.93660105299236,PURCHASE,LOW
2026-08-05T13:26:10,31.619667838554562,79.56388006658568,PURCHASE,CRITICAL
2026-10-17T15:50:40,69.32508229869495,-76.68283790959903,LOGOUT,CRITICAL
2026-07-14T12:48:38,-36.01626761791626,-92.75886259484204,ERROR,LOW
2026-04-30T00:42:15,23.005493871724042,46.7702198034076,PURCHASE,LOW
2026-10-13T11:44:17,-46.14473460800083,113.86592561905951,LOGOUT,HIGH
2026-07-04T10:22:16,52.26159427013633,66.16240863085082,LOGIN,HIGH
2026-08-12T11:37:41,-53.217243950636586,-153.13681465110776,LOGOUT,HIGH
2026-01-19T02:11:06,80.78215398980868,-61.19764203652646,LOGOUT,LOW
2026-06-14T20:48:00,-10.167428768202242,38.27678332066802,PURCHASE,CRITICAL
2026-09-04T02:23:46,-35.05813254711598,98.6491335411605,UPLOAD,LOW
2026-09-26T08:20:31,-6.14649231847423,-37.95300019159225,UPLOAD,CRITICAL
2026-06-29T04:15:08,47.213315571338484,-4.53017702619627,LOGOUT,CRITICAL
2026-07-18T03:24:47,68.34363609464171,9.539717770981781,PURCHASE,CRITICAL
2026-01-31T18:44:22,54.24060591208939,127.81087390753885,ERROR,HIGH
2026-03-06T08:49:26,1.1565825921798165,-7.154306377769018,ERROR,CRITICAL
2026-05-29T22:56:38,75.47823288279602,-149.9525828754655,PURCHASE,LOW
2026-06-22T02:07:03,-21.70803660979304,133.9151587225112,LOGOUT,CRITICAL
2026-05-27T11:20:05,65.91601425168798,164.5911807267061,ERROR,HIGH
2026-03-12T22:20:15,60.27310799719834,-78.58852538377423,PURCHASE,HIGH
2026-03-27T14:17:33,-76.62444636352606,4.965318874049274,LOGOUT,LOW
2026-04-21T22:33:13,-86.3662112690728,-152.10251649043343,LOGIN,HIGH
2026-11-09T21:25:14,-71.58878280207375,-155.13793104533545,UPLOAD,HIGH
2026-04-07T20:07:50,51.60838994328486,-90.54222610368792,LOGIN,LOW
2026-06-14T00:25:51,-24.405663320388683,10.479210707087674,LOGIN,HIGH
2026-08-29T21:50:14,-18.781606406247974,108.13103652550001,PURCHASE,LOW
2026-01-31T15:50:43,14.839166087749561,-46.78864124976505,LOGIN,CRITICAL
2026-01-31T20:37:16,-84.53691170508657,-139.03111682132374,PURCHASE,CRITICAL
2026-04-28T08:10:32,-23.511866843550862,-20.548671904176587,LOGOUT,LOW
2026-11-12T14:05:50,-50.59816520000312,-159.2867436261022,LOGIN,CRITICAL
2026-09-28T19:48:09,38.84894648051869,175.35635232231954,ERROR,HIGH
2026-08-09T06:56:28,-55.699550236690115,145.86852805608493,ERROR,HIGH
2026-06-11T02:42:32,81.28346044568985,108.68748262435741,LOGOUT,LOW
2026-03-13T19:15:20,79.86959039164856,74.03157037471348,ERROR,LOW
2026-06-25T23:36:36,-51.646580677563726,120.17445873024525,ERROR,CRITICAL
2026-09-13T22:00:02,-82.02796909945513,122.92544304454037,LOGIN,LOW
2026-09-14T12:34:30,68.60432304394476,-75.80715385343834,LOGOUT,HIGH
2026-03-02T18:32:36,-76.18514993134518,107.6036461637716,UPLOAD,CRITICAL
2026-11-28T05:02:52,-61.54861684530187,131.42774863053063,PURCHASE,LOW
2026-01-01T00:48:15,-15.132879660113218,-104.8622072583546,ERROR,HIGH
2026-04-15T19:52:19,62.365658764861905,33.682146619917376,ERROR,LOW
2026-03-08T10:29:44,74.79896885945686,-67.28675940735543,LOGIN,HIGH
2026-04-07T21:59:10,-28.549531268720536,79.87217735434575,PURCHASE,HIGH
2026-02-02T09:54:26,-78.45399029993227,20.560518026644587,LOGIN,LOW
2026-04-28T14:36:28,-28.98687549332906,-150.1540064669653,PURCHASE,CRITICAL
2026-04-05T03:32:57,76.09031224704924,74.78338867799934,UPLOAD,HIGH
2026-08-26T09:14:08,84.06112375882418,141.93259825074898,ERROR,LOW
2026-11-19T13:05:09,83.54249885081049,-6.509148879018227,UPLOAD,LOW
2026-11-07T05:42:20,69.96311505512085,130.46661420651407,ERROR,HIGH
2026-08-24T17:11:54,-11.336156017444551,-162.11325507577737,PURCHASE,HIGH
2026-12-21T11:36:42,0.43650784851850233,140.74246823507025,ERROR,LOW
2026-05-04T01:00:57,-5.004879511976583,-177.03722699387848,PURCHASE,LOW
2026-03-11T16:42:37,-34.269248305797305,131.36910508526887,LOGIN,HIGH
2026-08-18T09:22:38,67.81092470453191,58.65293673141562,UPLOAD,HIGH
2026-10-21T22:33:06,-70.2667418087656,82.40709747097884,ERROR,HIGH
2026-11-28T04:03:14,-43.58653904225086,-141.8782360408989,UPLOAD,LOW
2026-07-13T15:41:18,49.8916002349541,-140.62672789692581,LOGIN,HIGH
2026-08-07T03:57:14,10.453521824782442,103.94512679405085,ERROR,LOW
2026-05-24T08:12:19,83.61172452674018,-172.41794779144158,LOGIN,CRITICAL
2026-07-13T21:01:53,30.809574435811456,130.6113302626817,PURCHASE,HIGH
2026-01-17T07:49:41,10.198407997732616,-35.462342373388736,UPLOAD,HIGH
2026-11-27T05:09:49,82.3451448879974,139.5307634531692,PURCHASE,HIGH
2026-10-13T02:30:41,-37.855425205427885,144.83107468217224,PURCHASE,CRITICAL
2026-02-23T08:39:01,22.34361376707234,152.76982049500702,LOGOUT,CRITICAL
2026-06-07T01:19:25,-1.1366668166571259,46.49615233213922,UPLOAD,CRITICAL
2026-01-24T12:41:38,35.99598841651337,125.29764544744609,LOGIN,HIGH
2026-11-15T02:55:57,-67.70538180381422,-22.228220694740173,UPLOAD,CRITICAL
2026-06-11T04:33:18,86.30084454092008,137.51508640975123,ERROR,CRITICAL
2026-04-08T21:25:46,67.99789660525539,161.0517462925814,ERROR,LOW
2026-04-24T21:53:11,-64.26368112965238,-157.4033615890667,UPLOAD,CRITICAL
2026-07-16T02:05:45,-69.04837181369706,-126.04765836391516,LOGIN,HIGH
2026-05-29T09:54:44,28.70377717178458,-151.70538397066406,LOGIN,LOW
2026-06-16T16:11:18,6.277455493849615,144.6025718397231,LOGOUT,HIGH
2026-05-20T18:57:06,13.820669986556481,-124.50186966501452,LOGOUT,CRITICAL
2026-10-18T14:05:04,27.100277853204787,-11.6899429193422,ERROR,CRITICAL
2026-02-10T16:33:03,32.9706788698351,-67.35996923918182,LOGIN,HIGH
2026-11-01T06:04:46,-74.96271775632883,-166.40686772356483,ERROR,HIGH
2026-01-06T09:34:48,-75.54098946000545,119.4166388620107,ERROR,HIGH
2026-10-22T06:57:18,83.07673722474834,75.72916140654547,UPLOAD,LOW
2026-01-03T02:44:40,71.84201956376415,148.5322339115349,UPLOAD,HIGH
2026-03-11T12:34:53,1.2426772051357489,170.61071107074883,PURCHASE,HIGH
2026-06-19T15:16:44,-71.52369368593885,45.047540620281694,ERROR,HIGH
2026-11-07T08:35:18,-81.76666380446889,-25.966952326018742,LOGOUT,CRITICAL
2026-02-05T20:40:05,18.740198393933184,-122.64408821301888,LOGOUT,CRITICAL
2026-10-23T01:08:02,-48.1398310222423,31.030078761939023,LOGIN,HIGH
2026-03-21T17:33:00,-88.07882896719546,48.63267014230189,LOGOUT,LOW
2026-05-21T17:37:46,-61.48074283118909,162.73966359804598,PURCHASE,CRITICAL
2026-07-08T11:06:25,6.252516507868705,-109.33955198364798,ERROR,HIGH
2026-11-01T22:05:15,33.8609483077325,142.31059810963177,UPLOAD,LOW
2026-03-08T05:54:07,33.65532844263902,-163.82201668392636,UPLOAD,CRITICAL
2026-11-10T22:54:52,-41.83107893568261,-76.83302337149861,ERROR,CRITICAL
2026-12-08T01:56:38,49.185504543739825,32.723086062261274,UPLOAD,CRITICAL
2026-01-12T08:41:29,-73.69125431965362,61.622284343205166,LOGOUT,HIGH
2026-10-21T08:17:51,-17.099165889862817,-133.54110075609293,UPLOAD,LOW
2026-06-11T03:32:06,-72.71342207686703,-174.75930728397685,UPLOAD,CRITICAL
2026-01-15T20:59:54,-63.23006224347867,-3.2798941689066226,LOGIN,LOW
2026-11-27T01:39:58,-17.382280994213886,53.61551598180017,LOGIN,CRITICAL
2026-09-11T21:35:03,-18.32091622584629,-93.2552080991534,LOGIN,LOW
2026-12-17T02:51:19,-23.10091281776093,-58.66164220228947,PURCHASE,CRITICAL
2026-02-11T00:20:46,-32.75285242360124,-39.08698590308316,ERROR,LOW
2026-06-19T04:01:14,36.95075567366952,-125.39755766300217,UPLOAD,HIGH
2026-12-07T04:32:22,54.935646461615505,-55.00081870699289,ERROR,CRITICAL
2026-03-16T21:36:25,-20.563130124967188,175.2750153807275,LOGOUT,HIGH
2026-04-05T13:17:54,86.54712509446284,-44.74200766656077,ERROR,LOW
2026-12-26T16:08:50,-64.02718733482615,-158.17924095110163,LOGOUT,LOW
2026-05-07T16:39:20,67.15651802467852,-50.548744674323416,UPLOAD,LOW
2026-05-31T09:03:42,20.599990548802523,-173.3971212766209,ERROR,CRITICAL
2026-11-07T23:35:34,77.66071798917343,114.9770071621951,UPLOAD,HIGH
2026-12-20T22:31:17,-72.55784580781838,122.45164329479672,LOGOUT,CRITICAL
2026-12-12T04:00:59,-38.24858367021275,-137.78517163037571,LOGIN,LOW
2026-09-06T10:38:24,-89.19615210098648,-39.77642926468877,UPLOAD,HIGH
2026-07-20T02:42:12,-38.304669867349546,165.65249911216802,LOGOUT,CRITICAL
2026-10-21T07:24:29,55.612983124048725,22.883502865715627,LOGIN,LOW
2026-04-18T10:35:41,-12.492843038171742,-98.94776156125504,PURCHASE,CRITICAL
2026-10-05T12:15:45,-15.464023945956427,75.2113067517096,UPLOAD,CRITICAL
2026-11-28T02:42:42,81.31147558367906,-1.2603488599487491,LOGIN,HIGH
2026-04-18T03:45:27,11.741840505574103,125.68320398008069,LOGOUT,HIGH
2026-05-25T20:16:01,22.287382359984477,-178.08667494009387,PURCHASE,HIGH
2026-12-10T03:32:29,19.908200174234295,-161.66200348166453,PURCHASE,CRITICAL
2026-08-04T07:51:19,57.85835745680774,-159.23336614214125,ERROR,LOW
2026-02-19T02:57:21,-2.0567934373493415,10.716389475032315,LOGIN,LOW
2026-11-26T15:02:16,-8.019882168013538,-85.36127945335045,LOGIN,LOW
2026-01-02T16:51:10,33.413205667801165,96.45899278816154,PURCHASE,CRITICAL
2026-11-05T18:37:58,-81.01200490088017,127.53270091546045,UPLOAD,CRITICAL
2026-12-27T05:57:11,81.16176097839332,149.60050952985273,PURCHASE,HIGH
2026-07-07T06:24:03,-52.24482906965476,15.161732307518832,LOGIN,CRITICAL
2026-04-20T19:25:01,-57.60906661116565,-69.31552820823924,ERROR,LOW
2026-07-18T06:24:09,-60.37020228618953,-62.81898526653234,LOGIN,HIGH
2026-03-05T14:41:38,-27.994614715486172,-99.46953306971213,LOGIN,HIGH
2026-09-27T07:35:34,-64.79363774381494,13.047925903366718,LOGIN,HIGH
2026-11-24T01:58:57,-23.43707277100073,-159.80903832507227,LOGOUT,HIGH
2026-03-02T23:21:22,-44.47943356438945,-150.97654824649115,ERROR,CRITICAL
2026-07-18T02:53:37,-4.682993881049541,93.87694264133614,PURCHASE,LOW
2026-10-07T10:43:42,-24.94014753419708,-105.02490882561399,UPLOAD,CRITICAL
2026-09-26T14:26:03,-68.33449842107814,11.01540765640965,PURCHASE,LOW
2026-07-19T04:24:22,-85.58768388186307,89.51671178141021,PURCHASE,LOW
2026-02-19T09:21:42,-86.028163476294,76.74657208528907,LOGIN,HIGH
2026-04-11T07:26:56,23.751054603643112,-164.98272752826952,PURCHASE,CRITICAL
2026-05-26T02:58:00,-77.80581236168966,-25.98457419148241,UPLOAD,LOW
2026-03-25T23:46:38,54.3992701091145,-124.55106995838966,ERROR,CRITICAL
2026-08-31T17:07:03,-63.82813661376463,98.74884648444265,UPLOAD,CRITICAL
2026-12-13T22:03:42,75.12706998813763,-84.5177808306631,LOGOUT,CRITICAL
2026-06-30T18:28:30,60.7256903507957,-106.89666677165619,UPLOAD,LOW
2026-09-19T21:43:32,-23.466139494850268,126.27758021142921,UPLOAD,LOW
2026-05-26T19:40:12,86.17683030085357,-47.891683067385884,LOGOUT,HIGH
2026-11-12T00:55:06,-81.8339617624219,-150.8566909019925,PURCHASE,LOW
2026-03-21T01:33:20,-4.107302599154636,39.50782793994651,PURCHASE,CRITICAL
2026-02-03T14:41:27,-65.35736474296093,-67.34241342043273,LOGIN,CRITICAL
2026-03-28T03:35:14,70.84557754878469,-39.8263686277204,PURCHASE,LOW
2026-06-17T06:13:17,-36.45353363930277,168.45158930054214,PURCHASE,CRITICAL
2026-09-27T06:24:50,-54.90741748268266,56.803429054051946,PURCHASE,CRITICAL
2026-08-20T12:48:21,85.49117686298166,-79.21854068175156,ERROR,CRITICAL
2026-10-23T09:34:55,-68.87866566874996,-168.57806033273692,UPLOAD,CRITICAL
2026-05-05T03:01:25,88.6019402712235,149.81286217031357,ERROR,CRITICAL
2026-04-01T09:01:10,52.15925393667621,154.47124684127624,LOGIN,CRITICAL
2026-06-23T21:17:52,21.126479052800335,28.41765711018678,ERROR,LOW
2026-04-04T03:35:46,85.63157291175372,93.47569776097401,LOGOUT,LOW
2026-01-04T01:01:32,-39.385601222382384,111.76190657085863,LOGOUT,LOW
2026-11-12T17:07:06,-50.036668595147624,6.53270653676492,LOGOUT,LOW
2026-09-14T20:49:53,12.599520456681702,-178.53575857977674,LOGOUT,HIGH
2026-01-11T12:32:26,19.904820253929543,76.93454591353702,LOGOUT,HIGH
2026-01-07T06:34:21,-43.46898167551911,-171.2697079766067,PURCHASE,LOW
2026-10-28T21:29:55,60.30753119534634,150.08646396388082,ERROR,HIGH
2026-07-20T01:03:16,-35.42175453816079,-165.5623640698119,ERROR,CRITICAL
2026-03-01T08:29:48,-20.034301521566604,85.75995369009081,ERROR,HIGH
2026-07-05T02:31:53,42.064483844661,38.15100990718136,ERROR,LOW
2026-06-10T12:28:47,0.6238027305143845,-51.507612512579755,ERROR,LOW
2026-07-25T19:10:23,-79.58089223679649,19.71122353424559,UPLOAD,LOW
2026-03-20T03:45:41,-55.81669063175464,127.60004293574588,UPLOAD,HIGH
2026-01-12T11:21:24,-73.19382600808855,106.97126178101723,UPLOAD,CRITICAL
2026-03-07T21:57:31,-36.9711433086882,-0.005334778612024138,ERROR,HIGH
2026-02-08T13:18:56,4.254853461916184,151.98910491632284,LOGOUT,LOW
2026-01-02T05:38:54,11.419820720415942,57.682207413904194,ERROR,LOW
2026-06-06T19:21:45,-7.129039951173169,156.42162587248163,LOGOUT,CRITICAL
2026-09-10T00:20:17,27.030821086792656,136.5693991817722,UPLOAD,CRITICAL
2026-05-31T09:01:58,-87.97080559671751,-43.77544344207362,ERROR,CRITICAL
2026-09-22T10:45:09,73.45312069538477,-157.2135886915944,LOGOUT,HIGH
2026-08-17T08:29:46,-81.54905098614078,81.68837839075513,LOGOUT,HIGH
2026-03-08T17:50:06,7.973701364973394,-84.14666789862679,PURCHASE,CRITICAL
2026-12-27T17:58:00,-85.81726747742181,16.535362001115175,LOGIN,CRITICAL
2026-06-24T14:27:10,17.420900792998083,-123.55818281124121,PURCHASE,LOW
2026-09-16T13:57:04,20.006344390928206,103.02482697578245,UPLOAD,HIGH
2026-01-04T06:10:57,-50.95012514147145,-165.13644605324086,LOGIN,CRITICAL
2026-03-24T09:10:30,-42.407314326035696,80.95699400885735,UPLOAD,CRITICAL
2026-12-22T00:11:19,63.040551708893986,138.61121014620386,PURCHASE,HIGH
2026-12-19T18:14:11,5.527347456620049,-15.820573878638982,UPLOAD,LOW
2026-11-15T10:15:38,53.70059512697139,-82.17855540620434,UPLOAD,LOW
2026-03-16T17:16:29,-44.10400215561763,144.02554427481982,PURCHASE,CRITICAL
2026-05-27T11:15:42,75.22879559225706,-15.16698561791344,LOGOUT,HIGH
2026-01-24T06:07:07,-57.09636287396706,-102.04150359863094,UPLOAD,CRITICAL
2026-01-12T11:26:54,-13.975737641886653,-27.900902113542145,ERROR,HIGH
2026-01-22T19:00:22,-32.368242696359765,50.38878215925834,UPLOAD,HIGH
2026-09-04T18:29:19,33.0753148694687,-99.87463660147567,LOGIN,CRITICAL
2026-07-13T16:13:13,40.46382069618116,-176.898881323106,LOGOUT,HIGH
2026-07-23T12:23:17,-58.86396165175502,171.22640752248054,PURCHASE,CRITICAL
2026-12-25T01:21:06,61.37176292701011,-22.026538860130813,LOGOUT,HIGH
2026-10-13T10:15:24,67.83410517430752,9.318435414888313,ERROR,LOW
2026-04-22T14:07:12,88.73171196252207,-151.09358042397983,PURCHASE,HIGH
2026-07-29T21:56:26,81.08218025109664,-144.5649337427575,ERROR,LOW
2026-10-05T10:44:25,-75.99120817283574,114.67758134120595,LOGIN,HIGH
2026-09-17T16:19:05,-29.1202720270637,173.5865730755712,PURCHASE,HIGH
2026-08-19T18:20:57,18.41198794244069,167.57204011185888,PURCHASE,LOW
2026-03-18T06:31:05,60.312059521809346,-1.1589986728755832,UPLOAD,LOW
2026-06-24T14:25:02,-49.31427858744472,110.5920590016774,PURCHASE,CRITICAL
2026-12-02T13:15:48,20.998980149378525,-32.939121451287434,LOGOUT,LOW
2026-07-25T00:10:11,-34.396588292089376,-174.9477483945227,ERROR,CRITICAL
2026-04-17T12:07:06,38.69688514463127,-35.649520970106295,LOGIN,LOW
2026-05-09T22:57:31,-10.400774472775012,-74.05110131009175,ERROR,LOW
2026-02-15T09:04:00,17.981770117600547,71.26963686108905,UPLOAD,CRITICAL
2026-05-03T23:01:57,61.64988008840544,-56.53992632623189,LOGOUT,HIGH
2026-12-17T16:11:10,-28.1514805591259,127.45313903876752,LOGOUT,HIGH
2026-05-10T18:02:27,11.198976053928618,-28.112092132238956,ERROR,LOW
2026-08-25T22:50:46,-57.84199488863587,38.556518701758705,ERROR,LOW
2026-02-22T12:48:54,86.88171974831093,-28.79153303813601,UPLOAD,HIGH
2026-01-17T23:02:48,-11.978141070028414,-171.55047002731615,PURCHASE,HIGH
2026-02-10T11:20:23,-49.020371787119466,-121.08929307918635,LOGOUT,CRITICAL
2026-06-08T02:57:21,30.765534913229857,9.221158912086736,LOGOUT,CRITICAL
2026-02-22T09:54:19,54.627263818084884,120.35380179510133,UPLOAD,CRITICAL
2026-06-01T13:38:42,-65.19119718727207,-51.06545453605307,PURCHASE,HIGH
2026-09-10T02:49:41,0.1787514473149372,-28.3435807584394,UPLOAD,HIGH
2026-12-13T23:27:48,-12.468650959937605,-148.72442348493334,LOGOUT,HIGH
2026-06-05T21:43:49,-22.873437929877866,-83.27333993529513,UPLOAD,LOW
2026-08-06T07:28:48,74.50482127210591,-107.72237824931366,LOGIN,CRITICAL
2026-04-29T14:35:41,59.837929002674855,28.664065435047206,ERROR,LOW
2026-07-06T19:37:04,-48.273396545340205,-48.37230919700747,ERROR,LOW
2026-01-21T07:21:03,41.35414849137402,-126.48745226940414,ERROR,HIGH
2026-12-01T16:19:15,-38.633655056630076,-39.47002091101646,LOGIN,CRITICAL
2026-11-07T10:43:52,-11.89088155638855,-77.49248491411942,LOGIN,CRITICAL
2026-12-19T06:32:49,64.28624834899423,-177.71224992793478,UPLOAD,LOW
2026-06-16T20:59:49,-19.398981004869697,120.43117046179214,UPLOAD,HIGH
2026-04-30T23:12:33,-28.83266739772148,-68.04653244631653,LOGOUT,LOW
2026-01-22T05:38:34,-72.7045081151823,138.63076289604487,PURCHASE,HIGH
2026-02-20T14:25:09,27.81444677959948,132.9062528664578,PURCHASE,CRITICAL
2026-09-26T07:28:36,-61.87123712307958,116.0125190133557,PURCHASE,LOW
2026-11-15T23:29:05,38.535002049029345,-57.645066086373916,UPLOAD,CRITICAL
2026-07-16T16:25:35,78.10839936677553,-15.21028513352104,LOGOUT,LOW
2026-07-13T19:42:54,49.27126625546455,-108.6137764392457,LOGIN,HIGH
2026-06-04T02:47:16,-22.767054380680463,98.68602517510004,ERROR,CRITICAL
2026-12-11T07:59:09,-70.92223578503118,89.81418044176996,LOGIN,CRITICAL
2026-07-26T16:35:46,32.17600420274076,-34.55411620167942,LOGIN,LOW
2026-11-13T00:50:06,-0.9561980010779649,-103.17635535582588,PURCHASE,LOW
2026-09-06T06:59:25,-63.57181188190031,-167.9309902923534,LOGIN,HIGH
2026-04-15T18:06:27,-58.29413543205641,172.34843943281186,ERROR,HIGH
2026-04-06T05:25:25,-34.179932849341824,27.11104357756298,PURCHASE,CRITICAL
2026-06-10T17:48:12,-29.082320442596654,150.34091171011391,PURCHASE,LOW
2026-11-26T02:01:54,-32.421457654476825,-110.71306867598554,ERROR,HIGH
2026-09-18T22:39:58,62.959059383042415,-151.36851020597118,ERROR,LOW
2026-03-02T22:59:40,1.5022172579283932,72.4028999081612,PURCHASE,LOW
2026-10-06T11:22:42,60.92753244053699,145.15870558777294,UPLOAD,CRITICAL
2026-10-08T01:51:50,-0.26407106365918764,-50.70590722693487,UPLOAD,HIGH
2026-12-25T11:20:33,-33.04305343717035,155.51765640049564,LOGOUT,LOW
2026-04-12T02:26:45,40.25478879031144,62.31805357288866,PURCHASE,LOW
2026-11-03T13:24:13,83.59708633493742,85.59188814786444,LOGOUT,LOW
2026-01-20T07:33:11,55.04823338390605,-144.37083256414647,PURCHASE,CRITICAL
2026-03-31T17:00:03,-86.31530207505726,57.19260400977109,LOGOUT,CRITICAL
2026-07-12T05:48:18,-7.562775709604054,-79.46974317603983,PURCHASE,LOW
2026-03-30T12:11:38,49.62710119158746,171.0954795209521,UPLOAD,CRITICAL
2026-05-01T00:51:28,-27.890827490099184,-15.642290196507929,ERROR,HIGH
2026-09-27T05:21:24,25.839592603318522,-78.34702524441664,LOGIN,HIGH
2026-11-29T17:39:34,71.6482058543013,159.51299908452324,LOGOUT,HIGH
2026-09-05T02:39:21,24.562375676730397,-38.396010555521826,PURCHASE,CRITICAL
2026-07-06T17:37:42,-62.938835459370374,132.4267873474726,UPLOAD,LOW
2026-09-14T21:35:34,49.23966626262248,-143.0011835496772,LOGIN,HIGH
2026-06-25T00:39:47,23.007426870019756,105.20546344874776,LOGIN,LOW
2026-01-13T12:02:49,17.358586959652868,-20.774680962763057,PURCHASE,HIGH
2026-03-09T11:23:14,20.44956990640732,-120.58435344384279,UPLOAD,LOW
2026-01-26T15:25:31,-21.73135180406379,-86.5175777136653,LOGIN,LOW
2026-07-15T06:05:26,-67.20346513196245,-52.02147735557422,PURCHASE,CRITICAL
2026-07-02T11:10:06,84.52991202076547,-161.8874368942971,LOGOUT,HIGH
2026-07-20T06:50:27,16.58511365099993,-179.3646320457798,PURCHASE,HIGH
2026-08-07T22:33:54,13.13572780950112,-148.10624591858806,UPLOAD,CRITICAL
2026-04-12T09:05:25,-48.852940592096466,64.27681085220289,PURCHASE,HIGH
2026-05-17T00:49:41,83.02652896237186,54.23624346449455,LOGOUT,HIGH
2026-03-21T10:46:49,75.44250806974546,-80.91615185056193,ERROR,CRITICAL
2026-01-11T10:02:22,2.540242068402762,-172.76137658070456,LOGOUT,LOW
2026-10-12T23:01:47,-46.91874290730197,-61.63964793289878,PURCHASE,LOW
2026-05-06T07:34:40,77.93225274208183,14.355477018851815,PURCHASE,HIGH
2026-08-29T13:01:00,-86.30103697153328,-9.869761501717306,LOGIN,LOW
2026-07-23T03:09:08,-60.56315024794367,49.382998021480034,LOGIN,LOW
2026-06-02T19:13:03,-34.45787165515339,-125.2120960199983,UPLOAD,LOW
2026-05-05T00:25:37,-43.91504610133432,96.54020859660926,UPLOAD,CRITICAL
2026-08-15T15:46:16,-50.866309269527605,-12.816161596529696,ERROR,LOW
2026-07-09T08:41:47,-79.51686586003072,128.06419916580126,ERROR,LOW
2026-08-30T10:48:48,-23.215166848448305,52.313237933456236,LOGIN,CRITICAL
2026-06-06T04:35:42,77.8756965952083,-41.46120160264394,LOGOUT,LOW
2026-06-22T08:22:25,-17.160448489524683,155.40296652863503,LOGOUT,LOW
2026-06-15T23:46:25,-29.75216149135889,-124.947863808319,ERROR,CRITICAL
2026-07-23T23:55:33,-80.53618590563401,85.9359316288822,LOGIN,HIGH
2026-07-19T09:27:34,21.87213644217249,104.81220623329216,LOGOUT,HIGH
2026-08-23T16:09:56,76.42976517290137,-0.4472543443180257,PURCHASE,LOW
2026-09-29T23:54:38,84.69419447569678,-111.30793077264745,UPLOAD,CRITICAL
2026-06-18T19:18:25,60.44449590280709,-109.74082663678313,UPLOAD,LOW
2026-11-11T20:50:12,3.4521777488106267,-49.698491843343845,PURCHASE,LOW
2026-12-03T11:06:49,32.19531629361053,31.0422712290663,LOGOUT,CRITICAL
2026-12-22T03:34:32,-24.78202550539865,170.31382902382006,UPLOAD,LOW
2026-07-24T18:51:56,-60.19587358863144,111.08642796315746,UPLOAD,LOW
2026-02-09T01:44:30,-14.506273086451046,150.4581052562957,LOGIN,HIGH
2026-08-23T06:57:08,40.22983151608787,-67.08335057094027,ERROR,HIGH
2026-06-23T08:07:35,63.40729478129907,15.62237843292047,ERROR,LOW
2026-05-21T05:51:24,25.700502095138262,84.44679260698837,LOGOUT,LOW
2026-01-28T10:45:26,85.68336767381328,-19.450546751264397,LOGOUT,LOW
2026-11-04T23:05:54,29.725573646795382,50.812661555061965,ERROR,HIGH
2026-12-15T06:15:23,-21.073891085575625,-157.11389167715703,ERROR,CRITICAL
2026-02-06T19:18:07,64.68667047964365,-43.394444809264826,LOGIN,LOW
2026-02-13T17:07:49,54.47304594271583,108.63762711990142,LOGIN,LOW
2026-07-13T16:20:02,5.101904096805384,-69.23084915691436,UPLOAD,CRITICAL
2026-05-19T13:23:37,69.80488767440391,115.80648919827786,ERROR,LOW
2026-10-26T10:28:19,-89.1002431274483,-136.57515235886106,LOGOUT,HIGH
2026-03-30T06:38:03,2.292462449859727,54.66458930989032,ERROR,LOW
2026-02-07T02:37:32,20.53196762525893,-178.99328560288205,LOGOUT,HIGH
2026-11-21T03:49:39,71.52865833754646,175.05977493010187,LOGOUT,LOW
2026-10-11T13:48:47,10.131952644732081,48.13090925810084,LOGOUT,CRITICAL
2026-12-05T06:14:40,76.59424552285688,-0.7418097308694485,ERROR,LOW
2026-03-11T12:16:11,-18.860001087568463,5.621928002511822,UPLOAD,HIGH
2026-05-04T05:04:16,-55.00173601513621,-152.38406517453663,PURCHASE,LOW
2026-09-17T13:19:18,-43.17346426295114,105.55503721763284,UPLOAD,HIGH
2026-02-22T00:56:57,64.6640650789391,-170.53648143999075,PURCHASE,HIGH
2026-08-23T00:33:48,-55.29326042590648,-145.07073378731926,PURCHASE,HIGH
2026-09-12T01:01:19,19.56735482944542,111.31643445700035,LOGIN,CRITICAL
2026-10-02T08:52:37,11.607360598515683,57.51343650564351,PURCHASE,CRITICAL
